sentence1,sentence2,score
طائرة ستقلع,طائرة جوية ستقلع,1.0
رجل يعزف على ناي كبير,رجل يعزف على الناي.,0.76
رجل ينشر الجبن الممزق على البيتزا,رجل ينشر الجبن الممزق على بيتزا غير مطبوخة,0.76
ثلاثة رجال يلعبون الشطرنج.,رجلين يلعبان الشطرنج.,0.52
رجل يعزف على التشيلو,رجل جالس يعزف على التشيلو,0.85
بعض الرجال يقاتلون,رجلين يتشاجران,0.85
رجل يدخن,رجل يتزلج,0.1
الرجل يعزف البيانو.,الرجل يعزف على الجيتار.,0.32
رجل يعزف على الجيتار ويغني,امرأة تعزف على غيتار صوتي وتغني.,0.44
شخص يرمي قطة على السقف,شخص يرمي قطة على السقف,1.0
الرجل ضرب الرجل الآخر بعصا.,الرجل صفع الرجل الآخر بعصا.,0.84
إمرأة تَلتقطُ ويَحْملُ a كنجارو طفل.,إمرأة تَلتقطُ وتَحْملُ a طفل كنجارو في ذراعيها.,0.92
رجل يعزف على الناي.,رجل يعزف على ناي من الخيزران,0.77
شخص يطوي قطعة من الورق,شخص ما يطوي قطعة من الورق.,0.93
رجل يركض على الطريق,كلب الباندا يركض على الطريق,0.33
كلب يحاول الحصول على اللحم المقدد من ظهره.,الكلب يحاول أن يأكل اللحم المقدد على ظهره,0.75
الدب القطبي ينزلق على الثلج.,دب قطبي ينزلق عبر الثلج.,1.0
امرأة تكتب.,امرأة تسبح.,0.1
القطة تفرك وجه الطفل,القطة تفرك ضد الطفل.,0.76
الرجل يركب حصاناً.,رجل يركب حصاناً,1.0
رجل يسكب الزيت في وعاء,رجل يسكب النبيذ في وعاء,0.64
رجل يعزف على الجيتار.,فتاة تعزف على الجيتار.,0.56
الباندا ينزلق أسفل الشريحة.,الباندا ينزلق في زلاجة.,0.92
امرأة تأكل شيئاً ما,امرأة تأكل اللحم,0.6
امرأة تقشر البطاطا,امرأة تقشر البطاطا.,1.0
سقط الصبي من دراجته,فتى يسقط من دراجته,0.96
المرأة تعزف على الناي,امرأة تعزف على الناي.,1.0
الأرنب يهرب من النسر,الأرنب يهرب من النسر,0.84
المرأة تقلي شريحة لحم خنزير مخبوزة.,امرأة تطبخ شريحة لحم خنزير مخبوزة.,0.84
فتاة تطير طائرة ورقية,فتاة تركض هي طائرة ورقية تطير,0.8
رجل يركب ثور ميكانيكي,رجل ركب ثور ميكانيكي,0.8
الرجل يعزف على الجيتار.,رجل يعزف على الجيتار.,0.98
امرأة ترقص وتغني مع نساء أخريات,امرأة ترقص وتغني في المطر.,0.6
رجل يقطّع كعكة,رجل يقطع بصلة,0.48
رجل يسكب الزيت في وعاء,رجل يسكب الزيت في المقلاة,0.84
الأسد يلعب بالناس,أسد يلعب مع رجلين,0.68
كلب يركب لوح التزلج,كلب يركب لوح التزلج,1.0
أحدهم ينحت تمثالاً,رجل ينحت تمثالاً,0.75
امرأة تقطع بصلة,رجل يقطع بصلة,0.55
امرأة تقشر الجمبري,امرأة تقشر الجمبري,1.0
امرأة تقلي سمكاً.,امرأة تطبخ السمك,0.8
امرأة تعزف على غيتار كهربائي.,امرأة تعزف على الجيتار.,0.72
طفل نمر يلعب بالكرة,يَلْعبُ a طفل مع a دمية.,0.32
شخص يقطع الطماطم,شخص يقطع بعض اللحوم,0.35
شخص يقطع بصلة,شخص يقطع بصلة,1.0
رجل يعزف على البيانو.,امرأة تعزف الكمان.,0.2
امرأة تعزف على الناي.,رجل يعزف على الجيتار.,0.2
رجل يقطع البطاطا,رجل يقطع الجزر,0.47
طفل يعزف على الجيتار.,فتى يعزف على الجيتار.,0.76
فتى يعزف على الجيتار.,رجل يعزف على الجيتار.,0.64
رجل يعزف على الجيتار.,فتى يعزف على الجيتار.,0.64
صبي صغير يعزف على لوحة المفاتيح.,فتى يلعب على لوحة المفاتيح,0.88
رجل يعزف على الجيتار.,رجل يعزف على غيتار كهربائي,0.75
كلب يلعق طفل,كلب يلعق طفلاً,0.95
امرأة تقطع بصلة,الرجل يقطع البصل,0.64
رجل يعزف على الجيتار.,رجل يعزف الطبول.,0.31
امرأة تقطع فلفل.,امرأة تقطع فلفل أحمر,0.79
رجل يعزف الطبول.,رجل يعزف على الطبول,1.0
امرأة تركب حصاناً,امرأة تركب حصاناً,1.0
رجل يأكل موز بجانب شجرة.,رجل يأكل موزة.,0.8
القطة تلعب على لوحة المفاتيح,رجل يعزف على لوحة مفاتيح,0.32
رجل يقطع شجرة بالفأس,رجل قطع شجرة بفأس.,0.95
طفل يلعب مع هاتف لعبة.,صبي صغير يلعب مع هاتف لعبة.,0.7
رجل يركب دراجة نارية,رجل يركب حصاناً,0.28
رجل يركب دراجة نارية,رجل يركب حصاناً,0.28
السنجاب يدور في دوائر.,السنجاب يركض في دوائر,0.8
رجل وامرأة يقبلان بعضهما,رجل وامرأة يقبلان بعضهما,1.0
رجل يدخل في سيارة,رجل يدخل سيارته في المرآب,0.77
رجل يرقص,رجل يتحدث,0.12
رجل يعزف على الجيتار ويغني,رجل يعزف على الجيتار.,0.58
شخص يقطع الفطر,شخص يقطع الفطر بسكين,0.84
طفل نمر يصدر صوتاً,نمر يتجول,0.4
شخص يقطع البصل,شخص يقشر بصلة,0.52
رجل يعزف على البيانو.,رجل يعزف على البوق,0.32
امرأة تقشر البطاطا.,امرأة تقشر تفاحة,0.4
بانكدا يأكل الخيزران,دب الباندا يأكل بعض الخيزران.,0.84
شخص يقشر بصلة,شخص يقشر الباذنجان,0.4
القرد يدفع القرد الآخر,القرد دفع القرد الآخر.,0.96
السنجاب يركض في دوائر,السنجاب يتحرك في دوائر,0.88
رجل يربط حذائه,رجل يربط حذائه,1.0
صبي يغني ويعزف البيانو.,فتى يعزف البيانو.,0.6
الكلب يأكل البطيخ.,الكلب يأكل قطعة من البطيخ.,0.85
امرأة تقطع القرنبيط.,امرأة تقطع القرنبيط بسكين.,0.85
رجل يقشر البطاطا,رجل قشر بطاطا,0.76
امرأة تعزف على الجيتار.,رجل يعزف على الجيتار,0.48
امرأة تقطع الطماطم.,رجل يقطع البصل,0.32
رجل يسبح تحت الماء,امرأة تسبح تحت الماء,0.4
رجل وامرأة يتحدثان,رجل وامرأة يأكلون,0.32
كلب صغير يطارد كرة اليوغا,الكلب يطارد الكرة,0.8
الرجال يلعبون الكريكيت,الرجال يلعبون كرة السلة,0.44
رجل يركب دراجة نارية,رجل يركب دراجة نارية,0.88
رجل يعزف على الجيتار.,رجل يغني ويعزف على الجيتار.,0.72
تحدث الرجل على الهاتف.,الرجل يتحدث على الهاتف.,0.72
رجل يصطاد السمك,رجل يتمرن,0.1
رجل يطير,رجل يتحدث,0.16
اثنان من الأولاد يقودون,خليجان يرقصان,0.12
رجل يركب حصاناً,فتاة تقود حصاناً,0.52
رجل يركب دراجة,قرد يركب دراجة,0.4
رجل يقطع البطاطا,امرأة تقشر البطاطا.,0.44
امرأة تقشر البطاطا.,رجل يقطع البطاطا,0.48
رجل يعزف على الجيتار.,شخص ما يعزف على الجيتار,0.72
امرأة تقطيع البيرة.,امرأة تقطع الزنجبيل,0.44
الرجل قطع طبق من الورق.,رجل يقطع صحن من الورق,0.96
الرجل يعزف على الجيتار.,رجل يعزف على الناي.,0.33
رجل يعزف على البيانو.,الرجل يعزف الكمان.,0.35
امرأة تقطع بعض اللحوم,امرأة تخبز بعض اللحم,0.45
رجل يعزف على لوحة المفاتيح,رجل يعزف على البيانو,0.8
قطعت السيدة البصل الأخضر.,قطعت السيدة بصل أخضر.,0.96
أحدهم يضع المعكرونة في الماء,امرأة تغلي المعكرونة في الماء,0.64
(ليونيل ريتشي) يرقص على السقف,(ليونيل ريتشي) يرقص بينما يقف على السقف,0.8
رجل يعزف على البيانو.,شخص يعزف على البيانو.,0.88
امرأة تعزف على الناي.,امرأة تعزف على الناي,0.92
فتى يتفحص التقويم,فتى ينظر إلى التقويم,0.76
امرأة تقطع بصلة,امرأة تقطع البصل.,0.96
رجل يعزف على الجيتار.,رجل يعزف على الجيتار,0.97
امرأة تستخدم آلة خياطة,امرأة تخيط على آلة.,1.0
امرأة تقلب الفطائر,طباخ كرتون يقلب الفطائر,0.51
رجل يركض على الطريق,هناك سيارة تسير على الطريق.,0.2
رجل يركب حصاناً,هناك رجل يتحدث على الهاتف,0.2
رجل يركب دراجة,رجل يركب حصاناً,0.4
امرأة ترقص,رجل يأكل,0.03
رجل يعزف على البيانو.,رجل يعزف على الناي.,0.4
رجل يعزف على الناي.,رجل يعزف على البيانو.,0.32
رجل يدور,رجل يرقص,0.32
القرد يتأرجح من طرف إلى آخر,قرد يتأرجح من شجرة إلى أخرى,0.68
لقد نزل الناس من القطار,نزل الناس من القطار في المحطة.,0.8
الكلب يقفز على الترامبولين,كلب يقفز على الترامبولين,0.96
فتى يعزف على آلة موسيقية.,رجل يعزف على البوق,0.5
امرأة تعزف على الجيتار,رجل يغني ويعزف على الجيتار,0.35
امرأة تلتقط علبة,امرأة تقطيع طماطم.,0.2
رجل يتسلق حبل,رجل يتسلق حبل,1.0
رجل يرفع سيارة,رجل يتسلق جداراً,0.28
رجل وامرأة يسيران في الشارع في سيارة جيب,رجل وامرأة يقودان على الطريق في سيارة مفتوحة.,0.8
جلس الرجل العاري القميص على كرسي.,رجل بلا قميص يجلس على كرسي.,0.76
إمرأتين تتصارعان,امرأتان يتصارعان على الأرض,0.8
لعب الجرو مع كرة تنس زرقاء.,جرو يلعب بكرة تنس,0.8
الكنغر يأكل شيئاً ما,الكنغر يأكل,0.96
القطة تعزف على البيانو.,رجل يعزف على الجيتار.,0.12
الرجل قطع بعض السجاد بسكين.,رجل يقطع السجادة بسكين,0.95
امرأة تقود دراجة نارية على الطريق,رجل يركب دراجة نارية,0.44
أحدهم يقطع خضروات,شخص ما يقطع الطماطم.,0.6
امرأة ترقص,رجل يتحدث,0.0
الكلب يلعق لعاب الطفل,كلب يلعق طفل,0.44
رجل يجدف قارباً,رجل يقطع الطماطم,0.08
رجل يقطع البطاطا,رجل يقطع البطاطا,0.96
امرأة تقطع الثوم.,المرأة تقطع الثوم,0.96
حيوان يركض في دوائر,السنجاب يركض في دوائر,0.76
رجل يسير ببطء عبر جسر حبل.,فتى يسير عبر الجسر.,0.6
رجل يعزف على الجيتار.,رجل جالس في غرفة يعزف على الجيتار.,0.8
رجل يعزف على الناي,رجل يعزف على الناي.,1.0
امرأة تكسر بيضتين في وعاء زجاجي.,امرأة تكسر بيضة في وعاء.,0.76
رجل يقطّع سمكة,رجل يمزق سمكة,0.6
رجلين يحزمان حقائبهما في صندوق سيارة,الرجال يضعون الحقائب في صندوق السيارة,0.88
رجل يصب الزيت على بعض الطماطم,صب الرجل الزيت على الطماطم المقطوعة.,0.76
رجل يقطع شيئاً ما,رجل يقطّع كعكة,0.6
رجل يجدف قارب,رجل يعزف على القيثارة,0.13
رجل وامرأة يسيران معاً في الغابة,رجل وامرأة يسيران ذراع في ذراع من خلال منطقة غابات.,0.8
إمرأة التقطت الكنغر.,امرأة تلتقط طفلاً من الكنغر,0.75
الأسماك تسبح,السمكة تسبح,0.83
إمرأتان يختلطان شيئاً في آلة تجهيز الطعام,إمرأتان يصنعان شيئاً في الخلاط,0.8
شخص يسبح على موجة كبيرة,شخص ما يتزلج.,0.72
رجل يعزف على الجيتار.,رجل يطعن هدفاً,0.24
رجل يعزف على الناي في فرقة موسيقية,رجل يعزف على الجيتار.,0.32
قام الرجل بنشر الزبدة على رغيف الخبز.,رجل ينشر الزبدة على الخبز.,0.8
شخص يغلي المعكرونة,امرأة تغلي المعكرونة في الماء,0.8
مجموعة من الناس يرقصون على تلة.,مجموعة من الناس يرقصون.,0.64
هناك رجل يرقص بالخارج,رجل يعزف على الناي.,0.2
امرأة تطعم رجل,امرأة تخلط اللحم,0.2
رجل يضع المقلاة في الفرن,امرأة تقطع بصلة,0.12
امرأة تجلس على مكتب.,امرأة تركب حمار,0.08
الأطباء ينقلون المريض على النقالة,طبيب يسرع مريض على النقالة,0.68
امرأة تعزف على الناي على المسرح.,المرأة تعزف على الناي,0.72
طفلين من الباندا يلعبان.,اثنين من الباندا يضعون معا.,0.6
طفل يضحك,طفل يضحك و يضحك,0.8
رجل يعزف على الجيتار.,فتى يعزف على البيانو.,0.24
رجل يطوي ورقة,امرأة تقطع فلفل.,0.12
ثلاث نساء يرقصن.,الرجل يرقص,0.32
القطط تلعب مع بعضها البعض.,قطتان تقاتلان بعضهما البعض,0.52
شخص يكتب.,شخص يكتب بقلم رصاص,0.72
هناك رجل يركض,رجل يركض على الطريق,0.7
المرأة تقوم بتدحرج العجينة,امرأة تطهو الطحين وتدحرج العجينة,0.75
امرأة تضيف التوابل على اللحم,المرأة تضيف السكر إلى اللحم.,0.55
امرأة تضيف الزيت على الأسماك,امرأة تصب الماء على الأسماك,0.45
صبي صغير يحمل غيتار.,صبي صغير يعزف على الجيتار.,0.55
الفهد يركض,الفهد يركض عبر الحقل.,0.76
الرجل يأكل البيتزا.,رجل يأكل شريحة بيتزا.,0.96
قرد أورانغوتان يقود حافلة,قرد يركب حافلة,0.72
رجل وامرأة يتحدثان في مطعم,رجل وامرأة يركبان دراجة,0.24
رجل يعزف على الجيتار.,رجل ينظف باب زجاجي,0.08
فتاة تغني وتعزف على الجيتار.,شاب يغني بينما يعزف على الجيتار.,0.48
فتاة تتواصل بلغة الإشارة,فتاة صغيرة تستخدم لغة الإشارة,0.79
امرأة تقوم بتمرينات الأثقال,امرأة تصفف شعرها,0.1
رجل يدخل في سيارة,رجل مسن يدخل في سيارة حمراء,0.75
كرة خضراء كبيرة تقلب البطاطا,كرة خضراء كبيرة تضرب البطاطا,0.8
القطة تعزف على لوحات المفاتيح.,القطة تعزف على البيانو.,0.6
كلبان يسبحان في بركة.,الكلاب تسبح في بركة.,0.84
الرجل استخدم مروحية لقطع البصل.,استخدم الرجل آلة لتقطيع البطاطا.,0.4
امرأة تقطيع توفو.,امرأة تقطع التوفو,1.0
قطيع من الغزلان يعبرون الشارع,قطيع من الكاريبو يعبر الطريق,0.6
الشخص يركب الحصان,رجل يركب حصاناً,0.76
شخص ما يطعم حيوان,شخص ما يعزف على البيانو.,0.0
أحدهم يقطّع الكعكة,أحدهم يركب حصاناً,0.0
شخص ما يخلط المكونات,أحدهم يخيط الأشياء,0.05
الدجاجة تنقر على فأر ميت,دجاجة تنقر فأر ميت,0.8
امرأة تحمل كينغارو,امرأة تلتقط كينغارو,0.65
رجل يلعب مع الضفادع,القطة تلعب بالكاميرا.,0.15
رجلين يتحدثان,رجلين يعزفان الجيتار.,0.3
رجل ينشر الزبدة على قطعة كبيرة من الخبز,رجل يدهن الزبدة على شريحة من خبز الثوم,0.7
رجل يركض عبر سلك عال,رجل يركض على الحبل,0.6
رجل يقص العشب,امرأة تقطع ليمونة,0.04
رجل يفتح الباب,رجل يعزف على الجيتار.,0.16
رجل يقطع البطاطا إلى قطع.,رجل يقطع البطاطا,0.84
المرأة تقطع الأخطبوط المطبوخ,امرأة تقطّع أخطبوطاً,0.76
رجل يطرق الألواح,كلب يركض في الماء.,0.08
رجل يرقص,رجل يأكل الخبز.,0.16
شخص ما يعزف على البيانو.,رجل يعزف على الجيتار.,0.24
ثعلبان يأكلان من طبق على فناء من الطوب,الثعالب تأكل من طبق,0.56
فتى يعزف على لوحة المفاتيح,فتى يعزف البيانو.,0.64
شخص يعزف على لوحة المفاتيح,شخص ما يعزف على لوحة المفاتيح.,1.0
رجل يطلق النار,رجل يبصق,0.0
أحدهم يقطع بصلة.,أحدهم يقشر البطاطا,0.2
رجل يسبح.,امرأة تقطع اللحم,0.0
رجل يعزف على الجيتار.,رجل يعزف على الجيتار الصوتي,0.75
امرأة تقطيع اليقطين.,امرأة تركب فيل,0.08
امرأة ترقص,امرأة تخبز العجينة,0.08
امرأة تكسر البيض في وعاء.,امرأة تضع طعاما على رف.,0.12
سيارة تتحرك عبر الطريق,هناك سيارة تسير على الطريق.,0.8
أحدهم يدهن المقلاة,(سميون) يستلقي.,0.08
رجل يعزف على الجيتار.,رجل يستنزف المعكرونة,0.08
امرأة تشرب الفودكا,امرأة تمارس الرياضة,0.08
امرأة تقطع اللحم إلى قطع.,امرأة تقطع بعض اللحم,0.96
رجل يغسل شريحة لحم,رجل يعزف على الجيتار.,0.12
رجل يبيع أشياء,رجل ينظف المنزل,0.16
رجل يقفز فوق حائط,رجل يقفز على جدار قصير,0.64
المتسابقون يتسابقون حول المسار,المتسابقون يتنافسون في سباق.,0.64
رجل يركل كرة القدم,رجل يخلط وعاء,0.12
امرأة تقلي شيئاً,امرأة تركب حصاناً,0.12
القطة تلعق القطة,امرأة تقطيع الخيار.,0.0
امرأة ترقص بالقرب من النار,امرأة تستحم,0.28
الرجل يقطع سمكة مفتوحة,رجل يقطع البطاطا,0.44
الزبدة تذوب في المقلاة,رجل يذوب الزبدة في مقلاة.,0.72
ثلاثة أولاد يرقصون.,الأطفال يرقصون,0.62
امرأة تلعب لعبة مع رجل,رجل يعزف البيانو.,0.12
الرجل يقود سيارة بيضاء.,رجل يعطي مقابلة.,0.08
رجل كان يقود سيارته,رجل يقود سيارة,0.85
سيارة تتراجع عن مساحة,سيارة تتراجع عن مسار مسدود,0.6
رجل يضع بعض الجبن على البيتزا,الرجل رش الجبن على البيتزا.,1.0
الفتى يعزف البيانو.,فتى يعزف البيانو.,1.0
الرجل عزف على غيتاره.,رجل يعزف على الجيتار.,0.75
رجل يركب حصاناً,رجل يعزف على لوحة المفاتيح,0.04
رجل يسير على الحبل,رجل يركب الـ (موباد),0.08
فتاة تعزف على الناي.,فرقة موسيقية تعزف على المسرح.,0.26
الناس ينزلون من القطار,مجموعة من الناس ينزلون من القطار,0.92
امرأة تخيط على آلة.,امرأة تخبز بعض اللحم,0.12
كلب ينظر إلى حمام السباحة,الكلب يسير حول بركة.,0.4
رجل يدهن قطعة من الخبز,رجل يضع الزبدة على الخبز,1.0
رجل يقطع الطماطم إلى قطع.,امرأة تقطع بعض الخضروات,0.36
ثلاث بنات مراهقات رقصن في الغرفة.,بعض الفتيات المراهقات يرقصن للكاميرا,0.48
أسد يسير.,أسد يتجول في القفص,0.48
رجل يطلق النار على سيارة,رجل يقطع البطاطا,0.08
هناك حصان أسود يركض في الجوار,الحصان يركض,0.84
إمرأة تشتري الروبيان,رجل يرقص تحت المطر,0.0
رجل يركب حصاناً,امرأة تغسل ثلاجة.,0.0
رجل يسير في طريق,رجل يسير عبر حبل ضيق,0.16
رجل يقطع البطاطا,امرأة تقطّع فاكهة جيلي بينو.,0.28
الكلب ينبح في الكرة,الكلب يسبح خلف كرة التنس,0.3
طفل يهرب من سمكة تتأرجح على عصا الصيد,طفل صغير يركض حول عصا الصيد,0.5
رجل يسير على طول طريق عبر البرية.,رجل يسير على الطريق,0.5
رجل مسن يتحدث على منصة.,رجل يلقي خطاباً على المنصة,0.7
رجل يركب حصاناً في حركة بطيئة,رجل يركب حصاناً,0.68
شخص ما يقطع بعض الجبن البوراتا.,الشخص يقطع الجبن,0.76
الرجل يطلق النار من بندقية آلية,رجل يطلق النار,0.76
رجل يسحق الثوم بظهر سكين.,امرأة تقطع اللحم بسكين.,0.3
إمرأة تقوم بتصفيف أظافرها بلوحة الزئبق.,امرأة تطعم طفلها من زجاجة.,0.1
رجل يركب لوح التزلج,امرأة تقطع البطاطا.,0.0
امرأة تستحم,رجل يركب حصان أبيض,0.0
رجل يرقص,رجل يركب حصاناً,0.16
رجل يجدف قارباً,رجل يطلق النار من مسدس,0.17
رجل يتأرجح من حبل متصل بالسقف,رجل يتأرجح على حبل,0.68
امرأة تقود حصاناً على الشاطئ,رجل يحمل رجل آخر على ظهره,0.08
رجل يحمل حيوان صغير في يده,رجل يتباهى بقرد صغير,0.35
شخص يطوي قطعة ورق مربعة.,رجل يطوي ورقة,0.65
شخص يُقلي اللحم في مقلاة.,شخص يحمل حشرة.,0.15
قرد شمبانزي يؤذي إمرأة,رجل يقود سيارة,0.0
المرأة تقشر الجمبري,الرجل يحمل ليمور,0.0
هناك حمار وحشيين يلعبان.,الزبرات تتشاجر,0.85
امرأة تقطع الزبدة,امرأة تقطيع توفو.,0.36
بعض الرجال يعزفون الجيتار,ثلاثة رجال يعزفون الجيتار ويغنون معاً.,0.64
رشّت الفيلة الماء على نفسها.,الفيلة ترش نفسها بالماء,0.72
كان هناك كلب يجلس على عداد المتجر.,الكلب يقف عند المنضدة.,0.52
أحدهم حفر حفرة في شريط من الخشب بمثقاب كهربائي,رجل يحفر حفرة في قطعة خشب,0.64
امرأة تقطع بعض الخضروات,المرأة تقطع الثوم,0.56
إن الدبور يحفر حفرة.,هناك خنزير يحفر في الأرض,0.92
امرأة تتزلج على الماء في بحيرة.,رجل يعزف على الناي.,0.0
فتاة تعزف على الكمان.,طفل يضحك و يضحك,0.05
طائرة هليكوبتر تهبط على مهبط للطائرات.,هليكوبتر هبطت,0.78
امرأة تقطع دجاجة,امرأة تقطع اللحم,0.55
امرأة تقطع خيارًا.,رجل يعزف على الجيتار.,0.0
امرأة تركب فيل أمام حشد من المعجبين,امرأة تركب فيل,0.6
جرو ينزلق للخلف على الأرض,الجرو يدفع نفسه للخلف,0.76
امرأة تقسم فصوص الثوم,امرأة تكسر رأس ثوم إلى دقيق.,0.92
كلب ينظر إلى حمام السباحة,كلب يسير على حافة بركة.,0.52
إمرأة تخلط علاج التجميل في كوب,امرأة تخلط كريم في كوب مع ملعقة.,0.72
رجل يرسم صورة,شخص يرسم,0.72
امرأة تقطف الطماطم,امرأة تصب الخبز في وعاء.,0.2
رجل ينظر إلى شاشة كمبيوتر,رجل يستخدم حاسوب محمول,0.55
الصبي يركب دراجة ثلاثية,امرأة تقود دراجة مائية,0.25
رجلين يتنافسان في سباق التدحرج,شخصان قلبا إطارات الجرار في سباق,0.55
شخص يقطع اللحم,شخص يركب ثور ميكانيكي,0.0
رجل يعزف على الكمان,امرأة تستخدم آلة خياطة,0.0
لقد زحف الطفل من خلال المدخل,طفل يزحف على الأرض,0.48
رجل يعزف على الكيبورد,شخص يعزف على البيانو,0.44
رجل يشم بيتزا اثنين,امرأة تطعم رجل,0.04
القرد يسحب ذيل الكلب,قرد يسخر من كلب في حديقة الحيوان,0.56
الكلب يرقد على ظهره على أرضية خشبية.,هناك كلب مستلقي على الأرض.,0.8
امرأة تقلي شيئاً في المقلاة.,رجل يعزف على غيتاره,0.0
رجل يضع التوابل في وعاء من الماء,الرجل أضاف التوابل إلى الماء في وعاء.,1.0
امرأة مسنة تصب الزيت في مقلاة.,رجل مقيد يضع في الماء,0.0
امرأة تقطع بصلة,امرأة تقطيع جزئيا في نصف البصل.,0.64
إمرأة التقطت الكنغر.,امرأة تحمل كينغارو,0.7
كلب يعض علبة,كلب يفتح علبة طعام,0.35
امرأة تنزع عظام سمكة,رجل يصطاد سمكة,0.25
رجل يقطف العشب,رجل يحطم الخرسانة,0.17
قطة تشاهد التلفاز.,رجل يقطع إجازة.,0.0
الولد عالق في باب بيت الكلب,طفل عالق في بيت كلب,0.75
الناس ينقلبون في حمام السباحة.,الرجال يسقطون في بركة,0.55
امرأة تسبح تحت الماء,امرأة تسبح.,0.76
رجل يعزف على الجيتار.,امرأة ترقص,0.04
طائرة تحلق في الهواء.,طائرة الخطوط الجوية الجنوب أفريقية تطير في السماء الزرقاء.,0.68
الدب يهرب من كلبين,الدب يقاتل الذئاب,0.28
امرأة ترتاح في طوف عائم,امرأة ترتاح في أنبوب داخلي,0.76
رجل يموت في غرفة العمليات,رجل يقبّل امرأة على المسرح,0.08
رجل يحمل ورقة,امرأة تشاهد التلفاز.,0.0
شخص يركب حصاناً,امرأة تقطيع البطاطا.,0.0
امرأة تقطع أخطبوطاً,رجل يعزف على الجيتار.,0.0
رجل يكسر جرار المياه,امرأة تقشر الثوم.,0.04
رجل يعزف على الجيتار.,امرأة تقطع الخضروات,0.0
فتاة تأكل كعكة.,رجل يقطع خيار.,0.0
لعبت الفتاة الصغيرة على العشب مع كلب وكرة.,طفل يلعب مع كلب وكرة,0.76
الناس يركبون ويتجديفون الطوافة,أربعة أشخاص يطفون على طوف.,0.45
قطعت السيدة البطاطا.,رجل يقطع البطاطا,0.48
لقد انفجر الصاروخ,لقد انفجر صاروخ,0.64
الكلب يلعب في الثلج.,كلب يلمس ذبابة في السجادة أمامه,0.32
امرأة ترقص مع نساء أخريات,امرأة تقطع الدجاج,0.08
فتى يدفع شاحنة,شخص يقطع الطماطم,0.0
فتى يقوم ببعض خطوات الرقص,فتى يسكب شيئاً من جرة,0.08
امرأة تفتح صودا وتشربها,امرأة تركب على فيل.,0.12
رجل يجمع أجزاء مكبرات الصوت,رجل يعزف على الجيتار.,0.2
كان الكلب يمشي على حافة البركة.,كلب يسير على طول بركة.,0.92
يتم وضع الزبدة في وعاء.,رجل يقطع الزبدة في وعاء خلط.,0.85
الراكون يأكلون,رجل يأكل,0.3
شخص ما سقط من على حصان.,رجل سقط من على حصانه,0.7
امرأة تقشر تفاحة,رجل يفتح عجلات على دراجة نارية,0.0
رجل يأخذ بعض دروس الرياضيات,رجل يغسل شريحة لحم,0.0
الحيوانات تلعب في الماء.,رجلين يلعبان لعبة الطاولة.,0.0
رجل يركب حصان ويقفز فوق العقبات,رجل يركل كرة القدم,0.07
شخص يقوم بخدع القلم الرصاص بيده,شخص يقطع الجزر إلى نصفين.,0.07
الشخص أشعل النار في الكاميرات,شخص يحرق الكاميرات,0.67
الرجل يقطع الشريط من الصندوق,رجل يفتح صندوق,0.87
رجل يصطاد السمك في النهر,رجل يغني بينما يمشي على الرصيف.,0.16
رجل يركب دراجة,امرأة ترقص في الشارع.,0.04
رجل يقوم بتمارين الضغط,امرأة تقطع بعض الأخطبوط.,0.0
رجل يعزف على الجيتار.,امرأة تقطع بعض لحم الخنزير,0.0
الصبي الصغير يغني ويعزف على الجيتار.,طفل يعزف على الجيتار.,0.56
إمرأة تغطّس وجهها,المرأة تضرب أصابعها على الطاولة.,0.16
امرأة تقشر البطاطا.,هناك أسد يتجول,0.0
امرأة تطلق النار من بندقية,رجل يقوم بأداء الحركات المثيرة,0.05
المرأة تضع القلادة على كتف الرجل,رجل يصب الماء على رأس طيار,0.1
امرأة عجوز تصافح رجل,رجل وامرأة يصافحون بعضهم,0.75
المرأة تتزلج على الماء,امرأة تستيقظ على البحيرة,0.35
الأشجار تنحني في العاصفة,تُصيب الأشجار رياح قوية جداً.,0.53
رجل وامرأة يركبان في سيارة,امرأة تقلي الجمبري,0.08
رجل يحرك غصن شجرة,المرأة تعزف الكمان.,0.0
رجل يعزف البيانو,امرأة تعزف الكمان.,0.2
شخص يسكب الزيت على المقلاة,شخص يقطع بصلة,0.16
الحيوان يأكل.,امرأة ترقص,0.0
المرأة تسير مع كلبها.,امرأة تمشي مع كلبها في الشارع,0.8
مجموعة من الناس تغني.,بعض الناس يغنون,1.0
القطة تشرب الحليب.,القطة تلعق من صحن من الحليب,0.88
فتاة تصنع جفن,امرأة تطبق ظلال العيون,0.4
رجلين يتشاجران,رجلين يقاتلان باستخدام شكل من أشكال الفنون القتالية,0.56
صرخ الضابط العسكري على المجندين.,ضابط يتحدث مع المجندين,0.5
الرجل يضع الدجاج في الحاوية,رجل يضع الطعام في صندوق,0.5
رجل يربط على آلة الكاتبة القصيرة,الرجل استخدم كاتب قصير,0.45
امرأة تضيف المعكرونة إلى وعاء من الماء.,امرأة تصنع المعكرونة,0.72
امرأة مستلقية على بطانية على صخرة وقراءة كتاب.,امرأة جالسة تغني أغنية وتعزف على الجيتار أيضاً,0.24
جروان يلعبان مع بعضهما البعض.,بعض الرجال يلعبون كرة القدم,0.04
رجل يركض في الحقل,رجل يتسلق حبل,0.2
رجل يعانق شخصاً ما,رجل يلتقط صورة,0.08
شخص ما يصب المكونات في وعاء.,رجل يضع الخضروات في وعاء,0.56
زوجان يمشيان,بعض الرجال يقطعون,0.0
شخص يعزف على الجيتار,الرجل عزف على غيتاره.,0.6
شخص يضيف الطعام في مقلاة.,امرأة تضع الأرز في مقلاة.,0.6
مجموعة من البطاريق تسير.,كمية كبيرة من البطريق تتجه إلى المحيط,0.56
رجل يعزف على الجيتار.,أحدهم يتعامل مع كعكة,0.0
الكلب يقفز على الترامبولين,فتى يعزف على الجيتار.,0.0
رجل يهز حاوية فوق حوض المطبخ,رجل يفرغ حاوية بلاستيكية,0.44
رجل يمشي مع حصان,رجل يقود حصانًا بواسطة حمالته,0.75
يتم قطع الورق بالمقص.,قطعة من الورق يتم قطعها.,0.8
شخص يقشر الجمبرى,قشرت السيدة الجمبري.,0.7
رجل يعزف على الجيتار.,رجل يحاول قراءة الجريدة,0.16
رجل يصنع سرير في فندق,رجل يحمل حيوان,0.16
سحب الكلب ذيل الكلب ثم ساقه,قرد سحب ذيل كلب,0.35
امرأة تضرب بيضتين في وعاء.,شخص يخلط المكونات في وعاء.,0.6
هناك رجل يقفز بالحبل بالخارج,امرأة تقطع خيارًا.,0.0
شخص يقطع بعض البصل,جرذ يغني.,0.0
امرأة تحمل كينغارو,رجل يرتدي قبعة يغني أغنية,0.0
لاعبي كرة القدم يركلون كرة القدم إلى المرمى.,لاعب كرة قدم يسجل هدفاً,0.76
امرأة تطبخ شيئاً ما,امرأة تصب المكونات في مقلاة.,0.64
امرأة تسبح في الشاطئ.,امرأة تتدفق في موجات المحيط,0.64
رجل يحمل رجل آخر,رجل يرش رجل آخر بالماء من خرطوم.,0.16
المرأة تضع العجينة في طبق.,امرأة تسحب نوعاً ما من الغراء اللزج من وعاء.,0.3
رجل يقف ويتحدث عن قميص يوتيوب الرمادي,رجل يظهر قميصاً,0.55
شخص ما يصب زيت الزيتون في وعاء من قطع الطماطم,سكب الرجل الزيت على شرائح الطماطم.,0.75
رجل يعزف على الجيتار.,الرجل عزف على غيتاره مع صديق.,0.64
أحدهم يغلي البوق في وعاء.,شخص ما يصب زيت الزيتون في وعاء من قطع الطماطم,0.16
شخص يقشر البطاطا,القطة تلعق زجاجة صغيرة,0.0
قطة تقفز إلى صندوق.,شاب يتحدث إلى ورقة.,0.0
المرأة تزين الزيت.,امرأة تصب المكونات في وعاء.,0.28
القط ينزلق رأسا على عقب تحت الأريكة.,القط يزحف تحت قطعة أثاث على ظهره.,0.64
المرأة ترقص بينما الرجل يعزف على لوحة المفاتيح,امرأة ترقص على خشبة المسرح,0.44
طباخ ينظف وعاء من الحساء,رجل يمسح حافة وعاء,0.51
هناك انفجار في الصحراء,سلاح نووي ينفجر في الصحراء,0.68
امرأة تقطع ليمونة,رجل يتحدث إلى ميكروفون,0.0
رجل زائد الوزن يقفز من الحبل,شاب يرقص,0.16
السيدة كسرت بيضين خامين.,المرأة تكسر البيض في وعاء.,0.64
رجل يشحذ قلم الرصاص باستخدام سكين.,امرأة ترقص في المطر.,0.0
الألعاب البلاستيكية تطفو في الماء,السيدات يقومن بالرقص,0.0
تبعت السلحفاة السمكة.,سلحفاة بحرية تصطاد الأسماك,0.6
المرأة تفكر بظلال العيون,الفتاة تستخدم قلم رصاص على جفن عينها.,0.56
رجل يربط حذائه,كلب يركب على أكتاف راكب دراجة,0.0
امرأة تقطع اللحم بسكين.,رجل ينشر العجينة,0.08
كلب يركض على الأرض.,فتاة تضرب أظافرها,0.0
رجل يداعب كلباً مقيداً,رجل يظهر كلبه إلى الكاميرا,0.2
امرأة تمشي في أرض مفتوحة مع كلب أليف بينما تتبعها بعض الكلاب الأخرى.,رجل يمشي مع العديد من الكلاب,0.4
امرأة تقطيع بعض الثوم.,شخص ينظف القرص,0.0
فريقين يلعبان كرة القدم.,مجموعات مختلفة من الفرق تلعب كرة القدم في الملعب.,0.5
هناك مخلوق يشبه الفئران يشم رائحته,حيوان يسير على الأرض,0.4
اثنان من محاربي السومو يقاتلان بعضهما البعض,رجل يركب لعبة مائية في الماء,0.0
رجل يرقد على الأرض ويصوب بندقية,رجل ينشر الزبدة على التورتيلا,0.0
زوجان يركضان نحو المحيط,رجل وامرأة يركضون سوياً يمسكون أيديهم,0.56
امرأة تقطع بيضة صلبة,شخص يقطع بيضة مسلوقة إلى قطع.,0.71
اثنين من الروبوتات تقاسم قبلة.,روبوت ذكر وأنثى يقبلان بعضهما.,0.76
قطة تحاول لمس كلب,لقد سخرت القطة الكلب من خلال لمس رأسه.,0.65
كان وحيد القرن يرعى على العشب.,وحيد القرن يراعي في الحقل,0.8
قاد الرجل سيارته الحمراء الصغيرة حول حركة المرور.,ركض الكلب في الماء على الشاطئ.,0.0
رجل يقطع الخبز,رجل يقوم بخدعة مع كرة القدم,0.2
قطة سرعان ما ضربت طفل في الرأس.,قطة وصبي يلعبان معاً.,0.52
القطة تلعب في صندوق.,الكلب يلعب مع منظف الأرضية.,0.28
رقص الزوجان في الكنيسة.,رقصتان بطيئتان,0.64
رجل يداعب تمساح على فمه,شخص يرمي الخضروات المقطعة في وعاء على الموقد.,0.0
شخص يفحص بعض حلوى الأرز,هناك حصان يركض,0.0
امرأة تخلط بيضتين في وعاء زجاجي.,فتاة صغيرة تغني على خشبة المسرح,0.0
الرجل يعزف الطبول,رجل يسكب منظف في المغسلة,0.0
رجل يقطع الفلفل,شخص يقطع فلفل أخضر كبير.,0.76
امرأة تتحدث بلغة الإشارة,امرأة تُبهج بعض المأكولات البحرية.,0.13
صبي يزحف إلى بيت كلب,هناك قطة تلعب على الأرض.,0.0
طارت الفتاة بطائرتها الورقية بينما ركضت إلى أعلى التل.,فتاة فقدت طائرتها الورقية,0.45
امرأة تضع الطعام في وعاء من الماء الساخن,امرأة تقلي اللحم,0.25
قرد صغير يسير عبر الماء,قرد يتجول عبر مستنقع,0.68
رجل يركب دراجة,دب الباندا يأكل,0.0
شاب يغني ويلعب البيانو.,الرجل يكتب رسالة.,0.04
فتى يخلع نظاراته الشمسية,فتى يصرخ,0.1
فتاة تعزف البيانو.,فتى يقوم بعمليات الضغط,0.0
لقد قطعت السيدة الطماطم,شخص ما يقطع الطماطم.,0.8
شخص ما يحمل القنفذ.,يتم تقطيع البصل,0.0
امرأة تقشر البطاطا,امرأة تشوي الأناناس,0.2
قطة تشرب بعض الماء.,هناك شاحنة تنزل من على التل,0.0
شخص يضع الملح والفلفل على قطعة من لحم الخنزير,طفل يجلس على البيانو,0.0
جلس الرجل في مقعده والتحديق.,الفتاة الصغيرة تضع شعرها في ذيل حصان,0.0
امرأة تقسم البطاطا,امرأة تقطع التوفو إلى قطع صغيرة.,0.36
طفل يزحف بسعادة,طفل عطس و أخاف طفل آخر,0.24
شخص يضخ اللحم في المقلاة.,رجل يقطع خضروات,0.12
رجل ينظر من النافذة,امرأة تسبح في الماء.,0.05
رجل جالس يعزف على الجيتار.,رجل يعزف على غيتار صوتي ويغني في ميكروفون,0.65
امرأة تقطع بصلة بسكين.,رجل يجهز بعض الأطباق.,0.25
راكبة تركض و تقفز على حصانها,امرأة تقفز الحواجز على حصان,0.8
فتى يعزف على لوحة المفاتيح,فتى يجلس في غرفة ويعزف على البيانو تحت ضوء المصباح,0.65
رجلين يتشاجران,الرجل يمارس الرياضة,0.15
رجل يعزف على ناي خشبي بينما العديد من الرجال الآخرين يعزفون الطبول.,رجل يعزف على الناي.,0.65
شخص يداعب قرد,رجل يحمل لوري بطيئة,0.24
اثنان من الأرانب الكرتونية يقبلان بعضهما,أرنب يقبل أرنب آخر,0.76
لقد مضغ القنفذ المنشفة,القنفذ يعض البطانية,0.68
القط يلعق نفسه,رجل يقطّع بصلًا أبيضًا بقطّاعة الماندولين.,0.0
خنزير غينيا صغير يعض ويأكل قطعة من الجزر على الأرض.,خنزير غينيا يأكل الجزر.,0.7
أربعة أولاد يقفون أمام السيارة المشتعلة,أربعة شبان يقفون ساكنين بينما تنفجر سيارة خلفهم,0.75
رجل يدخن,جلس الرجل في بدلته ودخن.,0.8
امرأة تضيف الصلصة إلى بعض الطعام.,شخص يقطع الأوراق.,0.04
ثلاثة أطفال يأكلون طعامهم.,قفز الغزال فوق السياج.,0.0
غواصة تمر عبر الماء,طفل ينام,0.0
رجل يركض في الشارع,رجل يعزف على الجيتار,0.16
شخص يقطع بصلة,قطة تتغوط في المرحاض,0.0
يَحْفرُ a غرير في الترابِ.,رجل يحرك صخور كبيرة,0.0
امرأة تقطع فلفل كبير,الكلب يحرك فمه.,0.0
رجل يركب دراجة,رجل يركب دراجة,1.0
رجل وامرأة يقبلون بعضهم البعض,رجل وامرأة يتحدثان مع بعضهما البعض,0.12
امرأة تقطع بصلة,امرأة تقطع بصلة,0.84
صبي صغير يلعب مع كلب.,طفل يلعب مع كلب,0.75
الرجل يرسم,رجل يرسم,1.0
رجل يقطع البطاطا,امرأة تقطع الطماطم.,0.25
فتى يعزف على الجيتار.,طفل يعزف على الجيتار.,0.72
امرأة تقطع بصلة,امرأة تقطع بصلة,1.0
قطار لعبة يضرب سيارة لعبة,قطار لعبة يصطدم بسيارة لعبة,1.0
رجل يعزف على الجيتار.,رجل يعزف على الناي.,0.44
قطة تفتح درج وتتسلق إلى الداخل,قطة تفتح درج وتتسلق إلى الداخل,1.0
امرأة تقلي طعاماً,امرأة تقلي الطعام,0.85
رجل يقطع بصلة,امرأة تقطع بصلة,0.5
فتاة تعزف على الجيتار.,رجل يعزف على الجيتار.,0.56
فتاة تغني على المسرح.,رجل يغني على خشبة المسرح,0.56
امرأة تقود حصاناً,امرأة تركب حمار,0.56
فتاة تعزف على الجيتار.,رجل يعزف على الجيتار.,0.56
امرأة تنظف بعض الروبيان,امرأة تنظف بعض الروبيان,1.0
رجل يرقص على السقف,رجل يرقص على سقف غرفة.,0.96
امرأة تقطع بصلة رقيقة بسكين كبير.,امرأة تقطع البصل بسكين كبير,0.84
رجل يعزف على لوحة المفاتيح,رجل يعزف على لوحة المفاتيح,1.0
رجل يعزف على الجيتار,رجل يعزف على الجيتار.,1.0
امرأة تقشر البطاطا.,امرأة تقشر البطاطا,1.0
امرأة تتعامل مع ضفدع,رجل يحمل ضفدع,0.75
رجل يعزف على الناي.,رجل يعزف على الجيتار.,0.4
رجل يعزف على الجيتار.,رجل يعزف على الناي.,0.32
رجل يعزف على البيانو.,رجل يعزف على الجيتار.,0.36
رجل يعزف على الجيتار.,رجل يعزف على البيانو.,0.4
رجل يعزف على الناي.,رجل يعزف على الجيتار.,0.4
رجل يعزف على الناي.,رجل يعزف على الجيتار.,0.4
امرأتان على الأريكة,امرأتين تتعانقان على الأريكة,0.64
شخص ما يقطع الخيار.,رجل يقطع خيار.,0.76
قطة تلعب بلعبة حبل أزرق.,القطة تلعب بلعبة.,0.88
الكلب ينبح على اللعبة.,الكلب ينبح على لعبة.,1.0
شخص يطوي شطيرة.,رجل يطوي تورتيلا,0.7
القطة تشرب الحليب.,القطة تشرب الحليب.,0.8
شخص يقود سيارة,رجل يقود سيارة,0.7
السلحفاة تسير,السلحفاة تسير,0.88
البقرة تأكل العشب.,البقرة تأكل القش.,0.76
امرأة تقطع القرنبيط.,امرأة تقطع الثوم.,0.52
رجل يبكي,هناك رجل يصرخ,0.6
الرجل يعزف على الجيتار.,رجل يعزف على الجيتار.,1.0
رجل يقطع بصلة,رجل يقطّع نبتة.,0.73
رجل يقطع البطاطا,امرأة تقشر البطاطا.,0.47
امرأة تطرق أصابعها على الطاولة.,امرأة تطرق بأصابعها,0.8
أحدهم يغلي البوق في وعاء.,شخص ما يطبخ البوكرا في مقلاة.,0.88
رجل يدخن,رجل يخلط.,0.04
الرجل يعزف الطبول,رجل يعزف على الطبول,1.0
رجل يغوص في بركة.,رجل يغوص في بركة.,1.0
امرأة تقطّع تسرباً,امرأة تقطيع البيرة.,0.8
صبي صغير يعزف على الجيتار.,فتى يعزف على الجيتار.,0.92
امرأة ترقص,الرجل يرقص,0.52
النساء يتحدثن,الرجال يتحدثون,0.52
فتاة تضع جل في شعرها,امرأة تضع جل على شعرها,0.52
طفل يعزف على الجيتار.,رجل يعزف على الجيتار.,0.44
مجموعة من الناس يسيرون في مكان.,مجموعة من الناس يرقصون في حفلة موسيقية.,0.34
المرأة تطلق النار بمسدس رشاش,الرجل يطلق النار,0.4
رجل يعزف على البيانو,رجل يعزف البيانو,0.8
امرأة تقطع بصلة,شخص ما يقطع البصل.,0.65
رجل يقطع خيار.,رجل يقطع الخيار,0.9
فتاة تأكل كعكة.,امرأة تأكل كعكة.,0.52
امرأة تقطع بصلة,رجل يقطع بصلة,0.4
الرجل يعزف على الجيتار.,طفل يعزف على الجيتار.,0.36
رجل يعزف على الجيتار.,رجل يعزف الطبول.,0.31
فتاتان صغيرتان تتحدثان على الهاتف.,فتاتان تتحدثان على الهاتف,0.9
رجل يقطّع شجرة بفأس.,رجل يقطع جذع شجرة بالفأس.,0.8
شخص يقطّع القرنبيط إلى قطع.,شخص يقطع الثوم إلى قطع.,0.32
رجل يتحدث مع امرأة,امرأة تمشي مع كلب.,0.1
الرجل يسير,رجل يتحدث.,0.28
شخص ما يصب الزيت في المقلاة.,أحدهم يصب الحليب في الخلاط,0.32
قطة صغيرة تلعب الكرة,القطة تلعب بالكرة.,0.88
رجل يعزف على الجيتار.,امرأة تعزف على الناي.,0.36
فتاة تعزف على الكمان.,فتاة تعزف على الناي.,0.52
رجل يعزف على بيانوين,القطة تعزف على البيانو.,0.32
رجل يتمرن,فتاة تمارس الرياضة,0.6
شخص يقطّع محار.,شخص يقطع أخطبوطاً,0.4
رجل وامرأة يركبان دراجتيهما.,رجل وامرأة يركبان دراجة نارية,0.4
رجلين يتشاجران في مرعى البقر,رجلين يتشاجران في حظيرة الماشية,0.8
امرأة تضيف الزيت إلى المقلاة.,رجل يسكب الزيت في وعاء,0.6
فتاة تصنع سريرها,فتاة شابة تصنع سريرها,0.88
لعبت القطة بالبطيخ.,القطة تلعب بالبطيخ.,0.96
فتاة تقفز على سيارة,فتاة تقفز على سيارة,0.96
رجل يصلّي,هناك رجل يركض,0.15
هناك سيارة تقف,القطة تلعب.,0.0
هناك رجل يركض,رجل يرقص,0.25
رجل يغني,رجل يرقص,0.1
رجل يحمل رجل آخر على كتفه,رجل يحمل شخصاً على كتفه,0.65
امرأة تقشر البطاطا.,امرأة تقطع الطماطم.,0.27
امرأة تقطع الطماطم.,امرأة تقطع البطاطا.,0.2
أحدهم يقشر البطاطا.,شخص ما يقطع الطماطم.,0.28
امرأة تقشر البطاطا.,امرأة تقطع الطماطم.,0.27
روبوتين يتبادلان القبل,روبوتان يقبلان بعضهما,1.0
ولدان على الأريكة يلعبان ألعاب فيديو.,صبيان يلعبان لعبة فيديو.,0.8
امرأة تضغط على الليمون,امرأة تضغط عصير من الليمون,0.88
امرأة تقطع بصلة,رجل يقطع الطماطم,0.24
امرأة تقطع جزرة.,رجل يقطع الطماطم,0.24
فتاة تصفف شعرها,فتاة تقوم بتصفيف أظافرها,0.25
رجل ينزل الدرج,رجل ينزل الدرج,1.0
شخصان يركبان دراجة نارية,شخصان يركبان دراجة,0.4
رجل يعزف على الجيتار.,امرأة تعزف على غيتار كهربائي.,0.44
رجل يعزف على الجيتار ويغني.,رجل يعزف على الجيتار.,0.64
رجل يسير في المطر.,رجل وامرأة يسيرون في الحديقة,0.3
الكنغر يأكل,أكل الكنغر,0.95
رجل يصطاد السمك,رجل يتمرن,0.1
امرأة تسبح.,رجل يغني,0.01
امرأة تأكل,حيوان يأكل.,0.32
صبي وفتاة يرقصان تحت المطر.,رجل وامرأة يرقصان تحت المطر.,0.52
رجل يقود سيارة,رجل يقود سيارة,0.97
امرأة ترشيح البصل.,امرأة ترشّف البصل.,1.0
ديكان يتشاجران,رجلين يتشاجران,0.4
رجل يركب حصاناً,رجل يقود سيارة,0.28
رجل يركب حصاناً,رجل يقود سيارة,0.28
رجل يطلق النار,رجل يقطّع كعكة,0.16
امرأة تقطع بصلة,امرأة تقطع اللحم,0.4
المرأة تقطع الأعشاب,الرجل يقطع الخبز.,0.32
فتى يعزف البيانو.,رجل يعزف على البيانو.,0.6
طفل الفيل يأكل.,طفل الفيل يأكل شجرة صغيرة,0.72
امرأة تكسر البيض في وعاء.,امرأة تكسر البيض,0.8
شخص يعزف على لوحة المفاتيح,فتى يعزف على لوحة المفاتيح,0.8
فتى يضرب رجلاً بسيف,صبي يضرب رجل بسيف بلاستيكي,0.67
شخص يقطع الجزر إلى قطع.,شخص يقطع البصل إلى قطع.,0.3
رجل قطع من خلال مجموعة من زجاجات المياه بسكين,رجل يقطع صف من زجاجات المياه بسكين,0.88
رجل يكتب في كتاب.,رجل يكتب على ورقة.,0.57
امرأة تقطع الثوم.,امرأة تقطع فلفل كبير,0.44
شخص يصنع السرير,شخص يأكل على طاولة.,0.04
رجل يعزف على الكيبورد,رجل يعزف على الجيتار.,0.36
رجل يعزف على الكمان,رجل يعزف على القيثارة,0.32
المرأة تدخن,الرجل يسير,0.04
قام الرجل بمسح ما كان على اللوحة,الرجل مسح العمل على اللوحة.,0.6
رجل يركب دراجة نارية,رجل يقود دراجة نارية عبر البلدة,0.7
رجل يركب دراجة نارية على الطريق السريع,رجل يركب دراجة نارية,0.7
امرأة تقطع بعض اللحوم,امرأة تقطع بعض البصل.,0.4
امرأة تقطع البروكلي,امرأة تقطع القرنبيط.,1.0
رجل يعزف على البيانو.,امرأة تقشر البطاطا.,0.0
شخص ما يقطع الطماطم.,أحدهم يقطع الفاكهة.,0.64
امرأة ترقص في قفص,امرأة ترقص,0.65
امرأة تسبح.,رجل يبصق,0.0
هناك رجل يركض,هناك رجل يزئ.,0.2
الرجل يعزف على الجيتار.,الرجل عزف على غيتاره.,0.73
قطة تحدق في الكاميرا,القط يتحدث إلى الكاميرا,0.6
الطفل يضحك و يزحف,طفل يضحك و يزحف على الأرض,0.84
امرأة تطلق النار من مسدس,إمرأة تطلق النار من بندقية,0.82
امرأة ترقص في المطر.,امرأة ترقص في محطة القطار,0.4
امرأة ترقص,امرأة تمارس الرياضة,0.2
طفل يعزف على آلة موسيقية,صبي صغير يعزف على آلة نفخ.,0.76
شخص ما يقطع زجاجة بسيف,رجل يكسر زجاجة بسيف,0.8
امرأة تقطع تفاحة.,امرأة تقطع البطاطا.,0.36
الرجل يقشر تفاحة.,رجل يقشر تفاحة,1.0
الرجل يعزف على الجيتار.,الرجل يلعب بالجمجمة,0.2
حيوان يسير على الأرض,"""سولينودون"" يسير على الأرض.",0.6
فتاة صغيرة تعزف على البيانو الكبير على المسرح.,فتاة صغيرة تعزف على البيانو.,0.52
مجموعة من الناس يرقصون,مجموعة من الرجال يرقصون.,0.68
رجل يعزف على الجيتار,امرأة تعزف على الجيتار.,0.4
قطة تتأرجح على مروحة السقف,القطة تدور حولها مروحة السقف,0.84
امرأة تعزف على الناي.,فتاة تعزف على الناي.,0.76
المرأة تقطع البصل,امرأة تقطع بصلة,0.88
قرد يفرش كلب ثور,القرد يفرش الكلب,0.84
امرأة تقطع بصلة,امرأة تقطع البطاطا.,0.24
رجل يعزف على البيانو.,امرأة تعزف على الجيتار.,0.24
امرأة تغسل يديها.,امرأة تصفف شعرها,0.16
إمرأة تطلق النار من بندقية,امرأة تطلق النار من مسدس,0.64
رجل يأكل وعاء من الحبوب.,الرجل يأكل الحبوب,0.8
امرأة تستحم في حوض الاستحمام,امرأة تستحم,0.88
راكب دراجة نارية يتحطم على دراجته,شخص يتحطم على دراجة نارية,0.84
رجل يعلق فأر بالقرب من ثعبان.,رجل يطعم فأراً لأفعى,0.64
رجل وامرأة يسيران في الغابة,رجل وامرأة يسيرون عبر الغابة,0.68
شخص يصب بعض البودينغ الأرز في وعاء.,سكبت السيدة حلوى الأرز في وعاء.,0.8
رجل يحدق من النافذة,رجل ينظر من النافذة,0.96
امرأة تطلق النار من بندقية,امرأة تقطع ليمونة,0.04
رجل يأكل موزة.,شخص ما يقشر الموز.,0.36
الرجال يؤدون على خشبة المسرح,أداء الميمات الكوميدية على خشبة المسرح,0.52
امرأة كرتونية تغوص في بركة.,امرأة كرتونية تقفز من على لوحة.,0.56
وضعت السيدة الطفل في سلة المهملات,امرأة تضع طفلها في سلة المهملات,1.0
أحدهم يقلي اللحم.,شخص ما يلعب البيانو,0.05
رجل يقطع بسرعة بعض الفطر باستخدام سكين.,شخص يقطع الفطر بسرعة بسكين.,0.75
امرأة تضيف المكونات إلى وعاء.,امرأة تكسر ثلاثة بيضات في وعاء.,0.35
لاعب التزلج يقوم بالخدع على نصف أنبوب,رجل يتزلج على نصف أنبوب,0.7
رجل يتحدث على خشبة المسرح,رجل يتحدث على المنصة,0.68
رجل يعزف على الجيتار.,رجل يرتدي قبعة يعزف على القيثارة.,0.28
رجل يعزف على لوحة المفاتيح,رجل يعزف على الجيتار.,0.28
شخص يقطع البطاطا.,شخص يقطّع الشالوت.,0.2
رجل يرقص على سقف غرفة.,رجل يرقص رأسا على عقب على السقف,0.92
رجلين يرقصان.,امرأتين تتسوقان.,0.08
شخص ما يتذوق البيض.,شخص ما يتذوق بيضين خامين في وعاء.,0.72
رجل يتأرجح في حبل,الجيبون يتأرجح في الأشجار,0.25
رجل يقطع الطماطم,امرأة تقطع القرنبيط.,0.3
امرأة تغلي الجمبري,امرأة تمشيط شعرها.,0.2
رجل يقطع البطاطا,رجل يقطع البطاطا,0.75
رجل يرقص على الطريق,رجل يرقص,0.65
قفز الغزال فوق السياج.,غزال يقفز فوق سياج الإعصار,0.8
فتاة ترقص في المطر,امرأة ترقص في المطر.,0.6
امرأة تكتب رسالة.,امرأة تجلس على مكتب.,0.33
الغوريلا تعزف على الطبول,قرد يعزف على الطبول,0.67
امرأة تركب على حصان.,امرأة تقطف الطماطم,0.1
قطع الصبي العشب بجانب الرصيف بالمقص.,فتى يقطع العشب بالمقص.,0.75
رجل يرتدي نظارات يتحدث,رجل في المكتبة يتحدث,0.65
امرأة تقطع بعض الزهور,امرأة تقطع القرنبيط.,0.2
شخص يسير على طريق صخري,رجل يسير على الرصيف,0.7
رجل يعزف على لوحة المفاتيح بأنفه,الرجل يعزف على البيانو بأنفه.,0.88
رجل يعزف على الجيتار.,القطة تلعب.,0.08
حيوان يأكل.,الحيوان يقفز,0.08
رجل يرفع الأثقال,رجل يرفع عتلة.,0.84
رجل يركض مع حافلة,رجل يركض مع شاحنة,0.5
رجل يتسلق حبل,رجل يجلس على صخرة,0.05
القطة تعزف على البيانو.,القطة تلعق كفها.,0.05
امرأة ترقص في المطر.,امرأة تضيف الزيت إلى طبق.,0.05
الرجال يشاركون في سباق,المتسابقون يركضون على المسار,0.52
رجل يقطع الطماطم إلى قطع.,امرأة تقطع البطاطا.,0.36
رجل يعزف على الناي.,امرأة تطبق طلاء العين,0.0
امرأة تقطع البطاطا.,امرأة تقطع الجزر.,0.24
دجاجة تنقر فأر ميت,الدجاجة تنقر على فأر ميت,0.72
المرأة تقطع خيارًا رقيقًا.,المرأة تقطع الطماطم.,0.24
شخص يقطع قطع الخبز,رجل يقطع الخبز.,0.64
امرأة تقوم بقطع القرع,امرأة تقطع الفلفل الكبير,0.44
امرأة تضيف الزيت على الأسماك,امرأة تركب حصاناً,0.16
امرأة ترشي الجزر.,امرأة تغطي شريحة لحم خنزير,0.32
أحدهم ينظف حيوان,امرأة تنظف الجمبري,0.56
هناك رجل يتحدث على الهاتف,رجل يتحدث,0.64
امرأة تدخن,امرأة تصنع بعض الطعام,0.16
رجل يرقد ويطلق النار,رجل يرقد على الأرض يطلق النار من بندقية,0.76
يتم وضع رجل في حالة طوارئ,رجل يسكب المعكرونة على طبق,0.0
رجل يغوص في بركة سباحة,رجل يغني في ميكروفون,0.13
رجل يطلق النار من بندقية,رجل يطلق النار من بندقية,1.0
رجل يعزف الجيتار,رجل يعزف على الناي.,0.36
رجل يقشر البطاطا,رجل يعزف على الجيتار.,0.08
المرأة تركب حصاناً.,رجل يركب حصاناً في الساحة,0.4
طائرة تتحرك على طول المدرج.,طائرة تهبط على المدرج,0.56
امرأة تنزلق في حوض المياه,امرأة مستلقية في طوف.,0.16
رجل يقص العشب,رجل يخلط,0.16
امرأة تقشر البطاطا.,امرأة تضرب رجلاً,0.15
رجل يعزف البيانو.,رجل ملقى على الأرض,0.15
امرأة تقوم بالرقص,امرأة تركب على حصان.,0.2
امرأة تقطع بصلة,امرأة تقود قارباً.,0.16
امرأة تحرك الأرز في وعاء.,شخص ما يضع الأرز في مقلاة.,0.55
امرأة تضع شرائح اللحم في مقلاة.,رجل يضع قطع اللحم في كيس بلاستيكي,0.48
لقد عزف الفتى على البوق.,فتى يعزف على البوق.,0.88
شخص يركب حصاناً,رجل يركب دراجة نارية,0.36
امرأة تقطع بصلة,امرأة تقطع جزرة.,0.28
رجل يقطع الخضروات,امرأة تقطع البطاطا.,0.45
القطة تلعب.,امرأة تعزف على الناي.,0.05
رجل يركب دراجة,رجل يركب دراجة حول موقف للسيارات.,0.65
فرقة موسيقية تؤدي على خشبة المسرح,فرقة موسيقية تعزف وتغني على المسرح.,0.9
المرأة تقطع كعكة السمك.,المرأة تركب حصاناً.,0.16
رجل يأكل الخبز.,رجل يعزف على الناي.,0.16
امرأة تطبخ الجمبري,امرأة ترقص,0.16
امرأة ترقص,امرأة تقطع الزنجبيل,0.05
امرأة ترمي قطة في الهواء، والقطة تتدلى من قضيب على السقف.,شخص يرمي قطة في الهواء وتتمسك على السقف.,0.7
سلحفاة كبيرة تمشي,السلحفاة تمشي,0.85
رجل يحرق العلم,رجل يطلق النار,0.1
الرجل يدفع الشاحنة,المرأة تغني,0.0
رجل يأكل الخشب,رجل يضيف الزيت للسيارة,0.1
الكلب يتحدث إلى الكاميرا.,الكلب يأكل بعض البطيخ.,0.12
رجل يضع مناشف ورقية على طبق ورقي.,رجل يضع أوراق على طبق.,0.44
رجل وامرأة يمشون,رجل وامرأة يمشون ويحملون بعضهم البعض,0.64
رجل يقطع حبل بسيف,الرجل مر عبر حبل سميك بسيف,0.88
الرجل يغني ويعزف على الجيتار.,رجل يعزف على الجيتار.,0.6
رجل يقطع ورقة,شخص يمزق ورقة,0.52
رجل يرقص,فأر يركض,0.0
فتيان يتحدثان على الهاتف.,امرأة تتحدث على الهاتف.,0.36
رجل يعزف على الجيتار.,امرأة تقشر غلة.,0.0
امرأة تقطع بصلة,امرأة تقطع الليمون,0.28
امرأة تركب حصاناً,رجل يركض على الحبل,0.0
رجل يلعب كرة القدم,رجل يرسم بعض الأشكال,0.08
امرأة تقشر برتقالة,رجل يعزف على الناي.,0.0
شخص ما يفتح بيضة,رجل يكسر بيضة,0.6
رجل يقطع ثعباناً ليطهو,امرأة تقطع اللحم,0.4
امرأة تخدش الجزر.,رجل يضرب الأواني الطينية,0.0
رجل وامرأة يرقصون في بوليوود,رجل وامرأة يرقصون تحت المطر,0.33
امرأة تقطع الزهور,رجل يحمل زهور شمسية ضخمة,0.2
الرجل رقص في المطعم,لقد انفجرت القنبلة في الصحراء,0.0
العلم الأمريكي يلوح,العلم الأمريكي يرفرف في الرياح,0.84
أسد يسير في منطقة محصورة.,هناك أسد يتجول,0.52
امرأة تقطع ليمونة,رجل يظهر الخبز,0.05
امرأة تعزف على الناي.,امرأة تقطيع بعض التونة.,0.08
الكلب ينبح على اللعبة.,كلب ينبح على بطة لعبة إلكترونية,0.7
إمرأة تضيف بيضة وتحركها,امرأة تخلط بيضة في وعاء.,0.7
امرأة تغطي قطعة لحم بالدقيق.,إمرأة تُذخّر قطعة لحم.,0.6
القطة البيضاء التي تقف على خزانة خشبية صغيرة تنظر خارج النافذة.,قطة، على طاولة، تنظر من النافذة.,0.68
رجل يقوم بتمارين الأرضية,رجل يتمرن,0.72
رجل يقطع البطاطا,رجل يقشر الموز.,0.2
شخص ما يعزف البيانو.,شخص يعزف على البيانو,0.72
المرأة تضع المكياج على الرجل,امرأة ترسم وجه رجل,0.56
أوقعت المرأة الباذنجان في المقلاة.,امرأة تضع الباذنجان المقطوعة في مقلاة.,0.8
رجل يعزف على البوق,رجل يعزف على آلة موسيقية,0.68
امرأة تقطع ليمونة,امرأة في المطبخ تقشر الليمون,0.53
نمر يحاول تسلق الجدار,أسد يحاول تسلق الجدار.,0.6
رجل يجهز حبل شنقاً,رجل يربط حبلًا.,0.93
امرأة ترقص على خشبة المسرح,امرأة ترقص,0.64
الفتاة تركب الحصان,الفتاة ترش النباتات بالماء.,0.04
شخص يُقلي.,شخص يقشر البطاطا,0.24
رجل يطلق النار من مسدس,امرأة تقطع الثوم.,0.16
امرأة تهز ذراعيها,امرأة تقطع بصلة,0.16
هناك رجل يمشي بالخارج,رجل يرقص,0.15
الرجل يجف يديه,امرأة تصبغ شعرها,0.05
لاعب كرة قدم يركل كرة القدم إلى الهدف من مسافة بعيدة في نهاية الملعب.,لاعب كرة قدم يركل الكرة إلى المرمى.,0.65
فتاة تعزف البيانو.,فتاة صغيرة تعزف على البيانو الكبير على المسرح.,0.67
رجل يرسم بعض الأشكال,رجل يرسم على لوحة مسح جافة رقمية,0.67
القرد معلق من الأشجار.,التأرجح القرد من فرع إلى فرع.,0.4
بعض الأطفال يقفزون على الترامبولين,صبيين يلعبان على الترامبولين,0.6
امرأة تحمل سكيناً تقطع فلفلاً.,امرأة تقطع الفلفل الأخضر,0.8
رجل يضيف الزيت للسيارة,رجل يضع مضاد للتجمد في سيارة,0.4
رجل يقطع الجزر بواسطة آلة.,رجل يتسلق حبل,0.08
ولد يعزف على لوحة المفاتيح.,شخص يلعب على لوحة مفاتيح البيانو,0.64
قطة تلعب بجهاز هوائي,فتى يلعب في الطين.,0.08
امرأة تقطع اليقطين,شخص يقطّع البطيخ.,0.4
قام الناس برمي الدمية على حافة المنحدر,بعض الناس يرمون دمية من على منحدر,0.9
يتم إطلاق النار من مسدس,يتم تقشير البطاطا.,0.1
امرأة تقطع ورقة بلاستيكية,امرأة تعزف على الجيتار في الشوارع.,0.1
امرأة تقطع الأناناس,امرأة تقطع الأناناس إلى قطع.,0.8
امرأة تضيف التوابل على اللحم,إمرأة تضيف مكونات لحم البقر,0.75
شخص يضيف الزيت في المقلاة.,الطباخ يسكب الزيت في المقلاة,0.85
طباخ يطهو العجينة,رجل يقوم بتوابل العجينة في مقلاة.,0.75
فتى يركض على الشاطئ,ولدان يلعبان على الشاطئ.,0.55
طفل قرد يخدش نفسه,لقد خدش القرد بطنه,0.65
صبي يركب دراجة على بوابة.,امرأة تركب حصاناً,0.16
رجل يقوم بخدعة ورق,رجل يضغط الماء,0.05
رجل يعزف على البيانو.,شخص ما يعزف على الجيتار.,0.15
رجل يقطف العشب,هناك رجل يقطع العشب,0.96
شخص يخلط الماء والدقيق.,شخص يسافر على الطريق,0.16
الكلبان كانا في القفص,راعي البقر ركب حصانه في الصحراء.,0.0
رجل يركب على عجلة واحدة على دراجة نارية,شخص يقوم بعمل حيل على دراجة نارية,0.6
قطة تفتح درج وتتسلق إلى الداخل,قطة كبيرة تفتح درج بلاستيكي بأقدامها ثم تقفز إلى الداخل,0.75
رجل يفتح صندوق باستخدام سكين,رجل يعزف على الجيتار.,0.0
هناك رجل يركل الماء,امرأة تقطع فلفل أحمر.,0.05
رجل يأكل,امرأة تتسلق الصخور,0.0
الجرو يتدحرج مراراً وتكراراً من جانب إلى آخر بينما هو على ظهره.,الكلب يتدحرج من جانب إلى آخر,0.7
صبي صغير يغني ويعزف على الجيتار.,طفل يعزف على الجيتار,0.65
المرأة تقشر الليمون.,الرجل يتوازن على السلك,0.08
رجل يعزف على البوق,شخص ما يلعب بضفدع.,0.16
كلب يبحث في الجوار,كلب يراقب عداد المتجر,0.32
امرأة تقطع بصلة,يظهر رجل يقطع الجزر بسكين.,0.24
الرجل حفر ثقوبًا في الخشب.,رجل يحفر الخشب,0.84
أحدهم يقطع دائرة من ورقة وردية.,شخص ما يصب صلصة الطماطم في وعاء من اللحم.,0.04
رجل يعزف على الناي.,رجل يداعب كلباً مقيداً,0.04
رجل يضع اللحم في كيس,رجل يقود سيارة,0.1
فتاة تأكل كعكة.,رجل يعزف على البوق,0.0
الأرنب يشم ويمسك الأرنب المحشو,أرنب حي يلعب مع أرنب حيواني محشوة,0.9
رجل يدهن الخبز,المرأة راكبة على حصان,0.0
امرأة تضغط بعض شرائح الخيار,امرأة تُغرق في لعاب أخضر.,0.15
رجل يخرج من داخل الفلفل الأخضر,شخص ما يزيل البذور من الفلفل.,0.8
يأخذ رجل قطعة من البيتزا من صندوق البيتزا و يضعها على الغطاء بعد أن يغلق الصندوق,الرجل أخرج قطعة من البيتزا من الصندوق,0.55
أضاف الرجل الخضروات إلى الحساء في الوعاء.,رجل يضيف الخضروات المقطعة إلى وعاء الطهي مع الماء.,0.68
الرجل ركض و قفز ضد الحائط.,رجل يقفز في الجدار,0.68
الرجل يُذوق النقانق.,الرجل أضاف التوابل إلى الماء في وعاء.,0.48
المهرج يغني والناس يرقصون,المهرج يغني,0.6
امرأة تطعم خنزيراً أرضياً,امرأة تقطع الثوم.,0.08
شخص يغسل شريحة لحم بالماء,رجل يغسل شريحة لحم كبيرة,0.79
ركب صبي دراجته فوق سياج معدني.,راكب دراجة بي إم إكس يقود على طول أعلى السياج,0.6
رجل يرمي السكاكين على شجرة,رجل يظهر السحر,0.35
الفتيات يسيرون على المسرح.,عارضات الأزياء يمشون على المنصة,0.52
امرأة تقوم بتمرينات الأثقال,امرأة تمارس التمارين الرياضية بمنصة.,0.7
رجل يقشر البطاطا,رجل يتنزه.,0.1
طائر كبير يقف على طاولة يلتقط كوب بلاستيكي يحتوي على سائل ويضعه في وعاء من شيء ما.,يلتقط طائر كوب بلاستيكي يحتوي على سائل بقنبه ويضع الكوب في وعاء.,0.7
امرأة في المطر,سيارة تقود على طول الطريق.,0.0
امرأة تضرب رجلاً,رجل يحمل لوري بطيئة,0.0
امرأة تركب فيل,رجل يرفع نفسه,0.0
رجل يرفع الأثقال,امرأة تمارس عضلاتها البدنية,0.2
شخص يركب الجيتسكي في الأمواج,إمرأة تقود سيداو,0.4
امرأة ترتدي سماعات أذن,امرأة تقطع بعض أوراق الشيسو.,0.12
قطة صغيرة تأكل طعامها من طبق.,قطة تأكل بعض الطعام,0.8
امرأة تقرأ مجلة أسلوب حياة.,امرأة تقطع اللحم إلى قطع.,0.1
رجل يسكب الفلفل الحار في وعاء,رجل يفتح علبة ويصب محتوياتها في وعاء,0.5
أكل الطائر الطعام في الشجرة من وعاء.,طائر يأكل من وعاء.,0.65
مجموعة من الفتيات يخرجن من سيارة أجرة,مقطع فيديو لـ (ريهانا) تغادر سيارة أجرة,0.4
إمرأة تُذاق قطعة لحم.,رجل يحمل بندقية بالرصاص,0.0
رجل يقطع ورقة الكزبرة,رجل يعزف على الجيتار.,0.16
رجل يأخذ شريحة من البيتزا,رجل يتحدث على هاتفه الخلوي,0.16
رجل يضع اللحم داخل كيس بلاستيكي,امرأة تحمل وحشاً في حقيبة.,0.08
الحاخام يتحدث,رجل يسير على الحبل,0.0
رجل يركب حصاناً,امرأة تمسح ساق طفل رضيع,0.0
رجل يعزف على الجيتار.,(سميون) يستلقي.,0.0
رجل يقطّع كعكة,رجل يكسر الأواني,0.08
رجل يقود سيارة,امرأة تغمر الجمبري في العجينة,0.0
كلب يلمس ذبابة في السجادة أمامه,اللعب الكلب مع حشرة على السجادة.,0.72
الكلب ينبح.,طائرة جوية تطير,0.05
قرد يسير على السرير,رجل يركب حصاناً,0.0
امرأة تطبخ القرنبيط.,رجل يأكل طعامه,0.1
رجل يُقلي شطيرة.,شخص يقوم بخدعة ورق.,0.0
امرأة تخدم كرات الكرة الطائرة على الشبكة,امرأة تعطي كرات الكرة الطائرة إلى امرأة أخرى تخدمها.,0.55
رجل يقطع الخيار بسكين.,رجل يطبخ التورتيلا في المقلاة.,0.15
رجل يعزف على لوحة مفاتيح إلكترونية,فرقة موسيقية تعزف على الآلات.,0.25
رجل يعزف على الكمان,الطفل يضحك و يزحف,0.0
رجل يقطع إصبع حذاء جلدي فارغ باستخدام سيف.,رجل يقطع حذاء بالسيف,0.75
الشخص يزيل القشور من السمك,شخص يزيل قشرة السمكة,1.0
الناس يسيرون في الحديقة.,فتى واحد يتحدث مع رجل آخر,0.0
طفل صغير يركب حصاناً,الفتاة الصغيرة ركبت حصاناً.,0.64
شخص يقطع الثوم إلى قطع بسكين.,شخص ما يضع المكونات في ووك.,0.15
رجل يطوي ورقة,رجل يقطع حاوية بلاستيكية بسيف,0.1
تم دفع الرجل إلى الماء.,رجل يدفع رجل آخر إلى المحيط,0.5
فتى مستاء يلعب ألعاب الفيديو,شخص ما يلعب لعبة صبي.,0.35
رجل يُجري مكالمة على الهاتف الخلوي,رجل يقوم بمكالمة هاتفية,0.8
هناك رجل يتحدث على الهاتف,دب الباندا يمضغ عصا.,0.0
امرأة تطبق مستحضرات التجميل على وجهها.,امرأة تضع المكياج,0.92
الرجل رفع الحمالات.,رجل يرفع الأثقال,0.8
امرأة تطعم حيوان بيدها,النساء يطعمن الحيوان,0.6
العديد من الحشرات تتسلق من قفصها.,الحشرات تنزل من على الرف,0.44
امرأة شابة تعزف على الناي.,امرأة تغسل الجزء العلوي من الثلاجة,0.0
إمرأة تطلق النار من بندقية,المرأة تطلق النار من بندقية,0.56
شخص يضيف مسحوق الفلفل الحار إلى الفلفل الحار مع الفاصوليا.,الرجل يضيف التوابل إلى الفاصوليا.,0.76
إمرأة تطلق النار بسرعة من مسدس.,امرأة تطلق النار من مسدس,0.88
شخص يقطع بصلة,"""سولينودون"" يسير على الأرض.",0.0
كلب يفتح ثلاجة.,الكلب يغلق باب الثلاجة.,0.35
امرأة تحمل طفلاً راقصاً,إمرأة تسيء معاملة طفلها,0.2
امرأة تقوم بعمل مكياج مضحك على رجل,وضعت الفتاة المكياج على وجه رجل.,0.36
أضفت السيدة الجبن إلى الصلصة.,رجل يسكب طبق من الجبن الممزق في وعاء من الصلصة.,0.32
رجل يلقي محاضرة على المنصة,رجل يلقي محاضرة في حدث يحتفل بلعبة الكريكيت,0.47
كانت القطة تتزحزح تحت السرير.,القط يزحف رأسا على عقب تحت الأريكة.,0.4
امرأة تقطع الثوم.,امرأة تقطع سمكة,0.2
رجل يقطع العشب,رجل مقنع يغني,0.0
رجل يقطع العشب,المهرج يغني,0.0
فتى يهرب من خط الصيد,فتى يركض أمام سمكة معلقة على عصا الصيد,0.6
الرجل لعب الهاكي ساك في المكتب.,الرجل يذوق الخضروات.,0.08
رجل يحمل رجل آخر على ظهره,رجل يصور النملة,0.08
يتم وضع اللحم في المقلاة.,امرأة تضع اللحم في مقلاة.,0.65
امرأة تقطع البصل.,امرأة تسقط على قلعة رملية,0.0
رجل يضرب الكرة,امرأة تقطع بعض البصل,0.0
آلة تحدّد قلم رصاص.,فتاة تقود دراجة,0.0
امرأة تنظف قدميها,الشمس تشرق وراء الأشجار,0.0
رجل ينظف النوافذ,رجل يقود سيارة,0.08
شخص يحرك الأرز,امرأة تكسر بيضة,0.2
الرجل يضع سكيناً في العصا,رجل يرقص,0.05
صبي يعزف الكمان على المسرح.,فتى على المسرح يعزف الكمان.,0.85
امرأة تقطع رغيفاً وردياً بسكين.,رجل يعزف على الجيتار.,0.02
رجل يضيف شرائح لحم الخنزير إلى المقلاة,امرأة تقشر البطاطا.,0.2
الرجال يقاتلون بعضهم البعض,الرجل رسم على الورقة البيضاء.,0.08
رجل يمسك الكرة,القطة تفرك ضد الطفل.,0.0
فتاة تقرأ صحيفة.,طباخ يقشر البطاطا,0.0
لوريس بطيئة تعض أصابع شخص.,حيوان صغير يمضغ إصبعاً,0.5
رجل يسير على طول طريق عبر البرية.,رجل يقشر بصلة,0.15
الرجل عزف على غيتاره.,رجل يغني بينما يعزف على غيتاره.,0.6
بعض الرجال يتزلجون على الطريق,صبيان يتزلجان على الجليد,0.52
رجل يسكب سائل في مقلاة.,سكب الطاهي الزيت في المقلاة.,0.52
صبي يعزف البيانو ويغني.,الخنزير يثير الأسد,0.0
القطة والقرد يلعبان.,ثعلبة و قطة يلعبان معاً,0.85
قرد يسير عبر الماء.,رجل يعزف على البوق,0.0
امرأة تضع المكياج,الفرقة تغني,0.0
الكلب يقود سيارة,رجل يتحدث إلى ميكروفون.,0.0
الرجل غنى على خشبة المسرح في الميكروفون,رجل في بدلة يقف أمام الميكروفون ويغني,0.7
سيارة تتراجع عن مساحة,سيارة تتراجع,0.48
رجل يحمل ضفدع,رجل يفرغ حاوية بلاستيكية,0.12
رجل يسافر في قارب,امرأة تقطع جزرة بسكين.,0.0
ركب الرجل دراجته النارية على الطريق السريع.,شخص يقود دراجة نارية على الطريق,0.75
رجل يقطع بصلة,الرجل يعزف على الجيتار.,0.08
رجل يؤدي على خشبة المسرح,رجل يمزق سمكة,0.08
النساء يَحْجزونَ.,امرأتين تجلسان بالقرب من بعضهما وتتحدثان.,0.52
رجل يزيل زوجين من محمصة الخبز من علبة بلاستيكية.,رجل يخرج الطعام من كيس,0.35
امرأة ترقص بالقرب من النار,الرجل يربط حبلًا,0.0
رجل يتأمل,الرجل يركب الحصان,0.15
فتى يقطع الورق.,رجل يحمل بندقية,0.0
تحدث الرجل على الهاتف.,الفتيات يسيرون على المسرح.,0.0
رجل يعزف على الجيتار ويغني,رجل يفتح حزمة تحتوي على سماعات الرأس,0.16
لاعب كرة القدم ركل الكرة من جانب إلى آخر بين ساقيه,شخص يركل كرة قدم ذهاباً وإياباً بين قدميه,0.68
حيوان يسير.,امرأة تطبق مكياج العين.,0.0
شخص ما يخدش بطن حيوان,امرأة تعانق ليمور,0.4
رجل يرفع أوزان ثقيلة,والابى يلعق يد إمرأة,0.05
صبي يلعب بلعبة.,صبي يلعب لعبة يدوية,0.6
رجل يغوص من على منحدر,رجل يركب دراجة نارية,0.13
رجل يخرج من الماء,رجل ينهض من مستنقع,0.64
رجل وامرأة يرقصون,رجل يداعب كلباً,0.07
رجل يمسح أرضية منزل باستخدام مكنسة طويلة.,الرجل مسح غرفة المعيشة الفارغة.,0.67
مجموعة من الأزواج يرقصون.,الرجال والنساء يرقصون ببطء,0.67
رجل يزيل قشرة من سمكة,رجل يسكب بعض زيت الطبخ في وعاء.,0.2
قام الرجل بإعداد الكاميرا لتصوير غروب الشمس على الشاطئ.,رجل يقوم بتصوير بحيرة.,0.44
شخص ما يحمل و يداعب نمر رضيع,أحدهم يغسل شريحة لحم بقري كبيرة في حوض المطبخ,0.08
الرجل يعزف على الجيتار.,لقد نظفت القطة وجهه بيده.,0.0
الرجل قام بتمارين الضغط على الجدار,الرجل صعق الطعام,0.05
امرأة تقطع خضروات,امرأة تقطيع نبات البيض.,0.45
شخص يكسر بيضة في وعاء صغير.,رجل يكسر بيضة,0.52
رجل يعزف على لوحة المفاتيح,رجل يركب ثور ميكانيكي,0.24
كلب يركض في الفناء.,كلب أسود يتجول في حديقة منزل,0.64
طفل يسير في الشارع بينما تقف سيارة جيب,امرأة تسير على طول الطريق و رجل في سيارة يقف بجانبها,0.28
رجل يضيف الزيت إلى وعاء.,الكلب يصطاد سمكة في النهر.,0.04
رقصت الفتاة أمام النار.,امرأة ترقص على الموسيقى واقفة بالقرب من النار,0.55
رجل يقطع الزبدة في حاوية.,امرأة تقطع الجمبري,0.12
فتاة تم سحبها من قبل كلب,كلب يسحب طفلاً أسفل التل,0.76
خلع الرجل نظاراته الشمسية أثناء حديثه.,رجل يرتدي قبعة صلبة يخلع نظاراته بينما يتحدث.,0.68
قام الرجلين بعمل مسرحية مضحكة مع ملاكم أمام حشد من الناس,الأولاد يرقصون أمام الناس,0.3
الفتاة تنظف سريرها,امرأة تصنع السرير,0.5
أحدهم يطبخ البصل,هناك رجل يلوح بالنونشاك,0.0
الرجل يستخدم مطرقة كسر الكتلة الخرسانية التي على الرجل الآخر.,رجل يكسر لوحة من الخرسانة التي تقع على رجل عرضة مع مطرقة.,1.0
وضعت السيدة المعكرونة المجففة في الماء الساخن للطهي.,امرأة تضع حاوية من المعكرونة في وعاء ماء.,0.87
رقصت الفتيات على المسرح.,فتاة تضع المكياج,0.07
دب الباندا يستلقي.,طفل الباندا يسترخي على بعض الجذوع,0.67
طفلين يلعبان في حمام سباحة مع طوف تمساح أخضر اللون.,طفلين يدفعان تمساحاً منفوخاً في حمام سباحة,0.84
زوجان من الشرطيات يغنيان الكاريوكي,امرأتين ترقصان.,0.16
رجل يضع القرنبيط في الماء,شخص يقشر البطاطا,0.2
كان الطبيب يساعد المريض.,الأطباء يحاولون إنعاش رجل,0.56
البعض يفرك البصل في الماء,شخص يمزق البطاطا في وعاء.,0.3
الطفل يتحدث,فتى يحاول أن يقول شاحنة إطفاء,0.24
امرأة تغلي البيض,المرأة تضع بيضتين في وعاء من الماء,0.6
إمرأة تضع مكونات في بيضة محطمة,رجل يسكب البنزين,0.0
امرأة تقطع المانجو.,رجل يضع الجبن على التورتيلا,0.12
فتاة تقطع الزبدة إلى قطعتين.,امرأة تقطيع توفو.,0.2
رجل يعزف على الجيتار.,شخص يقطع اللحم إلى قطع.,0.0
رجل يفتح عبوة تحتوي على سماعات,امرأة تركب حصاناً,0.0
فتاة تعزف على الجيتار.,فتى يعزف على لوحة المفاتيح بين الناس,0.2
فتاة صغيرة تعزف الكمان على الشاطئ,جلست الفتاة على الأريكة لتخيط.,0.0
القرد هو الكاراتيه ركل في يد شخص ما القفازات.,قرد يمارس فنون القتال,0.7
أنثى تطبق شيئاً على شعرها بيديها,قطة تأكل شريحة من البطيخ.,0.0
رجل يركل رجل آخر في الكاراتيه يرتدي قفازات ملاكمة واقية,رجل يضرب الملاكمة مع مدرب,0.5
الرجل يعزف على الناي الخشبي,صبي صغير ينظف الأرضية,0.0
امرأة شابة تعزف على الجيتار.,امرأة تقطع بعض اللحم,0.15
الرجال يلعبون كرة القدم,رجل يركب دراجة نارية,0.0
امرأة تجري على الشاطئ.,كلب يسبح في بركة.,0.0
هناك رجل يصفّي المعكرونة,رجل يعزف على ناي خشبي,0.0
لعبة الباندا على الأرجوحة,رجل يعزف على الجيتار.,0.16
قطارين أخضر وأبيض يجلسان على السكك الحديدية,قطارين أخضر وأبيض على المسارات,0.88
قطة بيضاء صغيرة بعيون متوهجة تقف تحت كرسي.,قطة بيضاء تقف على الأرض.,0.52
قارب كبير في المياه في الميناء,قارب كبير في البحر,0.64
حافلة تقود في الشارع,حافلة ذات طابقين حمراء تسير في الشارع,0.8
قطار ركاب ينتظر في محطة.,قطار ركاب يجلس في المحطة.,0.96
امرأة على طاولة العشاء تكتب على دفتر ملاحظاتها,امرأة على الطاولة مشغولة بشيء ما,0.68
حاسوب آبل يجلس على الأرض,كمبيوتر ماكنتوش يجلس على الأرض,0.76
صورة عن قرب لرأس حصان بني,منظر جانبي لرأس حصان,0.68
مجموعة من الناس يأكلون على طاولة في الخارج.,مجموعة من كبار السن يجلسون حول طاولة,0.56
جوكي يركب حصاناً,جوكي يركب حصان في حظيرة.,0.76
الرجل يركب دراجة نارية على الطريق,رجل يقود دراجة نارية حمراء على الطريق,0.8
امرأة تقود حصاناً بنيّاً,فتاة شابة تركب حصاناً بنياً,0.76
طفل يقفز من حافة مع دراجة.,قطة بيضاء و سوداء تلعب بالبطانيات,0.0
كلب أسود يقف أمام الزهور الصفراء,كلب أسود يقف في الحقل,0.6
مقربة من زجاجة ماء.,نظرة عن قرب على زجاجة ماء.,0.88
صورة عن قرب لقطة ذات وجه بني,صورة عن قرب لوجه النعامة,0.12
أغنام تقف في مكان بعيد,خروف يراعي في الحقل,0.64
قط ذو شعر طويل و عيناه مغلقتان,مقربة من قطة بعيون مغلقة.,0.72
امرأة ترتدي قميصاً رمادياً تبتسم إلى الكاميرا بينما المرأة خلفها تصنع وجهاً.,امرأة مع نظرة مندهشة على وجهها تحمل امرأة مبتسمة من الخلف.,0.52
قطار أمتراك الفضي والأزرق على المسارات بالقرب من محطة قطار صغيرة.,سيارة بيضاء صغيرة مركونة عند محطة الوقود,0.12
شخص يرتدي قميصاً أزرق يجلس بجانب طاولة القهوة والتلفاز.,شخص يقف على مقعد دراجة نارية و يفتح عجلة,0.0
صورة سوداء وبيضاء لامرأة تظهر حصاناً,صورة بالأبيض والأسود للبقر في أكواخهم.,0.28
حصان بني داكن يقف في الحقل,حصان بني يقف في حقل أخضر غزير.,0.84
خيمة مزروعة مع حصان في الخلفية.,خروف أسود وأبيض مع خراف أخرى في الخلفية.,0.0
مجموعة من الناس يجلسون حول طاولة بها طعام,مجموعة من الناس يجلسون حول طاولة مع الطعام والبيرة.,0.8
حصان بني يقف في حقل أخضر غزير.,حصان بني في حقل أخضر,0.76
بقرة بيضاء و سوداء في القش,بقرة سوداء وبيضاء في حظيرة مع القش.,0.8
امرأة مسنة تقف في المطبخ مع قطتين عند قدميها.,السيدة العجوز تقف في المطبخ مع قطتين عند قدميها.,1.0
حافلة مدرسية تقود صعوداً على طريق ريفي.,سيارة سباق تقود على طريق ترابي,0.2
طائرة التمويه تجلس على حقل عشبي,طائرة متخفية تجلس على العشب الأخضر,0.88
ثلاث شابات يقفن في غرفة معاً,امرأتين هنديتين مع فتاتين هنديتين بالقرب من الماء,0.08
حافلة ذات طابقين حمراء تتجول في الشوارع,حافلة ركاب مزدوجة الطابق تقود مع حركة المرور.,0.8
خروف أبيض على منحدر تلة ينظر إلى الكاميرا,الأبقار النحيلة تقف على العشب.,0.24
مجموعة من الأغنام في الحقل,مجموعة من الخيول ترعى في الحقل,0.32
مقربة، صورة مشوهة من زجاجة كوكا فارغة.,صورة مقربة لمكتب مع كمبيوتر وأوراق عليه.,0.0
مكتبة مكتبة مزدحمة جدا مع شاشة الكمبيوتر على.,مكتب كمبيوتر فوضوي مع شاشتين.,0.6
رجل يجلس في غرفة مزدحمة,رجل يرقد في سرير في غرفة مزدحمة.,0.64
اثنان من الأبقار البيضاء في مرعى أخضر,الحصان الأسمر في المراعي,0.28
بقرة سوداء تمشي تحت الأشجار في المراعي,بقرة تمشي تحت الشجرة في المراعي,0.76
شخصان يجلسان على طاولة في مطعم,أربعة أشخاص يجلسون على طاولة,0.36
امرأة مبتسمة مع جعة تجلس بالخارج مع امرأة مبتسمة أخرى,إمرأتان جالستان بالخارج يضحكان,0.64
طائر يمسك ببوابة معدنية,طائر متعدد الألوان يتشبث بالسياج السلكي,0.64
الأبقار النحيلة تقف على العشب.,البط الأبيض يقف على الأرض,0.12
امرأة مستلقية عبر رجلين يجلسان على الأريكة,رجل وامرأتين يبتسمان إلى الكاميرا بينما يجلسان على أريكة زرقاء.,0.44
امرأة مع قلادة كبيرة.,امرأة شابة ترتدي قميصاً أسود وقلادة,0.68
بقرة بنية ذات قرون تقف في حقل,حصان بني يقف في منتصف الحقل العشب.,0.36
سفينة سياحية رصفت على الشاطئ,سفينة سياحية رصفت على الشاطئ,0.88
قطة بيضاء وسوداء ترقد تحت الأدغال,القطة البيضاء والسوداء ذات العيون الصفراء ترقد في التراب.,0.48
بقرة بنية وبيضاء تقف في العشب على جانب الطريق.,بقرة بنية وبيضاء تقف في منطقة عشب مع الأشجار وراءها.,0.72
كلب صغير ينظر إلى الكاميرا بينما يقف على العشب.,رجل وامرأة يبتسمون إلى الكاميرا بينما يقفون في المطبخ.,0.16
عجل سمراء مع علامة صفراء على أذنه اليسرى ينظر إلى الكاميرا,رجل مع نظارات وزجاجتين بلاستيكيتين في المقدمة,0.12
صورة سوداء وبيضاء للكرسي مع حقيبة في نهاية واحدة.,صورة سوداء وبيضاء لبقرة تحت شجرة.,0.0
رجلين على قارب يطفو على الماء,قارب أخضر كبير يطفو على الماء,0.48
هذه صورة خلفية لسيارة شيفروليه رياضية,الصورة الخلفية لسيارة شفروليه حمراء,0.72
شخص يرتدي خوذة يركب دراجة بالقرب من مبنى أبيض,شخص يرتدي خوذة دراجة يركب دراجة على طريق من خلال الأشجار.,0.64
صورة سوداء وبيضاء لمحطة قطار قديمة.,صورة سوداء وبيضاء لدراجة نارية مستلقية على الأرض,0.04
القطة الرمادية البيضاء تنام على القماش الأرجواني,قطة بيضاء وسوداء تنام على قماش بني,0.48
امرأة تحمل طفلا صغيرا,امرأة مبتسمة تحمل طفلاً صغيراً,0.8
مجموعة من الخيول تَرْعى في الحقلِ المعشبِ.,مجموعة من الخيول ترعى في الحقل,0.92
ثلاثة رجال يجلسون على طاولة بها مشروبات,ثلاثة رجال يجلسون على الطاولة مع البيرة والطعام.,0.68
شخصان يرتديان ملابس بيضاء يقفان على حقل عشب.,شخص يقف تحت جسر فوقي بالقرب من الطريق السريع,0.08
قطة برتقالية تنام على الأريكة,رجل يشاهد التلفاز على قدم سريره.,0.12
اثنان من النسور على فرع.,نسران أصلعاء يتسكعان على فرع.,0.76
قطة مخططة تستلقي على كيس من قمامة القطط,قطة محلية مستلقية على ظهر قمامة القطط,0.76
رجل وطفل صغير في غرفة المعيشة يتمثلان للكاميرا,رجل وامرأة يتمثلان للكاميرا,0.48
مكتب منزلي مع ثلاثة شاشات كمبيوتر ومعدات أخرى على مكتب.,غرفة بها عدة شاشات كمبيوتر,0.6
خمسة طيور تقف على الثلج.,العديد من الكرادلة يقفون في الثلج,0.76
سيارة سوداء مركونة مع سلسلة من الجبال المنخفضة,سيارة سوداء مركونة في التراب في الريف,0.52
قطار ركاب في الثلج,قطار ركاب ينتظر في محطة.,0.44
الطائر الأسود يجلس على الأرض.,طائر أسود يجلس على الأرض,1.0
الثور الأبيض والأسود ينظر إلى الكاميرا,كلب أبيض وأسود ينظر إلى الكاميرا,0.4
فتاة شابة على حصان أبيض و رمادي,فتاة شقراء شابة بملابس ركوب تجلس فوق حصان رمادي وأبيض.,0.76
خروف أسود وأبيض يسير بجانب خروف أبيض,عجل صغير أبيض وأسود مع علامة على أذنه,0.16
غرفة معيشة مع طاولة طعام في الخلفية.,صبي يقوم بالعجلة على اللوح مع الشاطئ في الخلفية,0.0
طاولة غرفة الطعام تحصل على بعض الشمس بعد الظهر.,غرفة طعام مع طاولة طعام خشبية مع زملاء اللعب.,0.44
دراجة بخارية حمراء متوقفة على الرصيف أمام الجرافيتي.,الدراجة الحمراء تقف في الشارع أمام المبنى,0.72
النورس يطفو على الماء,طائر صغير يطفو في الماء,0.72
كلب أسود يقف بجانب المواد في موقع بناء.,فتاة آسيوية صغيرة تجلس بجانب وعاء من الزهور على عمود من الرخام.,0.0
امرأة تُمثل أمام مبنى سكني في الثلج.,امرأة تقف أمام مبنى في الثلج.,0.88
خمس أبقار ترعى بجانب الطريق.,عدة خراف ترعى في الحقل,0.2
ماعزين جبليين يراعيان أمام بحيرة جبلية.,حيوانين يراعي بجانب الجبل، و جسد من الماء.,0.64
الأبقار البيضاء والسوداء خلف السياج,اثنين من الأبقار السوداء والبيضاء وراء بوابة معدنية ضد السماء الزرقاء الغائمة جزئيا.,0.64
قطار ركاب ينتظر في محطة.,قطار ركاب ينتظر في محطة قطار المدينة,0.8
حيوان أبيض يركض عبر الغابات المغطاة بالثلوج,كلب أبيض يركض عبر الغابة المغطاة بالثلوج.,0.68
رجل يجلس على العشب ينظر نحو السماء,القطار يسير على السكة في الثلج.,0.0
تلفاز أسود شاشة مسطحة وضعت على الأرض.,تلفاز بشاشة مسطحة على الأرض,0.8
دراجة فضية مركونة في غرفة المعيشة,دراجة في غرفة الطعام,0.48
قطار أسود على مسارات القطار,قطار على مسارات القطار,0.82
قطار أسود على مسارات القطار,قطار على مسارات القطار,0.82
قطة برتقالية تنام على الأريكة,رجل يرتدي سراويل يجلس على أريكة خضراء,0.0
النسر الأصلع يقف على حبل,نسران أصلعاء يتسكعان على فرع.,0.52
زوجين يتمثلان للصورة على الأريكة,زوجان شابان يجلسان على الأريكة,0.8
الرجال يعزفون الجيتار ويشربون,هناك صبي صغير مع سترة حمراء وزرقاء على تغذية الغنم.,0.0
قطتان يجلسان معاً على الأريكة ينظران من النافذة,قطتان تنظران إلى نافذة.,0.76
حافلة ذات طابقين حمراء,حافلة ذات طابقين حمراء,0.75
صورة عن قرب لحيوان ذو وجه طويل يقف على العشب بالقرب من شجرة.,صورة عن قرب لامرأة ترتدي أحذية سوداء بجانب دراجة نارية زرقاء.,0.0
كلب بني وأبيض يجلس على كرسي ذي نمط زهري.,كلب صغير برتقالي وأبيض مع طوق وجرس يسترخي على وسادة مطبوعة الزهور.,0.36
مجموعة من الناس يجلسون على طاولة مطعم,مجموعة من الناس يجلسون حول طاولة بها طعام,0.84
اثنان من الأغنام على جرف ينظرون إلى الكاميرا.,اثنان من الأغنام يقفون، ينظرون إلى الكاميرا، يواجهون الاتجاهات المعاكسة.,0.4
صورة سوداء وبيضاء لمحطة قطار فارغة.,صورة بالأبيض والأسود لقطة مستلقية,0.32
صف من القاطرات على جانب في حقل.,حصان بني داكن يقف في الحقل,0.24
جهاز كمبيوتر أبيض من شركة آبل يجلس على السجادة البيج في غرفة النوم.,حاسوب آبل يجلس على الأرض,0.72
كلب ينام تحت طاولة صغيرة,كلب ينام تحت الطاولة,0.92
قارب بأربعة أشرعة يبحر على الماء,قارب شراع يبحر على الماء,0.72
سيارة رياضية حمراء تتسابق في المسار,سيارة رياضية حمراء تقود بسرعة على المسار.,0.92
طائر أسود يجلس على لوح من الخرسانة,كلب صغير يجلس بجانب الجدار الأبيض,0.16
حافلة فيكتوري لاينر بيضاء مع خطوط حمراء وذهبية.,حافلة سياحية بيضاء ذات خطوط حمراء، برتقالية وصفراء.,0.64
حافلة ذات طابقين حمراء على جانب الشارع,حافلة حمراء مزدوجة الطابق في شارع المدينة,0.88
مجموعة من قوارب النهر مع أشجار في الخلفية.,فتاة شابة ترتدي خوذة دراجة مع دراجة في الخلفية.,0.08
النورس يطفو على الماء,سفينة سياحية كبيرة تطفو على الماء,0.24
دراجة نارية متوقفة بجانب سيارة,دراجة بخارية بي إم دبليو مركونة بين سيارتين,0.6
قطة رمادية تنظر من النافذة,قطة تنظر من النافذة,0.8
صورة سوداء وبيضاء لبقرة تحت شجرة.,صورة بالأبيض والأسود لابقرة تمشي تحت شجرة في الحقل.,0.84
نبات في وعاء تحت ضوء الشمس من النافذة,نبات في وعاء مع عدد قليل من البراعم.,0.56
أربعة أشخاص يجدفون قارب بالقرب من الشاطئ,أربعة أشخاص على متن قارب على المياه الخضراء,0.56
فتاة ترتدي قميصاً أحمراً تقود حصاناً بنياً.,كلب سمراء وبيضاء مستلقية في السرير مع بطانية صفراء.,0.0
هناك مكتب وكرسي صغير أمام غرفة الغسيل,غرفة ذات جدران سمراء وغسالة ومجفف,0.28
قطار ركاب آمتراك ينتظر في محطة.,قطار ركاب ينتظر في محطة.,0.8
طائرة كبيرة على الأرض في المطار,طائرة ركاب تطير في الهواء.,0.36
فتاة شابة ترتدي خوذة تركب حصان,فتاة ترتدي بلوزة حمراء تقود حصاناً بنياً,0.4
الناس يجلسون على الشرفة,الناس يجلسون على الأريكة,0.28
حصانان يقفان في حظيرة,مجموعة من الخيول ترعى في الحقل,0.32
القطار الأحمر والقطار الأصفر على المسارات,قطارين يسافران على المسار,0.68
شخصان يجلسان على طاولة في مطعم,مجموعة من الناس يجلسون حول طاولة على الشرفة.,0.2
خروف يقف بجانب حيوانين صغيرين,خروف يقف بجانب أطفاله,0.28
شخص يركب دراجة في الهواء الطلق,شخص يقفز دراجة نارية في الهواء,0.44
بقرة سمراء مع علامات الأذن في حقل عشبي.,الكثير من الأغنام تقف على تلة خضراء,0.04
قارب شراع يبحر على الماء,قارب شراع يطفو على الماء الأزرق,0.84
امرأة ترتدي قبعة الفايكينج,امرأة مبتسمة جالسة ترتدي قبعة الفايكنج,0.84
حافلة ذات طابقين بيضاء متوقفة,حافلة ذات طابقين حمراء وبيضاء متوقفة.,0.84
حقل من الأغنام ذات الوجه الأسود,خروف ذو وجه أسود,0.56
طيرين على شريط معدني.,طيرين صغيرين على قضيب معدني,0.8
طاولة بمنشفة زرقاء في المطبخ.,خزانات خشبية في المطبخ,0.32
امرأة شابة مع سوار يرتدي قمة البيكيني والجينز.,امرأة ترتدي قميص البيكيني وبنطال جينز,0.8
حصان بني يراعي في حقل من العشب الأخضر,حصان بني يقف في منتصف الحقل العشب.,0.8
وعاء من السائل في وسط لوحة مغطاة بالورق الصفيح.,وعاء من الطعام يوضع في وسط منشفة طاولة حمراء.,0.28
بقرة بيضاء و سوداء تقف في حقل عشبي,غزال أزرق يقف في حقل عشبي,0.12
طائرة صفراء وزرقاء تطير في السماء.,الطائرة البيضاء تطير في السماء الزرقاء.,0.64
امرأة تجلس على كرسي في عيد الميلاد تحمل المكياج,قطار يجلس على القضبان في ساحة القطار.,0.0
أربعة شبان آسيويون يجلسون في غرفة أو غرفة معيشة,فتاة تجلس على كرسي,0.16
القطار يسير على السكة,القطار يزحف على المسارات,0.92
امرأة شابة ترتدي ملابس سوداء,طفلين صغيرين يرتديان ملابسهما ويجلسان على الكراسي,0.04
مجموعة من الناس يجلسون على الطاولة مع المشروبات.,أربعة أشخاص يجلسون على طاولة,0.6
طائرة تحلق في المسافة,امرأة على حصان أبيض,0.0
مجموعة من قوارب النهر مع أشجار في الخلفية.,مجموعة من الأبقار في حقل مع علامات صفراء في آذانهم.,0.04
غرفة معيشة مع طاولة طعام في الخلفية.,غرفة معيشة مع أرائك كبيرة وطاولة طعام في الخلفية.,0.72
قطة مخططة صفراء ترقد على أريكة زرقاء.,قطة برتقالية تنام على الأريكة,0.8
قطار ركاب قادم إلى محطة.,طائر كبير يطير في الهواء.,0.0
شخصان يجدفان في قارب أحمر مع أشجار في الخلفية,شخصان يركبان قاربًا أصفر أسفل النهر مع أشجار في الخلفية,0.68
قطار أسود يتحرك أسفل المسارات.,القطار الأسود يتوقف على السكة,0.44
سيارة جيب بيضاء مركونة أمام متجر,سيارة جيب بيضاء مركونة في الشارع,0.7
امرأتين تقفان أمام حافلة جولة.,رجلين يتحدثان أمام طائرة,0.08
رجل يركب دراجة سوداء كبيرة,يجلس طفل على كرسي جلد أسود كبير.,0.0
هناك دراجة مركونة خارج متجر كتب.,الناس يقفون خارج متجر الكتب,0.16
طائرة في منتصف الرحلة عند الغروب,طائرة تحلق قرب غروب الشمس,0.76
حافلتان حمراء مركونة مع حدائق أمامها.,الحافلات الحمراء متوقفة بجانب مبنى أبيض كبير بجانب حديقة رسمية.,0.68
الببغاء الأصفر يتشبث بجانب قفصه,طائر أصفر و برتقالي يمسك بجانب القفص,0.68
زوجين يبحران في قارب صغير,رجلين يبحران في قارب صغير,0.6
دراجة نارية فضية وزرقاء تجلس بجانب سيارة.,دراجة نارية متوقفة بجانب سيارة,0.72
حافلة ذات طابقين حمراء,حافلة حمراء ذات طابقين,1.0
أقدام تقف في يوم جميل مع بناء كبير في الخلفية.,شرطيين يقفان خلف شاحنة مع حافلة في الخلفية,0.08
كلب أبيض صغير يمضغ غصاناً بينما يرقد على سطح خشبي.,الكلب الأبيض مستلقي على الأرضية الخشبية تحت الطاولة.,0.32
رجل يقف أمام القطار الفضي,رجل يقف أمام عربة قطار فضية,0.88
صورة عن قرب لخروف مع لسان معلق.,صورة قريبة لخروف مع لسان معلق.,1.0
بقرة ذات قرون بيضاء وسوداء تقف في حقل,بقرة بيضاء و سوداء تقف في الحقل,0.84
رجل يركب حصان أبيض في الساحة,رجل يركب حصان أبيض,0.8
قطار يجلس على القضبان بالقرب من حقل.,قطار يسافر على المسارات,0.44
امرأة وطفل صغير يجلسان على طاولة العشاء يبتسمان إلى الكاميرا,قطة صغيرة مستلقية على عمود خشبي تنظر إلى الكاميرا.,0.08
تمثال بوذا يجلس على طاولة مع عجلة طاولة خشبية,طائر يقف على أعلى حائط خشبي.,0.08
حافلتان حمراء تقودان أمام حديقة.,القطار يتوقف في محطة,0.0
الأبقار ترعى في حقل مغطى بالثلوج.,خمس أبقار ترعى في حقل مغطى بالثلوج.,0.76
رجل يركب حصان أبيض,امرأة تقود حصاناً بنيّاً,0.36
رجل يرتدي قميصاً أزرق يقف أمام نافورة,رجل يرتدي قميصًا أزرقًا وبنطالًا داكنًا يقف أمام تمثال لرجل، وهو في ساحة مرصوفة بالحصى.,0.64
فتاة ترتدي ملابس ركوب تجلس على حصان بني.,فتاة ترتدي قميصاً أحمراً تقود حصاناً بنياً.,0.8
كرسي بلاستيكي شفاف أمام رف الكتب,كرسي بلاستيكي شفاف أمام رفوف الكتب,0.84
كلب يرتدي سترة رمادية.,كلب يرقد في سترة الحيوانات الأليفة,0.6
خروف يقف على منحدر تل,خروف كبير يقف على تلة,0.8
بقرة بيضاء و سوداء تقف في حقل عشبي,بقرة بيضاء و سوداء تقف في الحقل,0.76
امرأة ترتدي قميص بيكيني أسود وبنطال جينز,امرأة ترتدي قبعة سوداء تقف بجانب مترو الأنفاق.,0.2
فتاة تقود حصاناً بنيّاً,الفارس يرتدي اللون الأرجواني و يركب حصانًا بنيًا,0.44
رجل يقف أمام سيارة كورفيت صفراء,رجل يقف بجانب سيارة رياضية صفراء.,0.64
رجل يجلس على العشب ينظر نحو السماء,الرجل يقف على الرصيف أمام الحصان,0.0
رجل يتصور أمام نافورة كبيرة مع تمثال على القمة.,رجل يرتدي قميصاً أزرق يقف أمام نافورة,0.56
قطة بيضاء تقف على سجادة,خروف يقف في الغابة,0.08
تلفاز بشاشة مسطحة على الأرض,تلفاز بشاشة مسطحة يجلس على الأرض.,1.0
حصانان بنيان يقفان في حقل عشبي.,رجلين يبحران في قارب صغير,0.0
خروفين يقفان في باب.,اثنين من الأغنام تقف على أرض متجمدة الثلج.,0.28
غرفة بها عدة شاشات كمبيوتر,غرفة بها أربع شاشات كمبيوتر متتالية,0.8
طابور خارج متجر كتب في الشارع,الدراجة الصفراء متوقفة في الشارع.,0.08
طائرة ركاب تجلس على المدرج.,طائرة ركاب كبيرة تطير بالقرب من الأرض,0.36
زجاجة خضراء قديمة جالسة على طاولة.,ثلاثة رجال يرتدون البدلات يجلسون على طاولة,0.08
اثنان من الخيول البيضاء يحدقون فوق السياج,حصانان يقفان في حظيرة,0.6
الأبقار البيضاء والسوداء تتوقف أمام البوابة,الطائرة البيضاء تطير في السماء.,0.0
بقرة بيضاء و سوداء تقف في حقل عشبي,بقرة ذات قرون بيضاء وسوداء تقف في حقل,0.8
صورة بالأبيض والأسود لقطة مستلقية,صورة سوداء وبيضاء لقطة مستلقية على سجادة.,0.84
رجل وامرأة يقفان يبتسمان للكاميرا,رجل وامرأة يتمثلان للكاميرا,0.84
قطة بيضاء و برتقالية نائمة على كرسي من الجلد,قطة حمراء جالسة على كرسي مكتب,0.6
قطة بيضاء تقف على سجادة,قطة جميلة ذات خطوط بيضاء رأسها معلق على الطاولة,0.32
القطة المنزلية الرمادية والبيضاء مستلقية على مكتب.,رجل ودراجته يرقدون على العشب الأخضر.,0.04
امرأة تُمثل أمام مبنى سكني في الثلج.,حافلة بيضاء متوقفة في العشب أمام المبنى.,0.0
امرأة شابة مع سوار يرتدي قمة البيكيني والجينز.,امرأة ترتدي الجينز، قمة البيكيني الداكنة، وسوار.,0.92
طاولة وكراسي في غرفة مع صورة على الحائط ومروحة سقف.,حافلة مدرسية تقود على الطريق مع الأشجار الخضراء والعشب في الخلفية.,0.0
رجل يجلس على السرير يشاهد تلفازا صغيرا,رجل يجلس على السرير بالقرب من جهاز تلفزيون صغير,0.68
المصابيح الأمامية على سيارة زرقاء,مقربة من المصابيح الأمامية لسيارة زرقاء,0.84
قطار ركاب قادم إلى محطة.,قطار ركاب يجلس في المحطة.,0.48
طائرة تواجه الكاميرا,بقرة وحيدة تجلس في البرد في الفناء,0.0
امرأة تقود حصاناً بنيّاً,شخص يرتدي ملابس بيضاء على حصان بني,0.64
جوكي يركب حصاناً,جوكي يركب حصان في حظيرة.,0.76
الكلبان يختلطان مع الحيوانات,كلبان يجلسان على الأريكة مع العديد من الحيوانات المحشوة.,0.68
هناك قطار يسير على السكة الحديدية,قطار يسير أسفل السكة في منطقة ريفية.,0.8
شخص يقف على جبل ذي ثلج يراقب طائرة,رجل يقف على جبل يراقب طائرة,0.88
طائر يرفرف بجناحيه في الماء.,طائر أسود كبير يجلس في الماء.,0.64
سفينة سياحية رصفت في ميناء,سفينة سياحية رصفت على الساحل,0.64
حافلة حمراء مزدوجة الطابق في شارع مزدحم,حافلة بيضاء في الثلج على شارع عام.,0.4
امرأة ترعى كلباً في منطقة محصورة,امرأة تعاشر كلباً في ساحة مغلقة.,0.96
قطة بيضاء و سوداء تلعب بالبطانيات,قطة بيضاء وسوداء تدخل إلى سلة من الخيوط,0.44
رجل على دراجة جبلية ينزل من المنحدر,هذا رجل يركب دراجة جبلية فوق الصخور في يوم صافي.,0.64
قطة تستلقي على كرسي مكتب,قطة حمراء جالسة على كرسي مكتب,0.76
مجموعة من الخيول ترعى في الحقل,حصان بني يراعي في حقل من العشب الأخضر,0.52
مجموعة من الناس يتناولون الشراب,صف من القاطرات على جانب في حقل.,0.0
كلبان في كوخ محصن ينظران للأمام,إمرأتان تُمثلان في غرفة طعام مع طفل.,0.0
ثلاث أغنام على طريق ترابي ينظر إليه من سيارة ركاب.,ثلاثة خراف في منتصف الطريق الحصى.,0.68
طائرة صفراء وزرقاء تطير في السماء.,تسع طائرات حمراء وبيضاء تحلق في تشكيلة تدخن,0.2
القطار يجلس في محطة القطار.,القطار الأزرق في المحطة.,0.8
قطار يجلس على القضبان بالقرب من حقل.,طفل يجلس في العشب.,0.0
حافلة ذات طابقين حمراء تأخذ الركاب,حافلة حمراء مزدوجة الطابق تأخذ المزيد من الركاب في المدينة.,0.88
رجلين يجلسان على الأريكة يحملان البيرة وفتاة ممددة على حضنهما,إمرأتين تراقبان الشارع بدراجاتهن لمعرفة متى يمكنهن العبور,0.0
امرأتان في المطبخ ينظران إلى شيء.,إمرأتان في المطبخ وواحدة تلتقط صورة,0.56
حصان سباق يقفز بدون راكب,حصان يتجول وهو يرتدي الرقم 4,0.56
محرك بخاري و قطار يتحرك نحو الكاميرا,طائر مفترس كبير يطير نحو الكاميرا,0.16
صورة بالأبيض والأسود لزجاجة كوكاكولا زجاجية.,هذه صورة بالأبيض والأسود لقنينة كوكاكولا قصيرة.,0.84
طائر صغير يجلس على فرع جليدي,طائر أصفر يجلس على فرع,0.64
فتى بنظارات يكتب على الكمبيوتر,فتى ينظر إلى شاشة الكمبيوتر,0.64
شاحنة حمراء تدور إطاراتها بينما أسود واحد يترك الإطار.,شاحنة حمراء تدور الإطارات وتصدر الدخان من الخلف,0.64
غرفة معيشة مع طاولة، كرسي وأريكة جنبا إلى جنب مع رافعة كبيرة.,غرفة معيشة مع أريكة زرقاء، سرير مخيم، مقعد خشبي ومدرسة.,0.48
امرأة مبتسمة تحمل طفلاً صغيراً,امرأة تجلس على الأريكة تحمل طفلاً,0.68
محطة بنزين إيسو مع أشجار في الخلفية.,شرطيين يقفون خلف شاحنة مع حافلة في الخلفية,0.0
أربع طائرات زرقاء وصفراء تحلق فوق أربع قوارب,أربع طائرات زرقاء وصفراء في الطيران,0.84
حصان يقف قرب بوابة مع حصان آخر في الخلفية.,مجموعة من قوارب النهر مع أشجار في الخلفية.,0.0
ثلاث زجاجات على الطاولة.,زجاجة خضراء قديمة جالسة على طاولة.,0.48
محرك بخاري ينزل على مسار القطار بالقرب من الأشجار,القطار في محطة القطار,0.28
القطار في محطة القطار,قطار ركن في محطة قطار.,0.84
امرأة تجلس على الأريكة تحمل طفلاً,طائر يجلس على جذع في بحيرة,0.08
طائران يطيران نحو مصنع المياه,طيران يطيران بالقرب من مطاعم الطيور,0.72
بقرتين تقفان في حقل كبير,حصان يقف في حقل,0.32
مجموعة من الأغنام ترعى على تلة.,مجموعة من الأغنام على تلة.,0.8
رجل يقف أمام قطار,رجل يقف أمام تمثال مرتفع,0.4
إمرأتان يتمثلان أمام الكاميرا ويعطيان إشارة الإبهام للأعلى,إمرأتان شابتان مبتسمتان يعطيان إشارة الإبهام,0.88
امرأة تحمل طفلا صغيرا بينما تجلس على الأريكة.,امرأة تجلس على الأريكة تحمل طفلاً,0.96
حافلة يونايتد حمراء ذات طابقين في شارع المدينة,حافلة حمراء مزدوجة الطابق تقود على الطريق,0.8
امرأتان جالستان على الأريكة البنية,امرأتين تقفان خارج حافلة,0.2
قطة رمادية ذات عيون خضراء تنظر إلى الكاميرا,قطة رمادية و سوداء و بيضاء تنظر إلى الكاميرا,0.64
الطائر يجلس على الفرع.,الخروف يقف تحت الأشجار.,0.0
مجموعة من الناس يجلسون على طاولة المطعم,شخصان يجلسان على طاولة في مطعم,0.76
بقرة بيضاء وسوداء تقف على العشب مقابل سماء زرقاء غائمة جزئياً.,اثنين من الأبقار السوداء والبيضاء وراء بوابة معدنية ضد السماء الزرقاء الغائمة جزئيا.,0.48
رجل على حصان أبيض,رجل يركب حصان أبيض في الساحة,0.64
اثنين من أبقار الحليب يشربون من بركة.,بقرتين تشربان من بركة.,0.92
هناك العديد من الأغنام المقصوصة في حظيرة.,ثلاثة خراف بيضاء في الحظيرة,0.48
الكلب الأسود مستلقٍ في العشب.,كلب أسود يرقد على العشب.,1.0
شابين يجلسان على طاولة بجانب باب زجاجي مزلق، مع شخص واحد يشير إلى الآخر.,شخصان يجلسان وجهاً لوجه على طاولة بينما يشير أحدهما إلى الآخر,0.84
رجل وامرأة يمشون بأيديهم على طول الشاطئ,رجلٌ ذو لحية وقلنسوة و صبي يمشون على شاطئ المحيط,0.44
عشرة أغنام تنظر إلى الكاميرا,قطة على ظهرها تنظر إلى الكاميرا,0.24
كلب أبيض وأسود ينظر إلى الكاميرا,الماعز الصغير الأسود والأبيض في القفص ينظر إلى الكاميرا.,0.28
طاولة سوداء مع كرسي أبيض,امرأة مع طفلها,0.0
حافلة ذات طابقين حمراء تأخذ الركاب,حافلة حمراء مزدوجة الطابق تقود في الشارع,0.44
قارب شراع يبحر على الماء,قارب يبحر في يوم غائم,0.68
طائر أزرق يقف على يد شخص يرتدي قفازات.,طائر على يد شخص يرتدي قفازات,0.84
فتاة راكبة على حصان بني و أبيض,فتاة تقود حصاناً بنيّاً,0.72
قطار أسود على المسار,سيارة مركونة أمام مسارات القطار,0.2
صبي صغير يلوّن بقلم رصاص أحمر وأزرق,فتاة شقراء شابة بملابس ركوب تجلس فوق حصان رمادي وأبيض.,0.0
مجموعة من الناس في غرفة المعيشة,مجموعة من أربعة أشخاص يمشون بجانب فطر عملاق,0.16
بطة بيضاء مطيعة على العشب بالقرب من الماء.,طفل صغير يرتدي فستاناً وردياً يجلس على طاولة.,0.0
القطة جالسة بين دراجتين أمام الباب,من حصان يقف في حقل أمام سياج,0.0
فتاة تحمل حقيبة حمراء تقف في الشارع.,كلب أسود يحدق في خروف.,0.0
فارس يركب حصان أبيض,امرأة تقود حصان أبيض,0.68
قطار طويل على مسارات القطار.,قطار على مسارات القطار,0.84
كلب أسود وأسمر ينظر إلى خروف أسود.,كلب أسود ينظر إلى خروف بني في حظيرة.,0.6
غرفة مع العديد من أجهزة الكمبيوتر والصور على الحائط.,مكتب منزلي مع ثلاثة شاشات كمبيوتر ومعدات أخرى على مكتب.,0.56
صورة سوداء وبيضاء لبقرة تمشي تحت شجرة في الحقل.,كلب أبيض وأسود ينظر إلى الكاميرا,0.2
"طائرة فضية من طراز ""أريو مكسيكو"" تجلس على المدرج",طائرة فضية من (أيروميكسيكو) على المدرج,0.84
رجل على دراجة قافزة عالية جداً,رجل على دراجة نارية يقفز مع السماء خلفه,0.68
شخصان يبحران في قارب شراع أبيض صغير,زوجين يبحران في قارب صغير,0.84
طائرة بيضاء متوقفة على الأسمنت.,دراجة نارية زرقاء متوقفة على الرصيف.,0.16
ثلاث أبقار ترعى في حقل.,عدة خراف ترعى في الحقل,0.16
الرجل يجلس على طاولة فوضوية ويستخدم جهاز كمبيوتر محمول,رجل يجلس ينظر إلى كمبيوتر محمول على طاولة فوضوية.,0.96
طاولة طعام مع الشموع، النبيذ، وعلبة شاي.,يتم وضع طاولة خشبية مع الشموع والنبيذ ووعاء بلاستيكي أرجواني.,0.6
شخصان يجدفان قاربًا أحمر ينعكس في الماء الهادئ.,شخصان في قارب أحمر على بحيرة صافية,0.64
امرأة ترتدي ملابس قليلة تقف بجانب سيارة.,امرأة ترتدي ملابس ضئيلة تقف بجانب سيارة حمراء صغيرة,0.76
حافلة ذات طابقين حمراء تأخذ الركاب,حافلة ذات طابقين حمراء,0.44
تمثال بوذا يحمل شمعة يجلس على طاولة.,رجل يصطاد في قارب صغير بينما هو في بحيرة,0.0
ثلاثة أشخاص يجلسون على طاولة العشاء يبتسمون إلى الكاميرا,امرأتان مسنتان يجلسان على طاولة العشاء مع رجل.,0.4
قطار متعدد الألوان على مسار.,قطار أسود على المسار,0.56
حافلة بيضاء وحمراء تسافر في الشارع.,الحافلة الحمراء في الشارع.,0.44
طائرة حمراء وزرقاء تطير مع أجهزة الهبوط أسفل.,طائرة مقاتلة من الحرب العالمية الثانية مع انخفاض عجلة الهبوط,0.64
قارب صغير ينزل في الجدول,قارب يتحرك في النهر,0.6
أربع نساء ورجلان يجلسان على طاولة طويلة في مطعم.,مجموعة من الناس تجلس على طاولة في مطعم إيطالي.,0.6
ماعزين يقفان في حقل بجوار شجرة.,قارب كبير يسحب قارب أبيض صغير,0.0
صورة سوداء وبيضاء لغرفة مع نافذة كبيرة، أريكة، وكرسي.,مشهد أسود وأبيض من غرفة مفروشة جيدا مع منظر يطل على الغابة.,0.6
مقربة من حصان بني مع ثوب أزرق.,مقربة من حصان يرتدي ثوب أزرق,0.72
طائر أسود كبير يجلس في الماء.,الطيور تسبح في الماء.,0.52
صورة مقربة لقطة على أريكة كريم,قطة سيامية ترقد على أريكة بيضاء,0.68
شخص يقفز على دراجة ويقوم بخدعة,شخص يركب دراجة في الهواء الطلق,0.45
حافلة مدرسية صفراء متوقفة في منطقة ريفية.,حافلة مدرسية صفراء متوقفة في حقل.,0.8
كلب الكلب يجلس على كرسي أصفر بجانب حاوية قمامة خضراء,كلب يجلس على كرسي أصفر بجانب حاوية نفايات كبيرة,0.64
المرأة تجلس على الدراجة النارية الحمراء,الخروف الأبيض يقف على التل الأخضر.,0.0
خروف يقف على طاولة في مزاد.,أغنام صوفية في دار المزاد,0.84
صورة عن قرب لمحرك قطار أسود,مقربة من خروف أبيض برأس أسود,0.0
قطة بيضاء و برتقالية نائمة على كرسي من الجلد,قطة برتقالية بيضاء مستلقية على بطانية في كرسي من الجلد الأسود.,0.8
القطار يسير على مساره,القطار ينزل على المسار بين صفين من الأشجار,0.6
بقرة بيضاء و سوداء تقف في حقل عشبي,بقرة ذات قرون بيضاء وسوداء تقف في حقل,0.76
حافلة يونايتد حمراء ذات طابقين في شارع المدينة,حافلة مزدوجة الطابق تقود في شارع المدينة.,0.8
التلفاز ومكتب غرفة الفندق مع إضاءة المصباح.,التلفزيون والكمبيوتر المحمول مفتوحان في غرفة الفندق.,0.52
رجل يركب دراجة صغيرة,رجل يقود دراجة,0.56
امرأة ترتدي فستانًا بحريًا تقطع كعكة على طاولة بيضاء.,شخص يرتدي خوذة يجلس على دراجة في يوم مشمس.,0.08
قطار أسود يتحرك أسفل المسارات.,قطار يسافر على المسارات,0.8
صورة عن قرب لدراجة نارية بيضاء وأرجوانية.,صورة عن قرب لمكتب مع كمبيوتر وأوراق عليه.,0.2
فتاة شابة تركب حصاناً بنياً,امرأة على حصان بني,0.76
امرأتان في المطبخ ينظران إلى شيء.,ثلاثة رجال يرتدون البدلات يجلسون على طاولة,0.0
إمرأتان يتمثلان مع طفل,امرأة تمثل مع طفل رضيع.,0.44
مجموعة من الناس يجلسون حول طاولة تحتوي على الطعام.,أربعة أشخاص يجلسون في غرفة مع وجبات خفيفة,0.56
دراجة نارية زرقاء متوقفة على الرصيف.,دراجة نارية زرقاء مركونة على الرصيف,0.8
حافلة حمراء مزدوجة الطابق في شارع المدينة,حافلة حمراء مزدوجة الطابق تقود في الشارع,0.96
قطارين داخل محطة قطار,القطار يجلس في محطة القطار.,0.48
رجل يركب حصان أبيض,امرأة على حصان أبيض,0.44
رجل وامرأتين يبتسمان إلى الكاميرا بينما يجلسان على أريكة زرقاء.,رجل وامرأة يبتسمون إلى الكاميرا بينما يقفون في المطبخ.,0.44
سفينة سياحية كبيرة في الميناء مع أشجار خلفها.,سفينة سياحية رصفت على الساحل,0.68
بقرتين تعبران مفترق طرق,بقرتين تعبران شارعاً مُرصّفاً.,0.76
العديد من الأبقار تَرْعَى على الوسط بجانب الطريقِ.,خمس أبقار ترعى على قطعة من العشب بين طريقين.,0.8
بقرة سوداء وبقرة بنية تقفان في سهل أمام شجرة مقتلعة.,بقرة سوداء وبقرة بنية يقفان أمام شجرة صغيرة في الحقل,0.84
حافلة ذات طابقين حمراء تسير في الشارع,حافلة مزدوجة الطابق في شارع المدينة.,0.72
بقرة سمراء مع علامات الأذن في حقل عشبي.,شخص في حقل عشبي يرعى الأغنام,0.24
مقربة من الجبهة الأمامية لدراجة نارية بيضاء وأرجوانية,مقربة من مؤخرة سيارة رياضية حمراء,0.24
إمرأتان تتسوقان في متجر ملابس,إمرأتان في متجر ملابس,0.92
مجموعة من الناس يجلسون على طاولة مطعم,مجموعة من الناس يجلسون على طاولة المطعم,0.92
صورة عن قرب لرأس حصان بني,صورة عن قرب لحافلة مدرسية صفراء.,0.0
شخص يرتدي قبعة حمراء يقف بجانب عمود دعم من الطوب.,هناك حصان بني يقف على العشب والعشب.,0.0
يَمْشي a فرخ خليجي بجانب أمّه في a حقل عشبي.,صورة عن قرب لخيول شابة تمشي بجانب حصان أكبر.,0.52
امرأة تقف بجانب بقرة بنية اللون,امرأة ترتدي نظارات تقف بجانب بقرة في الحقل.,0.76
كلب يخرج من مؤخرة شاحنة,كلب ينظر من خلف الشاحنة,0.72
امرأة ترتدي فستانًا أزرقًا تقطع الطعام,امرأة في فستان أزرق تقطع كعكة.,0.76
القطة البيضاء والسوداء تنظر إلى الكاميرا,قطة رمادية و سوداء و بيضاء تنظر إلى الكاميرا,0.72
فتاتان سمراوات يجلسان فوق دراجة نارية حمراء وصفراء مع عربة جانبية,زوجين يتمثلان على دراجة نارية حمراء وصفراء,0.64
قطة بيضاء صغيرة تقف في المغسلة,القطة الرمادية والبيضاء تجلس في حوض الحمام.,0.72
رجل على المقعد الخلفي من دراجة ثنائية حمراء.,رجل وحيد على ظهر دراجة مزدوجة,0.72
كمبيوتر على المكتب,جهاز كمبيوتر يعمل على مكتب,0.8
طفل صغير يبتسم للكاميرا,طفل صغير يجلس على جدار أسمنت بالقرب من زهرة بيضاء.,0.32
طائر صغير يطفو في الماء,بطة تطفو في الماء,0.48
"حافلة بيضاء مع كلمة ""جوليا"" بالقرب من الماء وسفينة كبيرة.",حافلة بيضاء مع الماء وقارب في الخلفية.,0.76
القطار الأزرق والأبيض القديم على المسارات,قطار أزرق في منطقة جبلية,0.52
قارب أصفر على الشاطئ,قارب أصفر على الشاطئ,0.8
حارس مطبخ مع أوراق على طاولة الطعام الزرقاء.,مطبخ صغير وطاولة مزدحمة بمنشفة زرقاء.,0.68
القطار في محطة,القطارات داخل محطة داخلية,0.76
هناك قطة رمادية تجلس على حافة النافذة تنظر إلى الكاميرا.,القطة تقف على حافة النافذة تنظر إلى الكاميرا.,0.8
رجل يعزف الجيتار وهو جالس,حافلة بيضاء وحمراء تسير على الطريق,0.0
حافلة ذات طابقين حمراء تقود في الشارع,حافلة مزدوجة الطابق في شارع المدينة.,0.84
ثلاث أبقار ترعى في حقل عشبي.,ثلاث أبقار ترعى في حقل,0.92
القطار البني يقف على مسارات السكك الحديدية.,القطار الأبيض يجلس على السكة الحديدية,0.45
بقرة ذات قرون بيضاء وسوداء تقف في حقل,صورة بالأبيض والأسود لقطة جالسة على الأريكة,0.08
طفلة شقراء صغيرة ترتدي فستاناً أزرق الجلوس على طاولة بالقرب من والدتها.,فتاة شقراء شابة ترتدي خوذة تجلس مع دراجة حمراء خلفها.,0.32
مجموعة من الناس يجلسون على طاولة مطعم,مجموعة من الناس يجلسون حول طاولة على الشرفة.,0.52
بقرة سوداء وبيضاء في حظيرة مع القش.,قطة بيضاء وسوداء ترقد في التراب.,0.08
حافلة حمراء ذات طابقين,الأمام والجانب الأيسر من حافلة ذات طابقين حمراء.,0.64
صورة عن قرب لرأس حصان,منظر جانبي لرأس حصان,0.64
سفينة شراعية خشبية قديمة الطراز في المحيط,يخت خشبي على المحيط,0.64
خروف يقف في منطقة جبلية,خروف كبير يقف على تلة,0.88
طائرة بيضاء على المدرج,طائرة بيضاء على المدرج,0.96
جرو مشمّر يُداعب.,جرو سمراء يُحمل ويُداعب.,0.88
غرفة طعام أنيقة مع أثاث خشبي.,غرفة طعام وردية أنيقة مع أثاث خشبي.,0.76
امرأة مستلقية عبر رجلين يجلسان على الأريكة,رجلين بملابس قصيرة يجلسان على الأريكة.,0.4
دراجتين ناريتين على طريق قذر,اثنان من راكبي الدراجات القذرة يمتطيان التلة القذرة,0.72
القطة البيضاء والسوداء تنظر إلى الكاميرا,كلب أبيض وأسود ينظر إلى الكاميرا,0.44
قطة رمادية ذات عيون خضراء تنظر إلى الكاميرا.,قطة رمادية ذات عيون خضراء تنظر إلى الكاميرا,1.0
خروفين يقفان على تل عشبي.,اثنان من راكبي الدراجات القذرة يمتطيان التلة القذرة,0.04
رجل يرتدي ملابس بيضاء مع زجاجة نبيذ وامرأة ترتدي سترة عنقية حمراء مع سترة بيضاء,رجل وامرأة يتمثلان في حقل مع زجاجة من النبيذ.,0.6
بقرة وحيدة تجلس في البرد في الفناء,بقرة بيضاء و سوداء تقف في الحقل,0.36
حافلة مزدوجة الطابق تقود في شارع المدينة.,حافلة حمراء مزدوجة الطابق تقود في الشارع,0.72
قطة بيضاء وسوداء كبيرة ترقد على حافة النافذة,قطة بيضاء صغيرة تجلس في المغسلة,0.36
فتى يطعم خروف,فتى يطعم خروفًا من القش,0.84
فتاة في مكتب أسود تحمل علبة مفتوحة من رقائق الذرة وعلبة من الحليب.,فتاة ترتدي السراويل القصيرة والحذاء الأسود تقف بجانب دراجة نارية زرقاء.,0.0
مقربة من الصبار الصغير في وعاء.,صورة عن قرب لامرأة تحمل جرو أبيض,0.16
الخروف الأبيض يقف على التل الأخضر.,خروف يقف على منحدر تل,0.8
طائر أسود وأبيض على جسم الماء مع العشب في الخلفية.,حافلة على الطريق مع عجلة فيريس في الخلفية.,0.0
دراجة خشبية مع مظلة.,مجموعة من كبار السن يجلسون حول طاولة الطعام,0.0
صورة بالأبيض والأسود لسياج خشبي متهدم.,صورة بالأبيض والأسود لسور خشبي قديم بالقرب من شارع قذر.,0.9
حصانان بنيان يقفان في مرج أخضر.,حصان بني يقف في العشب الطويل.,0.52
رجلين يرتديان خوذات دراجات,رجلين يقفان بدراجاتهما خارج متجر.,0.32
رجل يلعب لعبة فيديو في متجر,رجل يلعب لعبة في متجر,0.68
مجموعة من الناس يجلسون حول طاولة على الشرفة.,مجموعة من الناس يجلسون حول طاولة بها طعام,0.72
فتاة شابة ترتدي خوذة دراجة مع دراجة في الخلفية.,امرأة تحمل كلبا صغيرا على حزام مع كراسي في الخلفية.,0.0
خلف إشارة التوقف مع العديد من الملصقات عليها.,الجزء الخلفي من علامة التوقف مزين بالملصقات.,1.0
هناك دراجة مركونة خارج متجر كتب.,دراجة خضراء مركونة خارج متجر كتب,0.8
حافلة سياحية ذات طابقين بنية اللون في شارع مع عجلة فيريس وراءها.,حافلة مزدوجة الطابق تقود أمام عجلة العجائب,0.88
كرسي أسود وأبيض يجلس أمام جدار من الطوب و نافذة مع نبات الخيزران في مزهرية.,خروف ذو رأس أسود مغطى بالصوف الأبيض السميك يقف في مرعى مع خراف أخرى.,0.12
رجل يرتدي زياً أسود على حصان أبيض,رجل يرتدي بدلة على حصان أبيض,0.72
امرأتين تقفان في غرفة المعيشة مع كلب أسود,امرأتان تقفان في غرفة المعيشة مع كلب أسود ينظران نحو الكاميرا.,0.8
شخصان يجدفان قاربًا أحمر ينعكس في الماء الهادئ.,شخصان يجدفان في قارب أحمر مع أشجار في الخلفية,0.64
صورة عن قرب من المصابيح الأمامية لسيارة قديمة الزرقاء.,مقربة من المصابيح الأمامية لسيارة زرقاء,0.8
سيارات تقود بالقرب من بناية نموذجية,مركبات تقود طفلاً من مبنى مزخرف,0.48
طائرة زرقاء و برتقالية تحلق مع انخفاض عجلة الهبوط.,طائرة حمراء وزرقاء تطير مع أجهزة الهبوط أسفل.,0.52
قطة بيضاء وسوداء مستلقية على بطانية,قطة بيضاء وسوداء تنام على بطانية أرجوانية.,0.8
مبنى مع علامة مؤقتة على مدخل موقف السيارات.,الطريق مع الصورة الخلفية للأضواء الخلفية للحافلة.,0.04
مجموعة من الناس يجلسون حول طاولة تحتوي على الطعام.,مجموعة من الناس يجلسون حول طاولة على الشرفة.,0.68
رجل وامرأة يجلسان على أريكة يحملان طفلا صغيرا,امرأة تجلس على الأريكة تحمل طفلاً,0.64
قطة بيضاء وسوداء مستلقية على بطانية,قطة بيضاء وسوداء تنام على جانبها على بطانية أرجوانية.,0.6
صورة بالأبيض والأسود لمقعد الحب,صورة سوداء وبيضاء لدراجة,0.36
غرفة معيشة مع طاولة طعام في الخلفية.,منظر غرفة المعيشة مع غرفة طعام في الخلفية.,0.84
قطار أحمر ورمادي يمر عبر نفق.,قطار أحمر ورمادي يسافر عبر نفق بين الأشجار.,0.85
حافلة ذات طابقين حمراء مع غطاء مفتوح,حافلة لندن الحمراء ذات الطابقين ذات الغطاء المرفوع,0.84
رجل يركب حصان أبيض,امرأة تقود حصان أبيض,0.36
منظر غرفة المعيشة مع غرفة طعام في الخلفية.,غرفة معيشة مع أرائك كبيرة وطاولة طعام في الخلفية.,0.76
كانت قطة برتقالية ترقد على أريكة من الجلد.,زوجان شابان يجلسان على أريكة سوداء,0.16
شخص يرتدي خوذة دراجة يتحدث على الهاتف المحمول.,شخص يرتدي خوذة يركب دراجة بالقرب من مبنى أبيض,0.6
قطار مترو الأنفاق يدخل المحطة,قطار أبيض يقف في محطة,0.72
دراجة مركونة بجانب متجر.,دراجة خضراء مركونة خارج متجر كتب,0.76
رجلين يقفان على الشاطئ,امرأتين تقفان أمام حافلة جولة.,0.0
كلب أسود طويل الشعر يقف في حقل عشبي.,غزال أزرق يقف في حقل عشبي,0.28
مكتب صغير مع كرسي بالقرب من خزانة الغسيل.,غرفة ذات جدران سمراء وغسالة ومجفف,0.04
حافلة ذات طابقين حمراء تتجول في الشوارع,حافلة ذات طابقين حمراء تقود في الشارع,0.92
أوزة تضرب بجناحيها في مجرى الماء,بجعة سوداء تضرب أجنحتها على الماء,0.6
فتى مستلقٍ على الأريكة مع كلب,الولد مستلقٍ على الأريكة مع جرو.,0.88
صورة سوداء وبيضاء لقطة مستلقية على سجادة.,صورة سوداء وبيضاء لقطة مستلقية على سجادة.,1.0
طائرة كبيرة على الأرض في المطار,طائرة كبيرة متوقفة في المطار في الليل.,0.72
امرأتان جالستان في مقهى.,رجلين يصطادون سمكة في المستنقع,0.0
"ثمانية زجاجات من جعة ""هارب"" على الأرض","ثمانية زجاجات من جعة ""هارب"" مرتبطة على أرضية خشبية",0.8
طفل صغير يبتسم للكاميرا,قطة تنظر إلى الكاميرا,0.28
امرأة تقود حصاناً بنيّاً,شخص يرتدي ملابس زرقاء يركب حصان بني,0.52
صورة لشاشة تلفزيون تعرض فيلمًا.,تلفاز الشاشة المسطحة المثبت على الحائط يعرض فيلمًا.,0.64
طائر على وعاء زهور,طائر مستقر على وعاء زهرة بجانب جدار من الجص.,0.84
قطة بيضاء تجلس داخل المغسلة,القطة الرمادية والبيضاء تجلس في حوض الحمام.,0.68
امرأة شابة ترتدي ملابس ركوب الخيل,فتاة شابة ترتدي ملابس ركوب الخيل,0.88
شخصان يبحران في قارب صغير,إمرأتان في قارب شراع,0.76
طائر صغير على فرع صغير,طائر صغير يجلس على فرع من الجليد,0.6
حيوانين يجلسان على صخرة,نسران يجلسان على فرع طويل,0.32
قطتان يجلسان على ظهر الأريكة ينظران من النافذة.,قطتان يجلسان على ظهر الأريكة وينظران من النافذة إلى صورة بحرية.,0.84
امرأتان شابتان يقطعان خروف.,إمرأتان يقطعان خروف,0.88
الفارس الشاب يركب الحصان البني,راكبة شابة على حصان بني,0.76
ستة أشخاص يجلسون على طاولة مطعم و ينظرون إلى الكاميرا,مجموعة من الناس يجلسون على طاولة مطعم,0.6
خروف أبيض صغير مع الأنف إلى الخشب.,خروف أبيض مع أنفه ضد صندوق خشبي.,0.76
فتاة شابة على حصان أبيض و رمادي,فتاة صغيرة تركب حصان أبيض و رمادي,0.92
كلب أسود يقف بجانب المواد في موقع بناء.,كلب أسود يقف في غرفة يجري بناؤها,0.64
طائر يرفرف بجناحيه في الماء.,بجعة سوداء تضرب أجنحتها على الماء,0.72
قطة بيضاء وسوداء مستلقية على بطانية,قطة بيضاء وسوداء مستلقية على سرير القطط,0.75
امرأة شابة ترتدي ملابس ركوب الخيل,المرأة تركب على الحصان البني,0.76
طائرة تستعد للإقلاع,طائرة توربوبرول صغيرة يتم تحميلها على المدرج,0.68
أريكة جلدية بيضاء مع حقيبة ورمي بطانية عليها.,تلفزيون مع عرض على.,0.0
مطبخ مع خزانات خشبية وأثاث.,مطبخ مع طاولة خشبية وخزانات.,0.84
القطة تهاجم مكنسة قشر الذرة,القطة الرمادية والبيضاء تجلس في حوض الحمام.,0.16
زوجان يحملان طفل,زوجين مع طفل حديثي الولادة,0.84
طائر صغير يأكل من المغذية,طائر يأكل من طعام الطيور,0.85
مقربة من خروف أبيض برأس أسود,صورة عن قرب للخروف ذي الرأس الأسود,0.8
فتى صغير يرقد على الأريكة مع كلب,صبي صغير مستلقٍ على الأريكة مع كلب,1.0
طائر أحمر مستقر في شجرة.,طائر صغير أحمر و رمادي يجلس على شجرة,0.64
حافلتان مركنتان في الشارع,الدراجة الصفراء مركونة في زقاق,0.08
كلب أبيض وأسود ينظر إلى الكاميرا,قطة رمادية و سوداء و بيضاء تنظر إلى الكاميرا,0.2
هناك قطار على خطوط السكك الحديدية,قطار على مسارات القطار,0.96
محرك قاطرة فضية كبيرة في السقيفة.,صورة عن قرب لمحرك قطار فضي مع شريط أحمر.,0.6
امرأة تجلس على طاولة تشرب مع صورة لكرة السلة في الخلفية.,امرأة ترتدي ساري تشرب شيئاً بينما تجلس على طاولة,0.52
محرك بخاري أخضر يسافر على سكة الحديد,قطار بخاري أسود يسافر على خطوط السكك الحديدية.,0.6
سيارة حمراء صغيرة فوق شاحنة.,سيارة رياضية حمراء فوق شاحنة بيضاء,0.8
الرجل يصور أمام القطار.,رجل يقف على منصة أمام قطار فضي.,0.68
راكب دراجة سوداء على دراجة سباق سوداء وحمراء.,راكب دراجة في ليرة سوداء وبيضاء يسرع من أمام المتفرجين,0.68
مغسلة مطبخ و منضدة مع أكواب على الرفوف.,مطبخ صغير مع الأدوات المتراكمة على الرفوف وعلى المنضدة.,0.76
تلفاز في غرفة فوضوية مع العديد من رفوف الكتب.,غرفة بها تلفاز، جهاز استريو ورف الكتب.,0.64
قطة بيضاء وسوداء تنام على جانبها على بطانية أرجوانية.,قطة بيضاء وسوداء مستلقية على الأرض تحت الشمس,0.56
امرأة تركب دراجة على مساحة كبيرة من الخرسانة,امرأة تركب دراجة جبلية على مساحة كبيرة من الخرسانة,0.76
بقرتين تقفان في حقل كبير,البقرة ترعى في الحقل.,0.56
رجل أصلع يلمس أنف حصان أسود على الجانب الآخر من السياج,رجل أصلع ذو لحية يروق أنف حصان أبيض وأسود عند السياج,0.68
رجل يقف بجانب سيارة رياضية صفراء.,رجل يقف بجانب سيارة كورفيت صفراء,0.8
صورة بالأبيض والأسود لبقرات في أكواخها,صورة بالأبيض والأسود للمواشي عند الحوض.,0.64
حافلة مزدوجة الطابق مع عجلة لندن العين في الخلفية.,حافلة سياحية ذات طابقين بنية اللون في شارع مع عجلة فيريس وراءها.,0.84
طائر أصفر وأسود يأكل من مطعم الطيور,قطيع من الطيور تطير فوق جسم الماء.,0.12
رجل يقف أمام قطار,رجل يقف على منصة أمام قطار فضي.,0.76
طائرة صغيرة مركونة في مطار مع سماء غائمة فوق رؤوسهم.,طائرة بيضاء صغيرة مركونة في مطار في يوم غائم.,0.92
قارب على الماء بالقرب من طائرة صغيرة,قارب في الماء وطائرة صغيرة على الرصيف,0.68
رجل يركب حصان أبيض في الساحة,حيوان أليف يقف في حظيرة.,0.12
كمبيوتر ماكنتوش يجلس على الأرض,حاسوب على الأرض,0.84
قطة بيضاء وسوداء جالسة على كرسي بني تنظر للأعلى.,كلب يجلس على كرسي أصفر بجوار حاوية قمامة خضراء,0.08
أغنام تقف في مكان بعيد,كلب كبير يقف بجانب خروف في الحقل.,0.56
مجموعة من كبار السن يجلسون حول طاولة,مجموعة من كبار السن يتظاهرون حول طاولة الطعام.,0.68
ثلاث نساء بشعر بني يبتسمن.,ثلاث نساء في فساتين هندية في غرفة مزدحمة تبتسم,0.56
صورة سوداء وبيضاء لمحطة قطار فارغة.,صورة بالأبيض والأسود لقطة جالسة على الأريكة,0.32
كلبان في كوخ محصن ينظران للأمام,فتاتين على رجل يتظاهر على القارب,0.0
بقرة بيضاء و سوداء تنظر من خلال السياج,قطة بيضاء وسوداء مستلقية على الأرض تحت الشمس,0.12
عدة أشخاص على الدراجات النارية في ساحة السوق.,الناس يركبون الدراجات في المناطق الحضرية,0.36
صورة عن قرب للخروف في العشب.,صورة عن قرب لحم ذو أذن معطوبة، يقف على العشب.,0.36
قطة محلية مستلقية على ظهر قمامة القطط,قطة منزلية سمراء تحت قماش أسود,0.4
طيران أخضران يطيران نحو عمود هاتف خشبي.,طائران أخضر يطيران فوق أسلاك الهاتف,0.64
شخص يجلس على دراجة نارية بينما رجل يقف بجانبه,رجل يقف بجانب رجل مرتدي خوذة على دراجة نارية في موقف سيارات فارغ.,0.6
ثلاث أبقار ترعى في حقل.,اثنان من الأبقار تَرْعى في حقل.,0.52
طائر أزرق يجلس على يد محفوفة بالقفازات,طائر على يد شخص يرتدي قفازات,0.88
طفل يحمل علبة الكاتشب,طفل في كرسي عالي يحمل علبة الكاتشب,0.8
صورة عن قرب لرأس حصان,صورة عن قرب لرأس حصان بني,0.84
القطار في محطة القطار,قطار في محطة,1.0
حصان بني داكن يقف في الحقل,حصان يقف في حقل,0.72
قطة صغيرة مستلقية على عمود خشبي تنظر إلى الكاميرا.,الكلب الصغير يرتدي سترة و ينظر إلى الكاميرا,0.16
الطائر الأسود يجلس على الأرض.,الطائر يجلس على الفرع.,0.5
طيور بنية صغيرة تأكل من مطعم طيور معلق من شجرة.,طائر صغير أحمر و رمادي يجلس على شجرة,0.4
زوج من الكلاب يلعبون مع كرة أرجوانية,كلبان يلعبان بكرة القدم البنفسجية,0.88
طائر يهبط في الماء,قارب يطفو في الماء,0.12
ثلاثة أطفال يقفون على السياج أو بالقرب منه.,الأطفال الثلاثة يقفون على السياج,0.92
كلب أسود يخرج من الماء مع كرة بيضاء في فمه.,كلب أسود يخرج من الماء مع كرة بيضاء في فمه,0.96
فتاة ترتدي قميصاً بنفسجياً و ربطة رأس وردية,فتاة صغيرة ترتدي قبعة وبنطال جينز أزرق على الأرجوحة.,0.08
كلب بني يحفر حفرة أمام النبات,مجموعة من الناس يسيرون على جانب سكة حديد.,0.0
الكلب البني والأبيض يسبح في حمام سباحة.,كلب بني وأبيض يسبح في بركة سباحة في الفناء الخلفي.,0.92
صبي في زلاجة حمراء يركب أسفل التل.,كلب متعدد الألوان يرتدي طوق أحمر يجلس على العشب,0.0
الكلب الأسود والبني يجري عبر الغابة.,كلب يركض في الغابة,0.8
الكلبان يركضان على العشب.,كلبان يلعبان في العشب.,0.88
فتاة صغيرة ترفع علامة سلام.,فتاة صغيرة تمسك بعصا في شارع المدينة.,0.12
رجل معلّق بحبل من جرف فوق الماء.,رجل يجلس لوحده على رصيف مع زجاجة ماء.,0.12
رجل يركع ويحمل كاميرا,الرجل المتكوّن يحمل كاميرا كبيرة.,0.92
رجل يركب دراجة في طريق ضيق,رجل يركب دراجة أحادية العجلة على طريق مهد,0.52
رجل يرتدي معطف برتقالي يتحدث إلى آخر وهم يسيرون في الثلج.,رجل وامرأة يرتدون ملابس قديمة الجلوس في الخارج على طاولة.,0.12
كلب يقفز في الهواء ليلتقط لعبة.,كلب أسود يقفز في الهواء ليصطاد لعبة.,0.8
كلب بني مستلقي على غطاء أزرق,شخص يغوص في مياه زرقاء صافية.,0.0
الفتيان يلعبان في الحقل.,هذان الشخصان يغطيان رؤوسيهما بالوشاح.,0.0
الكلبان يجريان عبر العشب.,ثلاثة كلاب تجري في الثلج.,0.44
فتى مع ذراع مكسورة يستريح في السرير.,فتى ذو ذراع مكسورة نائم,0.8
فتى يقوم بخدع على لوح التزلج,فتى يقوم بخدعة على لوح التزلج,0.96
ثلاثة كلاب تلعب في الثلج.,ثلاثة كلاب تلعب في الماء.,0.52
فتاة صغيرة مع شريط في شعرها تحفر أنفها.,فتاة صغيرة في قميص وأرجواني خوذة ركوب دراجة نارية.,0.24
فتاة شابة تنزل بمنحدر أنبوبي,فتاة شابة تتأرجح على أرجوحة الإطارات,0.36
العديد من الناس في سباق الدراجات، بما في ذلك رجل واحد على دراجة ذات ثلاث عجلات.,رجل يركب كرسي متحرك بثلاث عجلات,0.52
مجموعة من الناس يرتدون آذان الأرانب,مجموعة من الناس يركبون في سباق,0.16
"كلب يرتدي قميص ""سوبرمان"" ينام على بطانية",كلب بني يرتدي قميص سوبرمان يرقد على بطانية زرقاء.,0.8
الكلب الأبيض والبني يجري عبر العشب.,الكلب البني والأبيض يجري عبر العشب.,0.96
كلب بني يضع كفيه على لوحة مفاتيح الكمبيوتر المحمول,كلب يجلس مع كفوفه على جهاز كمبيوتر محمول.,0.76
فتاة شابة ذات نظارات تجلس وتحمل علمين أمريكيين.,فتاة في النظارات تنظر فوق اثنين من الأعلام الأمريكية بالقرب من منطقة غابات.,0.52
كلب صغير أبيض و بني يقفز فوق عمود أفقي,كلب بني وأبيض يقفز فوق عمود أحمر وأصفر,0.6
اثنان من الكلاب يركضان في منطقة عشبية.,كلبان يجريان عبر حقل عشبي.,0.96
رجل يتأرجح على حبل فوق الماء,رجل يرتدي ملابس دافئة يتأرجح على قضبان القرد في الليل,0.32
رجلين آسيويين وامرأة آسيوية يجلسان على كراسي تدليك سوداء,اثنان من الرجال الآسيويين وامرأة يرتاحون في مقاعد التدليك,0.92
فتاة تلعب كمجموعة من الكرات الملونة,فتاة صغيرة تلعب في حفرة من الكرات الملونة,1.0
رجل مسن يقف خارج أمام شاحنة.,امرأة ترتدي ملابس خضراء تتزلج في الخارج في حدث.,0.0
رجل مبتسم مع دروس تأملية,رجل يبتسم ويظهر نظارته الشمسية العاكسة,0.92
خمسة أشخاص يقفون على الرصيف,خمسة أشخاص على الرصيف,0.96
الكلب الأبيض يركض عبر الثلج.,الدب الأبيض يسير على الأرض المغطاة بالثلوج ويرمي ظله على الثلوج.,0.28
صبي صغير يرتدي سترة بنية يلعب بالثلج,كلبان يلعبان في الثلج.,0.24
رجل يلتقط صخرة كبيرة,امرأة تلتقط صخرة كبيرة,0.48
الكلب الأبيض والبني يجري على العشب.,كلب بني وأبيض يركض عبر العشب.,0.92
رجل يحمل صندوق أدوات على الرصيف,امرأة تقود دراجة زرقاء في حديقة.,0.0
"رجل يرتدي قميصاً مكتوب عليه ""جيجولو"" يقف عند المنضدة يتحدث إلى شخص ما.","رجل يرتدي قميصاً مكتوب عليه ""جيجولو"" يقف في مكتب الاستقبال وظهره إلى الكاميرا.",0.68
خيمة ومخيم في غابة مشمسة,كلب أبيض على الشاطئ يحمل عصا في فمه.,0.0
كلبان كبيران يجريان في العشب,اثنان من الكلاب الجري في العشب.,0.84
كلب يسبح بعصاً في فمه,كلب يركض بعصاً في فمه,0.52
رجل يلعب بالجلب مع كلبين بنيين,امرأة تلعب مع كلب بني,0.47
كلب يركض على الرمال بعصا في فمه,الكلب يركض عبر الجدول مع عصا في فمه.,0.72
رجل يقف في الماء بالقرب من شلال.,رجل يتجول في الماء و يشاهد شلال ماء,0.68
كلب سمراء يقفز للقبض على كرة التنس,كلب أحمر يقفز ويمسك كرة تنس في فمه,0.6
الرجل يقفز في الماء,الرجل في الهواء,0.48
امرأة ترتدي قميصًا أسودًا تقف أمام الموز في كشك فاكهة.,امرأة ترتدي ملابس سوداء تقف أمام شاحنة.,0.48
طفل يقفز في بركة سباحة.,كلب يقفز في بركة سباحة,0.24
ولد صغير يقفز من كرسي إلى آخر,صبي صغير يقفز من كرسي إلى آخر في منزله,0.96
فتاة تهز شعرها الطويل الرطب في البحيرة,شخص يركب دراجة قذرة,0.0
كلبان يلعبان على الشاطئ,كلبان يلعبان في الثلج,0.56
فتاة صغيرة تمشي على ممشى مع قباب زرقاء في الخلفية.,رجل يقفز على دراجته مع نهر في الخلفية,0.0
امرأتان جالستان على مقعد، ووجوهما مغطاة، مع امرأة تحمل نمراً قابل للنفخ والمرأة الأخرى في زي ديزني أبيض الثلج.,فتاة تجلس على مقعد تحمل نمرًا قابل للتضخم بجانب فتاة أخرى ترتدي ملابس ملونة.,0.44
رجل وفتاتان يبتسمان إلى الكاميرا,ثلاثة كلاب، واحد أبيض واثنان بني، يركضون معاً على حقل من العشب.,0.0
كلب يسبح بعصاً في فمه,كلب يسبح في الماء بعصا في فمه,1.0
البودل الأسود يلعب في الثلج.,البودل الأسود يتلاعب في الثلج.,1.0
فتاتان يحملان منشور فيلم مخيف,فتاتان تحملان أكياس تقفان في حقل.,0.28
ثلاثة أولاد يركضون على الشاطئ يلعبون لعبة.,صبيّان شابّان ورجل شابّ واحد يركضان على الشاطئ مع المياه خلفهم.,0.64
فتاة ترتدي حزاماً أرجوانياً و تنورة متطابقة,مجموعة من الفتيات يرتدين تنورة جينز وقمصان سوبرمان.,0.32
رجل يرتدي سترة رمادية يقف على جانب الشارع,صبي يرتدي سترة نجاة زرقاء يمسك بجانب قارب أخضر.,0.12
الكلب البني والأسود يقفز للقبض على الكرة الحمراء,كلب بني و أسود يقفز من أجل كرة حمراء,1.0
الكلب السمراء يجري من خلال الأوراق,الكلب الأبيض يركض عبر المحيط,0.36
كلب أبيض وأسود يقفز إلى بركة.,امرأة ترتدي المئزر الأسود تقف أمام المرآة.,0.0
كلب أسود وأبيض يحمل عصا في فمه.,الكلب الأسود والأبيض لديه عصا في مخالب.,0.6
الغزال يقفز على السياج,غزال يقفز فوق السياج,1.0
فتاة صغيرة تحمل عصا خشبية,فتاة صغيرة تسبح في بركة,0.44
كلب أسود يقفز عبر الماء.,الكلب يسير في الثلج.,0.48
مجموعة من الناس أمام شاحنة إطفاء حمراء,مجموعة من الناس يقفون حول شاحنة إطفاء حمراء.,0.84
صبي يقفز في مياه البركة الزرقاء,الصبي الصغير يقفز في المسبح على بطنه,0.68
كلب شقراء يلتقط كرة في فمه في الثلج.,فتاة شقراء صغيرة تجلس على كرسي أخضر.,0.0
ثلاثة أطفال يلعبون ويضحكون على الأرض,ثلاثة أطفال يلعبون على الأرض,0.76
رجل يجلس مع عصى الصيد بالقرب من جسم الماء.,رجل يجلس على صخرة بجانب كرسي طابق قابل للطي وعصا صيد.,0.68
امرأة وكلب يقفان في العشب,رجل يحمل لافتة بينما يقف في المطر.,0.0
رجل في قميص أزرق يركض في ملعب الملعب.,رجل يرتدي قبعة زرقاء وقميصا يمتطي حصان أبيض.,0.2
كلب أسود يركض في الماء,كلب أسود يجري في بعض المياه.,0.96
أطفال يقفزون على الترامبولين,رجل يزحف على زلاجة برتقالية.,0.0
كلبٌ بنيٌ كبيرٌ يَتَكَوَّأُ في حقلٍ عُشبي.,كلب بني يركض في الحقل.,0.6
الكلب يركض عبر العشب.,كلب يركض في الثلج.,0.44
متزلج يسرع عبر الثلج,كلب بني يحمل فرسبي يركض عبر الثلج,0.04
شخصان يلعبان الجولف في ملعب الجولف.,شخصان في ملعب غولف يلعبان الغولف.,1.0
ولد وفتاة يلعبان على الشاطئ,كلب يلعب في الموجات مع كرة,0.16
الطفل ذو المعطف الأحمر مستلقٍ على السجادة الحمراء,الطفل جاهز لتسلق القطعة الحمراء من المعدات,0.16
كلبان يلعبان في العشب.,كلبان يلعبان في العشب.,1.0
طفل يرتدي زي فريق أزرق وأبيض يطارد كرة قدم,صبي صغير في زي كرة قدم أزرق يطارد الكرة,0.8
لاعب كرة ناعمة يتأرجح في الملعب,لاعب بيسبول يضرب الكرة,0.56
رجل يزحف بعيداً عن الكاميرا,رجل يسبح على الماء,0.56
كلب أسود يركض في العشب.,فتى يركض عبر العشب الأخضر,0.2
صبي صغير وفتاة صغيرة يلعبان معاً في الخارج,فتى شاب وفتاة شابة يسيران نحو بعضهما البعض,0.4
شخصان يجلسان على نهاية رصيف.,شخصان يجلسان على رصيف,0.84
كلبان في الفناء,كلبان في نهر,0.4
رجل يطارد كلباً يحاول اجتياز الحاجز لدخول منطقة اللعب,رجل يتبع كلبه الأسود والأبيض بينما يتخذ مسار عقبات.,0.44
الكلب البني والأبيض الكبير يركض عبر الثلج.,كلب القديس برنارد يركض في الحقل الثلجي,0.8
رجل وامرأة دمويين يتمثلان للصورة,رجل يرتدي ملابس امرأة دافئة يتمثّل في صورة,0.4
كلب أصفر يلعب في منطقة عشبية بالقرب من الزهور.,فتاة تلعب على الأرجوحة,0.08
ولد يلعب مع المعكرونة عند المسبح,صبي يلعب بلعبة من الرغوة بالقرب من حمام السباحة,0.92
اثنين من الكلاب البنية الكبيرة تشغيل من خلال الثلج.,كلب بني يركض في العشب,0.4
صبي صغير يقفز في بركة مع ذراعيه ممدودة.,كلب يقفز في بركة في الفناء الخلفي,0.24
فتاة تحمل بالون حيوان أصفر.,طفل يحمل بالون أصفر,0.8
كلبان يتشاركان لعبة في حقل من النباتات.,اثنان من المتزلجين على الجليد في الهواء فوق الثلج,0.03
سيدة ذات شعر أشقر ترتدي ملابس بيضاء تتوقف أمام الكاميرا.,كلب أبيض وأسود يركض فمه مفتوحاً,0.0
الكلب يركض عبر الحقل يطارد الكرة,طفل يركض عبر العشب.,0.04
فتاتان جالستان أمام تمثال.,فتيان شقراء يجلسان بجانب تمثال,0.76
فتاة باللون البرتقالي تضيء شمعة,فتاة ترتدي قميصاً برتقالياً تضيء الشموع.,0.8
كلب أبيض يركض عبر حقل من الزهور الصفراء.,كلب ذو طوق أحمر يركض في الغابة في منتصف الشتاء.,0.32
رضيع يجلس على سرير يمد يده ليلمس وجه صبي أكبر منه,صبي يبدو مريضاً ويتم لمس وجهه من قبل طفل صغير,0.44
كلب يهز الماء,كلب يهز الماء,1.0
أولاد صغار يركضون على الرصيف,كلب أسود يجري على طول حافة المحيط,0.1
طفل صغير ينزلق على زلاجة برتقالية,صبي صغير يرتدي بدلة جينز ينزلق في زلاجة برتقالية,0.73
كلب أسود وأبيض يجري من خلال بعض الأعمدة الحمراء والأبيض,كلب أسود وأبيض في غرفة المعيشة يقف على الساقين الخلفيتين,0.32
"ثلاثة أشخاص يتظاهرون على الزلاجات وراء لافتة ""منع التزلج"".",ثلاثة أشخاص على الزلاجات يقفون خلف لافتة منع التزلج.,0.88
رجل يرتدي بدلة بيضاء يسير في الشارع يحمل صحيفة.,رجل يرتدي بدلة بيضاء يسير في الخارج يحمل صحيفة.,0.92
كلب أسود مع طوق أزرق يركض في الثلج.,كلب أسود يرتدي طوقًا أزرقًا يركض في الثلج.,1.0
كلب يركض نحو الكاميرا,كلب بني و أبيض يركض على العشب,0.16
صبي يتأرجح على الأرجوحة,الفتاة على الأرجوحة,0.48
مجموعة من الشباب يسبحون في مياه البحيرة,العديد من الأطفال يلعبون و يسبحون في الماء.,0.88
فريق كرة قدم أزرق وأبيض يلعب ضد بعضهم البعض.,إمرأة عاريّة من أعلى وجهها مُطَلَّع مغطاة بالطين.,0.0
كلب بني على وشك الإمساك بالفريسبي الأخضر,الكلب البني ينتظر أن ينزل الفريسبي قبل أن يمسك به,0.76
كلب أسود وأبيض يسبح في بحيرة خضراء كبيرة.,الكلب الأسود يركض بسرعة إلى المياه الضحلة,0.44
اثنان من الكلاب السوداء الكبيرة يلعبان في حقل عشبي.,اثنان من الكلاب البيضاء يركضون معاً.,0.44
الكلب البني والأسود يركض عبر الثلج.,كلب أسود يركض بسرعة على الأرض.,0.56
الرجل صاحب الحقيبة ينظر إلى يساره,ذكر بالغ يرتدي حقيبة ظهر يمشي وينظر إلى اليسار,0.76
رجل مسن في قميص أزرق يحمل قطعة من الفن على القماش.,رجل أسود يسير بجانب مبنى في مدينة كبيرة.,0.0
صبيين صغيرين نحيلين يلعبون بالرمل في الماء,كلبان يهزان الماء.,0.08
كلب صغير يركض عبر مسار العقبات,كلب صغير يقفز فوق عقبة,0.76
كلب بني يركض في الغابة,كلب بني يركض عبر العشب.,0.64
مجموعة من الناس تقف عند النافذة تراقب شيئاً ما.,مجموعة من الناس يقفون وينتظرون لرؤية شيء ما,0.68
كلب يقفز فوق حاجز في مسابقة خفة الحركة,كلب يقفز فوق سياج مسار العقبات,0.88
ثلاثة أشخاص يتسابقون على الزلاجات الجليدية,ثلاثة متزلجين على الجليد خلف الزاوية,0.64
اثنتان من المتسابقات تمشيان مع كلابهن في معرض للكلاب,امرأتان تمشيان مع الكلاب في معرض الكلاب,0.96
رجلين على جانب شاحنة,رجل يرقد على العشب بشعر طويل ولحية.,0.0
كلب بني يركض على العشب,كلب بني يركض عبر العشب.,0.96
شخص يركب دراجته على مسار بجوار الغابة,طفل صغير في قميص أصفر يمسك ذراعيه إلى الجانبين.,0.08
امرأة ترتدي ثوبًا أسودًا تبتسم أمام شاحنة فضية,فتاة ترتدي قمة سوداء تبتسم مع شاحنة فضية في الخلفية,0.72
كلب على الشاطئ بالقرب من الكرة,رجل يذهب ليقوم بضربة في ملعب كرة السلة,0.12
كلب يتجول عبر العشب البني,كلبان مقيدان عبر العشب,0.52
امرأة تلعب مع صبيين في الحديقة,امرأة وثلاثة أطفال يلعبون في حديقة.,0.64
كلب يخرج من الماء مع عصا في فمه.,كلب يركض نحو الكاميرا مع عصا في فمه.,0.48
ثلاثة كلاب تلعب في الثلج.,الفتى يلعب في الرمال.,0.16
الكلب يحمل قلادة في فمه,كلب رقيق يحمل حزام أسود في فمه.,0.84
رجل يرتدي الجينز يلعب بالكرة بينما امرأة يرتدي الجينز تقف بالقرب من هناك تنظر بعيداً,رجل يربط عصابة يد حمراء حول ذراع رجل آخر في الشارع,0.0
متزلج يسقط في الثلج,متزلج يسقط وجهه أولاً في الثلج,0.8
كلب مع لعبة حمراء في فمه.,الكلب البني يحمل عصا في فمه.,0.44
لاعبين للهوكي يتقاتلان على الجليد,لاعبين للهوكي في صراع على الجليد,0.96
اثنان من الخنازير يلعبون على الأرضية الخشبية في منزلهم.,جروان يلعبان بلعبة مضغ حمراء في الحقل.,0.32
كلبان يجريان في حقل,كلبان يلعبان في الحقل,0.84
رجل يرتدي بدلة رمادية يقفل دراجة,رجل وامرأة يقفان في شارع المدينة,0.08
رجل يرتدي سترة جلدية سوداء ينام في عربة مترو الأنفاق,رجل يرتدي سترة جلدية سوداء ينام في وسائل النقل العام.,0.92
كلب يقفز فوق عقبة,كلب يقفز فوق العقبة,0.96
اثنان من الرجال يقومون بإعداد بعض المعدات الإلكترونية,كلبان يتصارعان على الأرض في الثلج.,0.0
كلب أسود يسير على العشب بعصا في فمه.,صبي يحمل شبكة بها ثعبان بالقرب من الأرض,0.0
فتاة تجري مع الكلاب في حقل جاف,كلب رمادي وكلب بني اللون يلعبان في حقل عشبي,0.44
كلبان يلعبان في الثلج,كلبان أسودان في الثلج,0.8
كلب يقفز من الرصيف إلى الماء,الكلب الأسود يقفز من الرصيف إلى الماء,0.8
مجموعة من الرجال المسنين يسيرون في الشارع,زوجان يسيران في الشارع,0.4
ثلاثة كلاب تقف في الثلج بجانب سياج أزرق.,ثلاثة كلاب تلعب في المياه الضحلة بجانب الشاطئ الصخري.,0.44
كلب أسود وأبيض يجري عبر الحقل.,كلب أسود وأبيض يركض في العشب.,0.96
فتى يرتدي ملابس سوداء يلوح بذراعه بينما الآخرون خلفه في الحقل.,رجل يرتدي قميصاً أسوداً يمر على مقعد في المدينة,0.08
امرأة مسنة تقود دراجة على طول شارع المدينة.,امرأة مسنة تسير صعوداً عبر الشارع,0.4
صبي صغير يضرب كرة صفراء,كلب صغير يقفز فوق شعاع أصفر.,0.08
مجموعة من الراقصات الشابات في استوديو الرقص,مجموعة من السيدات الشابات في البيكيني,0.28
صبي صغير يرتدي قميصًا أبيضًا يلعب على سهل عشبي.,امرأة تصفف شعرها في صالون.,0.0
رجل وكلب يلعبان سحب السلاح,رجل يرقص على جدار ملون,0.08
طفل رطب يرتجف تحت منشفة في حمام سباحة,طفل مبلل يرتجف في منشفة أمام بركة.,0.92
كلب أبيض يركض على الشاطئ,الكلب الأبيض يركض على طول الشاطئ.,1.0
ستة كلاب تجري على الشاطئ الرملي,ستة كلاب تمشي بجانب الشاطئ,0.68
رجل يمسك بمقبض في الماء,رجل يمسك بالمقبضات في الهواء,0.64
كلب أبيض يسير في الثلج,كلب أسود وأسمر يمشي في الثلج,0.6
الكلب الأبيض والبني يجري عبر العشب.,ثلاثة كلاب تجري على العشب.,0.64
فتى ينزل من زلاجة نفخة,فتى يرتدي اللون الأحمر ينزلق على متن عربة نفخة,0.76
كلبان يلعبان بالكرة في بركة,كلبان يقفان في بركة، و أحدهما يحمل كرة تنس صفراء.,0.76
ثلاثة كلاب تلعب في الماء.,ثلاثة كلاب تجري في الثلج.,0.28
كلبان يلعبان في الثلج,طفلين يلعبان مع كلب,0.24
فتاة تقوم بثني ظهرها على الشاطئ,فتاة تقوم بالانحناء الخلفي على الشاطئ,0.96
الكلبان يلعبان في الثلج.,كلبان يلعبان معاً في العشب.,0.44
اثنان من المتزلجين على ركوب موجة صغيرة.,اثنان من راكبي الأمواج يقومون بخدع في الأمواج,0.72
شخصان يسيران على الشاطئ عند غروب الشمس,شخصان يسيران على طول الشاطئ عند غروب الشمس,1.0
جروان يلعبان في العشب,كلبان يتصارعان في العشب.,0.8
فتاة صغيرة جالسة على حضن سانتا,فتاة صغيرة جالسة على حضن سانتا,0.96
كلب أبيض وأسود يركض فمه مفتوحاً,كلب أبيض وأسود يسبح في الماء الأزرق,0.44
فتى صغير يقفز في الهواء على الشاطئ,صبي يقفز في الهواء على الشاطئ,0.96
خمسة رجال يرتدون بدلة تنفسية يسيرون أسفل الدرج,خمسة رجال يرتدون بدلة تنفسية يسيرون على الدرج,1.0
رجل بملابس قصيرة حمراء وقميص أبيض يركل كرة قدم,كلب أسود يقف في الأمواج يحمل كرة مطاطية حمراء,0.0
رجل وكلب على شاطئ صخري,رجل وكلب يقف على الصخور بجانب الماء,0.96
الكلب البني يرش في الماء,أربعة كلاب تتدفق في الماء,0.48
المرأة المبتسمة على الشاطئ مدفونة في الأعشاب البحرية.,فتاة في قبعة رعاة البقر مع خروف على الحبل,0.2
الكلب ذو الأذنين الكبيرة يحمل عصا صغيرة في فمه.,جرو ذو أذنين كبيرتين يمضغ عصا,0.76
الكلب البني الكبير يقفز عبر العشب الطويل.,الفتاة التي ترتدي قميصاً أزرقًا تجري عبر مركز علمي.,0.0
كلبان يتقاتلان في الثلج,كلبان يلعبان في الثلج,0.52
كلب بني في منتصف صف من الكلاب يطارد كرة تنس قذرة على التراب.,هناك كلبان أبيضان وكلب بني يطاردان كرة.,0.56
الكلب الرمادي نشط في حقل عشبي.,مجموعة من الدراجات تتسابق على الحلبة,0.0
شخصان يتسابقان على دراجة نارية في الطين,الكلب يحمل عصا طويلة في فمه,0.0
الرجل يجلس على قمة جبل صخري,شخص يخرج رأسه من خيمة على قمة الجبل,0.48
رجل يقف على قارب يسحب قارب آخر بالقرب منه بعصا من الخيزران.,رجل يرتدي قبعة سوداء يقف أمام جدار من الطوب وعلامة,0.0
رجل يعزف على غيتاره الأبيض,رجل يعزف على غيتار أبيض و يغني أيضاً,0.64
شخص يتزلج مع كلب في الجبال,الكلب البني يلعب بالكرة في الماء,0.0
شابين عاريين اللعب في الماء.,الكثير من الناس يلعبون في الماء على الشاطئ.,0.48
مقربة من طائر الطنان,صورة عن قرب لطائر الطنان يطير,0.72
امرأة في ثوب أسود تمشي في الشارع.,امرأة تشاهد كلباً يقفز من على الدرج,0.16
رجل وامرأة ينظران إلى الكاميرا,رجل وامرأة يضحكان,0.47
كلب بني يركض عبر العشب الموحل القذر,الكلب البني الكبير يركض في الخارج في التراب.,0.72
ثلاثة كلاب تسحب رجل على دراجة عبر الثلج,الكلاب تسحب رجل على نوع من الدراجات، من خلال الثلج.,1.0
طفل يرتدي قبعة حمراء يجلس في عربة ويحمل دمية,رجل في قميص رمادي يجلس في حقل من الزهور.,0.0
ثلاثة أطفال يلعبون بالعشب في الهواء الطلق، يرمون البعض في عدسة الكاميرا.,ثلاثة أطفال صغار يلعبون في القش، يرمون البعض في الكاميرا.,0.96
متسلق يقف على وجه الصخرة بجانب الحبل الوردي,الأطفال يركضون في الثلج مع الأسوار في الخلفية.,0.0
كلب أسود يرتدي طوق برتقالي متورط بسلك الصيد.,الكلب الأسود الذي يرتدي طوق أحمر يهز الماء,0.36
كلبان يلعبان في التراب.,راقصة تُمثّل للكاميرا في فستان أحمر وأبيض.,0.0
الكلب الذهبي يركض على العشب,الكلب البيج الكبير يركض عبر العشب.,0.68
الكلب يركض عبر العشب.,كلب يركض عبر العشب,0.96
رجل بملابس قصيرة حمراء يسير على طول الصخور بجانب النهر يحمل عصا.,رجل يمشي على الصخور مع مياه تجري حولهم.,0.68
رجل يجدف قارباً,رجل يقوم بخدعة على لوح التزلج,0.0
ثلاثة كلاب تجري على مضمار السباق,ثلاثة كلاب حول المنعطف في حلبة سباق,0.96
كلب أسود وبني يسير في الثلج بالقرب من مبنى,رجل مسن يقف خارج مبنى قديم مغطى بالألواح,0.16
الكلب يقفز إلى بركة السباحة بعد البطة.,كلب يقفز في بركة سباحة,0.68
كلب يركض عبر الغابة في فصل الشتاء,كلب يركض عبر الكثير من الأغصان,0.64
الفتاة تلعب مع الصور على الشاشة الكبيرة,ثلاث فتيات يحملن مظلات وظهورهن إلى الكاميرا,0.08
الكثير من الناس يركضون في سباق في الشارع,جرو يركض في الشارع,0.2
رجل في ملابس السباحة يقف ضد بعض الصخور.,رجل يرتدي قميصاً رماداً يتسلق جداراً صخرياً كبيراً,0.2
كلبان أبيضان يمشيان في الثلج,كلب داكن ذو طوق أسود ينبح في الثلج,0.4
امرأة ترتدي قميصاً وردياً تقفز في الهواء ذراعيها وساقيها منتشرة إلى الجانبين.,رجل يرتدي ساندرز ونظارات شمسية يقفز في الهواء ذراعيه وساقيه مفتوحة إلى الجانب.,0.48
الكلب يركض عبر العشب.,كلبان يجريان عبر الأدغال.,0.56
كلب يركض على الرمال,كلب يركض عبر الماء,0.56
امرأة تحاول ركوب موجة صغيرة,رجل وامرأة يجلسان خلف بعضهما في الشمس,0.0
الكلب الأسود والأبيض يسبح في النهر.,رجل أسود وكلبه على الشاطئ,0.12
رجل يقف على قمة الصخور المتعرجة بالقرب من المحيط,رجل يقف على قمة صخور تطل على المحيط,0.92
فتاة ترتدي بدلة غطس سوداء وزرقاء تتزلج.,امرأة ترتدي بدلة ذات خطوط سوداء وزرقاء تتزلج على موجة.,0.88
المرأة تقود كلباً عبر مسار عوائق,امرأة تقود كلبها الصغير عبر مسار العقبات,0.92
كلبان على الشاطئ,الكلب يمشي على الشاطئ,0.48
صبي صغير يقف على منطقة ملبوسة بالبلاط الرمادي.,صبي صغير يمارس الكاراتيه في صالة الألعاب الرياضية,0.2
الكلب يركض مع طعام في فمه.,الكلب يركض مع كرة صفراء في فمه.,0.44
كلبان يركضان على الشاطئ,كلبان يجريان على الشاطئ,0.96
كلب أسود وأبيض يسبح في المسبح,كلب أسود وأبيض يركض مع شيء في فمه.,0.4
الكلب لديه رأسه داخل حقيبة هدايا حمراء وخضراء,الحيوانات الأليفة تتحقق في محتويات حقيبة الهدايا.,0.76
رجل يرتدي قميصاً أصفر يرتدي قناع شمسي ذهبي,رجل يرتدي قميصاً أصفر يرتدي قناعاً ذهبياً على شكل شمس,1.0
رجل يتسلق صخرة صخرية مع دعم حبل,شاب يقوم بالقفز على الجليد مع لوحة أرجوانية.,0.08
طفل بيديه على رأسه,صبي صغير يقف بيديه فوق رأسه,0.84
رجل يرتدي سترة برتقالية يقود قاربًا في الماء الأزرق.,رجل يرتدي سترة برتقالية يرفع يديه إلى السماء في الرمال,0.36
رجل عجوز يرتدي معطف أسود يقف في السوق,الطفل يرتدي قميصاً أحمر ويمشي في الساحة,0.24
رجل يتسلق الجرف,رجل يتسلق جرف صخري,0.96
فتيان يرتديان بنطال البيجاما ويبدوان يرقصان.,فتاتين مع قبعات بيسبول يأكلان وجبة خفيفة في الخارج.,0.12
كلب أبيض و بني يلعب بلعبة سوداء,الكلب الأبيض والبني يلعب السحب والجذب.,0.68
فتى يلعب البيسبول,رجل يلعب البيسبول,0.6
فتى يرتدي قميصاً أحمر يركض عبر العشب مع كلب مُشعر.,مشجع رياضي يرتدي طلاء الوجه في المدرجات,0.0
كلب أسود يستعيد في الثلج.,متزلج يقفز في الشارع,0.0
رجل مبتسم و طفلة صغيرة تتصور للصورة,رجل مبتسم يحمل طفلا صغيرا يرتدي اللون الوردي والأحمر,0.64
كلب يقفز من أجل لعبة (فريسبي) في الثلج,كلب يقفز في الثلج.,0.64
كلب بني وأبيض مع ياقة وردية ينبح على كلب بني مع ياقة زرقاء في الثلج.,الكلب ذو الياقات الحمراء يضع أسنانه على الكلب ذو الياقات الزرقاء,0.68
كلبان بنيان يعضان بعضهما البعض.,كلبان بنيان يعضان بعضهما على الرمال,0.84
متزلج يُحاول خدعة على جانب جدار منخفض.,فتى يقوم بخدع التزلج على الدرابزين,0.8
فتاة صغيرة تقوم بقفزة ظهرية في الماء,فتاة شابة ترتدي اللون الأرجواني تجري عبر الماء,0.56
لاعب التزلج على الجليد يركب لوح التزلج على حائط بجوار خطوات.,صبي يطحن لوح التزلج أسفل جدار خرساني.,0.16
امرأة مع رجلين يرتديان قبعات يتسكعان في الخارج,امرأة شابة مع قبعة منسوجة تقف ضد جدار بيتزا دومينو.,0.28
صبي صغير يرتدي رداء حمام يجلس على كرسي معدني.,صبي يرتدي رداء يجلس على كرسي,0.84
كلب أسود يركض في الثلج.,كلب بيتبول أسود يركض في التراب,0.44
مجموعة من المراهقين يرقصون على أرضية خشبية,مجموعة من الناس يرتدون ملابس ذات ألوان داكنة يرقصون على أرضية خشبية.,0.68
صبي صغير يركب دراجة.,فتاة صغيرة مستلقية على لعبة زرقاء قابلة للنفخ,0.08
كلب أسود يركض في الثلج,كلب أسود يركض على الشاطئ,0.36
ثلاثة كلاب في الثلج قرب السياج,كلبان يشربان الماء في بحيرة.,0.2
فتاة تجري على ضفاف النهر مع كلبين أسودين.,صبي صغير يداعب نمراً مستلقي,0.04
فتاة مراهقة تجري على الشاطئ تصرخ، مع رجل كبير السن يسير وراءها.,طفل صغير يركض على طول الشاطئ على الشاطئ,0.36
كلب بني وأبيض يسير بجانب رجل على لوح التزلج.,طفل أشقر يرقد على فرع شجرة في حقل أخضر.,0.0
رجل يركب لوح ركوب الأمواج على موجة,رجل باللون الأسود على لوح ركوب الأمواج,0.8
الرجل ذو القميص الأحمر يتسلق جانب الجبل.,رجل يتسلق جانب الجبل,0.84
رجل يركب دراجة نارية وهو يرتدي زياً أسود,دراجة نارية بيضاء يجري ركوبها حول مسار السباق.,0.28
كلب أسود يسبح في النهر,كلب أسود يحفر في الثلج,0.24
رجل وامرأة يبتسمان,رجل وامرأة يضحكان,0.64
رجل يقف على قمة صخرة أو جبل يشاهد غروب الشمس,رجل يقف في الجبال يشاهد غروب الشمس,0.96
فتاتان صغيرتان تلعبان على الترامبولين.,صبيان صغار يلعبان في ساحة لعب.,0.28
فتيان يقفزان عالياً في الهواء,كلبان يتشاجران في العشب بالقرب من بحيرة.,0.04
المرأة التي تحمل حقيبة سوداء تدخن سيجارة.,امرأة تحمل حقيبة سوداء تدخن سيجارة,0.96
هناك كلب يركض على طول العشب.,كلب بني يركض في العشب.,0.84
رجل ذو شعر طويل ينظر من خلال الكاميرا.,امرأة تقف أمام جدار بالقرب من كاميرا الفيديو.,0.2
الكلب البني يركض على العشب,الكلب يركض على العشب.,0.8
شخصان يرتديان قبعات يجلسان وينظران إلى الكاميرا,رجل يرتدي قميصاً أزرق يصنع وجهاً غاضباً,0.0
فتاتين تلعبان مع الناس و الزهور خلفهم,فتاتان صغيرتان ترتدان تنورة تلعبان في حديقة.,0.64
فتاة ترتدي قميصاً وردياً تمدّ أطرافها في الهواء.,رجل يرتدي بدلة سانتا يتسلق بناية خرسانية كبيرة,0.0
فتاة صغيرة في قميص أحمر تسحب طائرة ورقية.,فتاة ترتدي قميصاً أحمر تلتقط صورة بالهاتف,0.28
طفل ينزلق في الثلج,رجل ينام في الشارع,0.0
ثلاثة كلاب تلعب في الماء.,ثلاثة كلاب تسبح في الماء.,0.84
كلب أبيض يركض على الرمال,كلب أبيض يركض على الرمال.,1.0
فتاة صغيرة مع يديها في الهواء تجلس على ظهر رجل بينما هو مستلق على بطانية.,طفل يركض في الاتجاه المعاكس للآخرين الذين كانوا يلعبون لعبة.,0.04
سيارة سباق حمراء وبيضاء تتسابق على حلبة سباق قذرة,شخص يركب دراجة قذرة في سباق على مسار قذر.,0.28
كلب أسود وأبيض يجري عبر حقل البقر.,كلب أسود وأبيض كبير يركض في مياه المحيط,0.44
رجل يرتدي قبعة من القش يحجب هاتفه بينما يمشي آخرون على الرصيف المزدحم.,رجل يرقد في الشارع رأسه وأكتافه تحت سيارة مركونة,0.12
رجل يحمل حقيبة بريد أمام جدار من البلاط الرمادي.,رجل يرتدي سترة حمراء يقف أمام المنارة.,0.16
الكلب يسبح في الماء.,ثلاثة كلاب تسبح في الماء.,0.64
كلب صغير أبيض ذو شعر مجعد يركض عبر الرصيف بعصا في فمه.,كلب أبيض ذو شعر مجعد يركض بعصاً في فمه,0.92
المرأة الشقراء ترتدي علم أمريكي أسود وقبعة من التارتان,امرأة ذات شعر أحمر ترتدي قبعة سوداء مزينة بالعلم الأمريكي.,0.56
شخص يحمل شبكة يقف في الماء.,امرأة سوداء وطفلان سوداء يجلسان في خيمة ذات سقف قش.,0.12
امرأة ترتدي بدلة رياضية حمراء تضغط على الليمون,امرأة شابة ترتدي قميصاً وردياً تأخذ صورة.,0.08
رجل يسير كلبين على القيود في الشارع,رجل يمشي مع كلبين في المدينة,0.84
كلب يركض في الثلج.,كلبان يجريان في التراب,0.44
ولد صغير يلعب في الثلج,الكلب البني والأبيض يلعب في الثلج.,0.32
امرأة ترتدي قميصًا أزرقًا وبنطالًا قصيرًا داكنًا تجلس على طاولة.,امرأة شابة مبتسمة ترتدي قميصاً برتقاليّاً وقناعاً يُمثّلون على طاولة في الهواء الطلق,0.64
كلب أبيض يركض في الثلج,الكلاب تجري في الثلج.,0.64
الكلب الأسود يركض في الثلج.,سائق سيارة سباق يقود سيارته في الطين,0.0
كلب يرتدي سترة خضراء وحقيبة ظهر يسير على الثلج,كلب صغير يرتدي سترة خضراء وحقيبة ظهر يمشي في الثلج,0.88
مجموعة من الناس يجلسون حول مكتب.,مجموعة من الفتيات على الشاطئ,0.12
ثلاثة كلاب يركضون في الحقل,كلبان يجريان في حقل عشبي,0.56
رجل وامرأة يداهما على ذقنهما يقفان بجانب شجرة عيد الميلاد,الرجل ذو اللحية البيضاء والقبعة الزرقاء يقف في باب ورشة عمل.,0.08
الكلب الأسود والأبيض لديه عصا في مخالب.,كلب أسود وكلب أبيض يقفان على الثلج.,0.24
كلب أبيض يركض في الثلج,الكلب الأسود والأبيض يركض عبر العشب.,0.28
رجل على الزلاجات على تلة مغطاة بالثلوج مع الجبال في الخلفية,كلب يستمتع بالعبث في الماء مع الجبال والرمال في الخلفية.,0.12
رجل على عرين دراجة إلى النهر.,رجل على دراجة يقوم بقفزة عالية جداً,0.24
متزلج ينزل من التل المغطى بالثلج,الكلب البني مستلقٍ في الثلج.,0.08
كلبان يركزان على العشب.,كلبان يجريان في التراب,0.72
رجل يرش سائل من خرطوم طويل على الشاطئ.,رجل يجلس على دراجته مع عجلة واحدة في الهواء.,0.12
شخص يرتدي سترة حمراء يلمس الزلاجات الزرقاء على شخص آخر,سيدة تثبت أحدهم التزلج على الجليد في الثلج.,0.44
فتاة تقفز رأسا على عقب على الترامبولين,فتاة تقفز على رأسها على الترامبولين,0.96
امرأة تقف أمام الأشجار وتبتسم,رجل يمشي بين الأشجار أمام أفق المدينة,0.4
صبي يقوم بالقفز من الخلف إلى حمام السباحة,صبي يرتدي ملابس سباحة حمراء وزرقاء يقفز رأساً أولاً إلى بركة سباحة.,0.48
ثلاثة أولاد صغيرين يغطون أنفسهم بالفقاعات,ثلاثة أطفال يقفون بجانب حمام سباحة مغطون بفقاعات الرغوة,0.84
الولد ينظر إلى الفتاة بينما فتاة أخرى تتجاهلهم,الولد يغوص في المسبح بينما يشاهده الزوجان,0.04
كلب أسود مع طوق أزرق يركض في الثلج.,كلب أسود مع طوق أحمر يلعب في الثلج.,0.64
طائر يجلس على شجرة.,طائر يجلس على شجرة بلا أوراق.,0.76
كلب بني يمضغ كرة برتقالية,الكلب لديه كرة برتقالية في فمه.,0.8
كلب بني يقفز في الهواء للقبض على الكرة,ثلاث شابات يقفزون في الهواء ليمسكوا بالكرة,0.12
طفل يسير من طاولة نزهة إلى أخرى.,الصبي يقفز من طاولة نزهة إلى أخرى في الحديقة.,0.64
كلب في الثلج,كلبان في الثلج,0.6
(دالماتيون) يجري على طول الشاطئ,"""دالماتيان"" تجري على طول الشاطئ.",0.96
كلب يركض في الثلج,كلب يركض في الثلج.,1.0
أربعة كلاب سوداء تجري عبر العشب.,كلب يركض عبر الحقل العشب.,0.4
رجل باللون الأحمر والأسود يضرب كرة قدم برأسه,رجل يرتدي قميص كرة قدم أحمر يترأس الكرة,0.72
كلب بني يسير على العشب.,كلب يطارد كلب آخر بجانب شجرة,0.24
امرأة تضع طفلها على لوح التزلج على الشاطئ,امرأة تحمل طفلا صغيرا على لوح التزلج على الشاطئ,0.92
كلب أسود يعض أذن كلب بني فاتح بطريقة مسلية,كلب أسود يعض كلبًا آخر في غرفة المعيشة,0.8
الكلب يسير على الشاطئ عند خط المياه,كلب بيجل يسير على طول الشاطئ الهادئ,0.88
الكلب الأسود والأبيض يركض عبر العشب.,كلب أسود وأبيض يركض عبر العشب.,1.0
كلبان يجريان في الثلج أحدهما يحمل كرة تنس,الصبي يقوم بعمل حيلة، عبر الهواء، على دراجته.,0.0
كلب أسود يسير على العشب بعصا في فمه.,الكلب الأسود يركض على العشب مع لعبة في فمه.,0.64
رجل يسير باتجاه شرطي يقف في معبر للمشاة في شارع مدينة.,شرطي يقف في معبر للمشاة في مدينة.,0.6
كلب أسود وكلب أبيض يلعبان في الشارع,كلب أسود وكلب أبيض يلعبان في الشارع معًا.,0.92
كلب أسود وأبيض كبير يسبح في الماء.,كلب أسود وأبيض مع عصا في المياه الموحلة.,0.72
ولد صغير مهرج مع غطاء على رأسه.,فتى يرتدي غطاء معدني على رأسه,0.84
اثنان من عمال البناء يجلسان على حزمة يستريحان.,الرجل يرتدي قميصه بالقرب من المصعد,0.0
رجل وامرأة يضحكان,رجل وامرأة يقبلان بعضهما,0.24
كلب أسود، بني وأبيض يجري عبر حقل.,كلب أبيض و بني يجري في الحقل,0.57
الأطفال يلعبون في حمام السباحة بينما يراقبهم رجلين بالغين.,الأطفال يلعبون في بركة بينما البالغون يشاهدون.,0.92
طفلين يرشقان في الماء,كلبان يلعبان معاً على السرير.,0.0
الكلب البني والأبيض يسير في المياه الضحلة.,يبدو أن كلبًا أبيضًا وبنيًا يسير على الماء.,0.92
امرأة تقرأ أثناء التنقل العام.,رجل نام في وسائل النقل العام,0.32
كلب بولدج يركض عبر حديقة ذات عشب بينما يقف الناس في الخلفية,الكلب يركض في جسم كبير من الماء مما يجعله يرش.,0.36
صبي صغير يركب دراجة على طريق من الطوب,شخص يقوم بخدع على دراجة على منحدر محاط بالأشجار,0.44
الشاب يتزلج في حديقة التزلج,فتى يرتدي قميصاً أزرق يطير على لوح التزلج في حديقة للتزلج,0.76
فتاة تقفز الحبل على الرصيف بالقرب من موقف السيارات,فتاة تقفز الحبل على الرصيف مع موقف للسيارات على اليسار.,0.88
شخص في الماء على الشاطئ بينما تغرب الشمس,شخص فوق لوح التزلج على الماء,0.6
كلب يقفز في الهواء ليمسك بالفريسبي,الكلب البني يقفز من أجل الفريسبي الوردي,0.8
يعيد الكلب لعبة اللعب إلى سيده.,ثلاثة كلاب يتسابقون في الثلج معاً,0.2
إثنان من الإناث يقفزان من الأرجوحة,فتاتين تقفزان من الأرجوحة,0.92
امرأة مع فتاة شابة تتظاهر مع تماثيل الدب أمام متجر.,رجل يرتدي سترة يقف أمام حشد كبير,0.12
رجل بلا قميص يلعب كرة القدم على العشب,رجل بلا قميص يمسك كرة القدم,0.88
فتاة ترتدي اللون الأخضر تلتوي شيئاً في يديها,صبي صغير يرتدي سروالًا قصيرًا أخضرًا فقط يتوقف بشكل محرج على خلفية من الطوب.,0.16
رجل يرتدي سترة حمراء يحمل دراجته للصورة,امرأة ترتدي سترة حمراء تقوم بتصوير مشهد طبيعي.,0.08
صبي يقفز إلى حمام سباحة عام غير مزدحم,رجل يقفز على لوح ثلج,0.16
المهرجون يتوقفون أمام الكاميرا,طفل باللون البرتقالي على لوحة في الأمواج,0.12
أربعة أطفال يمسكون أيدي بعضهم يقفزون في بركة سباحة,أربعة كلاب تلعب في الثلج.,0.0
فتى يدفع عربة مع قرودين,طفل يجلس خلف عربة بها قرعتان,0.56
اثنان من لاعبي كرة القدم يتقاتلان من أجل الكرة خلال مباراة حادة.,اثنان من الكلاب البرتقالية والبيضاء الصغيرة في الثلج.,0.0
الكلب الأسود يسير عبر العشب الطويل.,الكلب الأسود يركض عبر العشب.,0.76
كلبان أسودان يلعبان في الثلج,الكلب الأسود يحفر في الثلج.,0.68
الكلب يقفز فوق السلسلة,كلب يقفز فوق السلسلة,1.0
فتاة تحمل حقيبة سوداء تجلس على مقعد خشبي,امرأة شابة تحمل حقيبة سوداء تجلس على مقعد خشبي.,0.92
كلب أسود و كلب أصفر,كلب أسود وكلب بني وأبيض يلعبان في الحقل.,0.44
ثلاثة أطفال في حفرة كرة,العديد من الأطفال يلعبون في حفرة كرة.,0.68
الكلب الأبيض والرمادي الكبير يمر عبر نفق أصفر في مسار عقبات.,كلب أبيض و أسود يخرج من أنبوب أصفر و برتقالي,0.72
سباحة تقوم بضربة الظهر في حمام السباحة,شخص يقوم بضربة الظهر في حمام سباحة,0.96
رجل يقف على ظهر دراجة على طريق صخري بالقرب من بحيرة.,امرأة ترتدي ربطة رأس بيضاء وقمصان أرجوانية وقفازات سوداء,0.0
الكلب البني يركض عبر العشب الأخضر.,كلب بني يجري عبر نهر.,0.48
كلب أبيض صغير وكلب بني كبير يلعبان على العشب.,كلب صغير بني فاتح يمر بجانب كلب بني كبير يقف في العشب,0.68
امرأة تحمل كلباً بينما كلب آخر يقف بالقرب منها في الحقل.,سيدة تحمل كلباً بينما كلب آخر يلعب في الفناء,0.68
كلب أسود يسير عبر الماء,كلبان أسودان يسيران في الثلج,0.48
كلب أسود يركض في الثلج.,كلب أسود يسبح مع كرة في فمه.,0.36
امرأة ترتدي ملابس خضراء تلعب مع كلبها البني.,كلب سمراء يلعق يد فتاة أثناء الاستلقاء,0.32
رجلين بلا مأوى يقفان بالخارج مع لافتة من الورق المقوى,شابين بلا مأوى يحملان لافتة من الورق المقوى,0.92
كلب بني يتجول في الماء,كلب يرش في المياه الغامضة,0.72
رجل واحد في قميص برتقالي يرتدي خوذة بيضاء يركب دراجة.,الرجل الذي يرتدي خوذة زرقاء يقود سيارة بولاريس,0.56
فتى صغير يقف أمام حفل زفاف يضحك,شخص يقف على خشبة المسرح أمام الحشد الجالس,0.36
شخص على دراجة ثلجية,شخص على دراجة ثلجية في منتصف القفز,0.72
الرجل يقف على الشاطئ يضرب الكرة بمجداف,فتاتان مراهقتان تقفان بجانب الشاطئ تستمعان إلى الأيبود,0.16
هذه الصورة في الأعلى تُظهر رجلان يستريحان.,شخص يرتدي قبعة سباحة ونظارات واقية يتنفس,0.08
كلبان بنيان يجريان معاً على الرمال,كلبان بنيان يجريان على الرمال.,0.92
كلب أسود يطارد فريزبي أحمر,كلب كلب أسود يركض في الثلج.,0.28
فتيان ذو ذيل حصان يركبان جولة في حديقة الترفيه,فتاة شابة في جولة في حديقة ترفيهية,0.6
كلب يحفر في الرمال,الكلب البني يحفر في الرمال.,0.84
رجلين يجلسان على الرصيف أمام المتاجر.,امرأة ترتدي ملابس سباحة تمشي مع كلب على الشاطئ,0.0
كلب ذو بقع سوداء وبيضاء يقفز عبر الجدول,كلب ذو بقع سوداء وبيضاء يقفز فوق تيار صغير من الماء.,0.92
شخص على دراجة بي إم إكس,رجل على دراجة في الهواء,0.6
كلبان يركزان في العشب الطويل,اثنان من الكلاب يركضان في منطقة عشبية.,0.92
كلب أبيض صغير يرتدي حزاماً يقفز خلف كرة حمراء,كلب أسود وأبيض يعيد عصا في الثلج.,0.2
مجموعة من الناس يقفون خارج مبنى.,مجموعة كبيرة من الناس شكلت صفًا في الخارج,0.64
مجموعة من أربعة أطفال يرقصون في الفناء الخلفي,مجموعة من الأطفال يقومون بالتمدد على السجادة الملونة,0.32
مجموعة من المراهقين يقفزون في الهواء على الشاطئ,مجموعة من الشباب يقفزون في الهواء بينما هم على الشاطئ.,0.96
فتى يلوح حول شمعة.,صبي صغير يلف شمعة في الهواء,0.88
العديد من الناس يجلسون حول النار في الليل.,مجموعة من الناس يقفون ويجلسون على الأرض في الليل,0.52
نوعان مختلفان من الكلاب البنية والبيضاء يلعبان على الشاطئ.,كلبان يلعبان في الرمال على الشاطئ,0.8
رجل واحد وامرأتين يرتديان زي مصاصي الدماء,رجل وامرأتين يرتديان أزياء,0.68
ولدان، أحدهما يرتدي قبعة، في ساحة لعب.,الصبي ذو القبعة السمراء يضحك بينما يجلس بالقرب من معدات الملعب.,0.48
كلبان يلعبان في الثلج,كلبان يلعبان في الثلج.,1.0
امرأة تحمل طفلاً بينما رجل ينظر إليه بينما رجل آخر يحمل طفلاً يراقبه,امرأة تقف مع ذراعيها في متجر بينما امرأة أخرى تحمل كاميرا.,0.08
كلب أبيض رقيق يركض في الثلج الأبيض النقي.,كلب أبيض رقيق يركض في الثلج,0.92
امرأة تحمل جريدة,رجل يتزلج على قضيب معدني,0.0
مجموعة من الرجال يعزفون الآلات النحاسية,مجموعة من الرجال يعزفون الآلات الموسيقية في الخارج,0.68
فتاتان على الشاطئ تراقبان الناس في قارب للصيد,اثنان من الذكور، واحد في الأحمر والآخر في الأبيض يلعبون لعبة كرة السلة.,0.0
متزلج على الجليد يقفز في الهواء,لاعب التزلج على الجليد يطير في الهواء,0.8
كلب أبيض بأذن حمراء يركض في الثلج.,كلب أسود مبلل مع طوق أحمر في النهر,0.12
فتاة صغيرة وصبي صغير يمسكان أيديهم على شرائح لامعة,فتاة صغيرة في فستان بيسلي تجري عبر الملعب الرملي.,0.08
الأطفال يلعبون كرة القدم في الملعب.,ثلاثة أولاد يلعبون كرة القدم في حقل,0.84
رجل يقفز من سقف إلى آخر,رجل شاب يقفز من شرفة إلى أخرى,0.56
طفل واحد يسحب آخر، يجلس في عربة حمراء، على طول الرمال.,فتى صغير يسحب فتى آخر يرتدي قبعة سخيفة في عربة إعلانات راديوية,0.68
البومة لديها أجنحتها مرفوعة وتنتشر خلال النهار.,الطير يفتح جناحيه وهو يطير,0.48
رجل يرتدي قبعة زرقاء يجلس على مقعد تحت شجرة.,كلب يقف على الشاطئ مع كرة بالقرب منه,0.0
امرأة تغني في ميكروفون من قبل رجل يعزف على الجيتار.,امرأة تغني في ميكروفون مع عازف غيتار في الخلفية.,0.88
ثلاث خراف ترعى في الحقل العشبية مع كلب يسير ورائها.,مجموعة صغيرة من الماعز في العشب مع كلب أسود وأبيض في الخلفية.,0.56
راكب دراجة يجعل دراجته تقفز بين صخرتين,رجل يقفز دراجته في الهواء بين صخرتين,0.88
فتاة شابة ترتدي قبعة وردية مع مبنى أصفر في الخلفية.,فتاة شابة ترتدي فستاناً وردياً وبحوزتها شيء ما,0.36
فتاة ترتدي فستاناً وردياً تقود دراجتها على طول سياج أبيض.,فتاة ترتدي ثوبًا أحمر تركب دراجتها أمام سياج أبيض.,0.8
حيوان ذو شعر بني يقف خلف بعض النباتات,سراويل كلب بينما يقف في الغابة.,0.28
طفل يرتدي قميصاً أحمر يستخدم لوحاً أسود ليتدفق على موجة الشاطئ,رجل في قارب يجدف عبر المياه الزرقاء,0.2
الكلب ذو اللون الأبيض والسمراء يركض في الحقل.,الكلاب البنية والبيضاء تجري عبر الحقل.,0.68
فتاتان مراهقتان، أحدهما يبتسم,فتاة صغيرة على أرجوحة أطفال,0.16
طيران يتفاعلان في العشب,كلبان يلعبان مع بعضهما البعض في الهواء الطلق.,0.04
اثنان من المتجولين يقفون على قمة جبل مغطى بالثلوج,اثنان من المتسلقين يقفون على قمة الجبل ينظرون حولهم,0.68
طفلين في حقل من الزهور الحمراء,طفلين يلعبان في حقل من الزهور الحمراء.,0.96
رجل شاب يقفز من الصخور إلى البحيرة,قفز شاب يرتدي ملابس سباحة حمراء من على صخرة كبيرة إلى الماء.,0.8
كلب أسود صغير في العشب.,كلب أسود يركض في العشب.,0.72
سيدة ترتدي كيمونو تنظر إلى الكاميرا.,فتيان يرتديان ملابس سوداء يجلسان في غرفة ويتخذان أوضاعاً إثارة أمام الكاميرا.,0.2
مجموعة من الناس تشعل بالون الهواء الساخن,مجموعة كبيرة من الناس يركبون خيول بنية وبيضاء,0.0
الأطفال يلعبون القتال بالسيوف,طفل ووالد يداعبان حصاناً,0.0
رجل يبحر في المحيط,كلب يركض عبر المحيط,0.28
ثلاثة كلاب تتسابق على مسار ترابي,السيارات تتسابق على حلبة ترابية,0.28
شخصان يمسكان أيديهما ويمشيان في حقل,رجلين يمرون بجانب لوحة جدارية لسيارة,0.24
الكلب البني يطارد الفريسبي,كلب بني يجلس على العشب,0.32
امرأة ترتدي بدلة حمراء تقف على الرصيف,امرأة ترتدي بدلة حمراء تقف على الرصيف.,1.0
كلب يركض في الفناء الخلفي المليء بالأوراق.,ثلاثة كلاب تجري عبر حقل.,0.56
جروان يلعبان في العشب,جروان يلعبان في العشب,1.0
كلبان أسود وأبيض يلعبان معاً في الخارج.,طفلين وكلب أسود يلعبان في الثلج.,0.2
ثلاثة كلاب تجري في الماء,كلب أسود يركض في الماء,0.2
امرأة تجلس بمفردها أمام جدار من الطوب,امرأة تمشي مع حقيبة حمراء.,0.24
كلب بني يحمل عصا في فمه,كلب يسبح بعصا في فمه,0.52
امرأة شابة تنحني على طبقها أثناء تناول الطعام.,امرأة شابة، عاريّة من أعلى ما عدا الطلاء أو الطين,0.16
شخص يتسلق التل المغطى بالثلوج بينما يتبعه كلبه,شخص يتسلق تلة مليئة بالثلوج بينما يتبعه كلب أسود,0.76
كلب بني يجلس على الشاطئ.,كلب يركض على الشاطئ,0.4
الغواص يغرق في الماء,الغواص تحت الماء,1.0
الرجل يركب دراجة على تلة ترابية.,راكب دراجة مخادع يطحن السور,0.36
الكلب الرمادي الكبير يلعب في الثلج العميق.,أربعة كلاب تلعب في الثلج.,0.52
رجل يركب دراجته على الشاطئ بجانب المحيط,رجل يسير بقرته على جانب الطريق,0.16
كلب في سيارة,الكلب يعض الممسحة,0.2
كلبٌ ذو أذنين متدحرجين يسير نحو الكاميرا في الغابة,طفل أمام انعكاسه يتجه نحو الكاميرا و يبتسم,0.24
الكلب البني يرش الماء في كل مكان عن طريق هز الماء عن نفسه.,كلب أبيض يقف على ضفاف النهر يُجفف نفسه.,0.48
كلب أسود وأبيض يركض على الشاطئ.,الكلب الأسود والبني يركض في الثلج.,0.36
الكثير من الشرق الأوسط يجلسون في مؤخرة شاحنة زرقاء,مجموعة من الناس يركبون في مؤخرة شاحنة.,0.68
شخص مع اثنين من عصي التزلج التزلج أسفل التل الثلجي.,شخص يتزلج على التل المغطى بالثلوج,0.84
امرأة تأكل السمك في مطعم.,امرأة تأكل سمكة كبيرة في مطعم.,0.92
طفل وكلبان يلعبان في الماء.,طفل يرتدي رداءً أحمر وأزرق ينظر إلى الماء,0.44
متزلج يقوم بخدعة على جدار حجري,متزلج يرتفع إلى المنحدر,0.44
الناس يقفون على السلالم المتحركة يصعدون,الناس يصعدون السلالم المتحركة,0.92
سيدة تجري كلبها خلال دورة خفة الحركة.,مدربة تجري كلبها خلال دورة التدريب مع الأنبوب الأخضر,0.84
الكلب الأبيض والبني يهز أذنيه.,الكلب البني يركض عبر الرمال.,0.28
بعض الأطفال يرفعون أيديهم ويصفقون,ثلاثة أطفال يلعبون كرة القدم في الرمال.,0.04
رجل ينفخ فقاعة كبيرة,رجل يسير على حصان أسود كبير,0.0
شخصان يجلسان على رصيف بالقرب من الماء.,شخصان يجلسان على نهاية رصيف في منتصف المياه الهادئة,0.76
حارس الهوكي مستلقي على الجليد أمام الشبكة,لاعب هوكي يرقد على الجليد أمام المرمى,0.92
متزلج يرتدي سروال ثلج أزرق يطير في الهواء بالقرب من القفز,متزلج يقف على يديه في الثلج أمام كاميرا الفيلم,0.28
الكلب البني يركض على طول مسار عشبي.,كلب بني يركض على طول مساحة عشبية مقسمة بخيوط.,0.68
الفتاة ترتدي قميصًا أزرقًا مخططًا و (روليربليد).,رجل يرتدي قميص أسود وأبيض يقفز على ظهر الكلاب,0.0
رجل وشم باللون الأسود يعزف على غيتار أبيض ويغني,امرأة ترتدي معطفاً أبيض وأسود وأقنعة أذن,0.0
كلب يركض على طول الشاطئ,فتى وفتاة يركضان على طول الشاطئ,0.28
شاب وامرأة يجلسان على مقعد بالخارج يقبلان بعضهما.,الرجل والمرأة يجلسان على مقعد يقبلان بعضهما,0.92
الكلب البني يقفز للحصول على حزام أخضر في فمه.,الكلب الرمادي يقفز ليعض القيود الخضراء,0.64
كلب أسود يركض في العشب.,كلب أسود وكلب بني يجريان في العشب,0.64
امرأة تجلس على الرصيف مع هاتف محمول على أذنها.,امرأة تركب دراجتها,0.1
ثلاثة كلاب تلعب في حقل عشبي.,بعض الأطفال يلعبون في الحقل,0.24
صبي صغير يلعب في حفرة كرة حمراء,فتى يضحك على حفرة من الكرات الزرقاء,0.6
راكب أمواج على موجة,راكب الأمواج يركب موجة,0.88
المتزلج يصل إلى قمة المنحدر,المتزلج يركب جدار الأنابيب في حديقة التزلج,0.48
رجلين في سباق الركض,الكلاب في سباق,0.2
طفلين يسيران على طريق في الغابة.,طفلين يسيران في طريق في الغابة,1.0
الكلب البني والأبيض يركض على العشب,الكلب ذو اللون البني والأسود يركض عبر العشب.,0.68
كلبان يركزان جنبا إلى جنب على العشب.,كلبان يجريان على العشب,0.88
كلبان يتبولان على مصباح حريق أحمر,كلبان يتبولان على مصباح الحريق الأحمر,1.0
لاعب كرة الرجبي في الزي الداكن يحمل كرة الرجبي ذات اللون الفاتح مع ذراع ممدودة.,الكلب البني يرش في الماء بينما يحمل كرة في فمه.,0.08
شخصان يسيران عبر الماء,فتاتان تمشيان بجانب شجرة أمام مبنى من الطوب.,0.24
كلب يرش في الماء,كلب يرش في المياه الغامضة,0.8
مجموعة من الناس يسيرون على الرصيف في مدينة كبيرة.,مجموعة من الناس يركبون في مؤخرة شاحنة.,0.2
الكلب في الهواء فوق العشب.,الكلب مستلقي على السرير مع ملاءة زرقاء.,0.2
كلب أسود يجري في بعض المياه.,رجل يرتدي زي كرة القدم يركض مع كرة القدم أثناء المباراة,0.0
فتاة تقف في مترو الأنفاق تنتظر شيئاً,فتاة تقف في منطقة ذات ضوء خافت,0.4
الرجل يجلس مع فتاة صغيرة في الحديقة,الرجل يلعب مع الكلب الصغير,0.12
كلب سمراء كبير يركض مع شيء أخضر في فمه,الكلب السمراء يحمل لعبة صرير خضراء في فمه.,0.88
مجموعة من الناس في القوارب يتسابقون نحو الشاطئ,غرفة دراسية من الطلاب يشاهدون عرضا.,0.0
شخص يركب لوح التزلج في الهواء فوق منحدر.,يقود راكب دراجة على طول عنصر مسار يقع في منطقة غابات.,0.12
صبي يزحف على لوحات التزلج على السور المعدني ليلاً,كلب بني يركض على الرمال، يحمل عصا.,0.0
شخص يضغط من خلال فتحة في الوجه الصخري,كلب بني متوسط الحجم يركض عبر منطقة غابات بيضاء مفتوحة.,0.0
الكلب يركض نحو الكاميرا مع كرة في فمه,الكلب الأسود والأبيض يسبح مع جسم بني في فمه.,0.4
فتاة صغيرة تجري على الشاطئ,فتاة صغيرة تركض على شاطئ الشاطئ,0.84
لاعب البيسبول يرمي الكرة,لاعب كرة السلة يحمل الكرة,0.32
رجل يتأرجح على حبل فوق الماء,رجل يرتدي بدلة سباحة قردية يتأرجح على حبل في بحيرة.,0.6
فتاة شابة ترتدي زي (ميني ماوس) وامرأة مسنة تمشي على الرصيف,رجل يرتدي بدلة بيضاء يحمل جريدة يمشي في الشوارع,0.2
ماذا عن بعض الشهادات من خبراء الصحة الحقيقيين؟,"أيضاً، من يقول أنه لا توجد شهادات من خبراء الصحة ""الحقيقيين"" هناك؟",0.6
ثم ذهب الكابتن,ثم عاد الكابتن,0.16
المشكلة أبسط من ذلك,المشكلة بسيطة,0.76
متطلبات الاعتراف السلبية.,متطلبات المحيط الهادئ,0.2
"لذا، أنا أترك، في الوقت الحالي، أسألك السؤال: ""أين هو ماركس""؟","سأنتقل لأسألك سؤالاً "" أين اللحم ؟ """,0.08
هل تطلب مني أن أثبت أنك لا تفعل؟,أنت تطلب مني أن أثبت سلبية؟,0.92
أنا موافق على الاستخدام الطبي!,أنا موافق على الاستخدام الطبي!!,1.0
أسعار كل ما تحتاجه ارتفعت بسبب التضخم.,"أسعار كل ما تملكه من أصول ""إي إي"" انخفضت",0.4
الحرب في الشرق الأوسط,حرب في الشرق الأوسط,1.0
كيف كانت السلطوية؟,نشرت أصلاً بواسطة زاف أنا أستسلم,0.12
تخيل مكاناً % أبيض و % أسود,تخيل مكاناً فيه %رجال و %نساء,0.2
لا توجد فرصة لمحاكمة عادلة,ليس هناك فرصة لمحاكمة عادلة,1.0
النيرفانا مختلفة جداً عن النسيان,النيرفانا ليست النسيان,0.72
نحن في بريطانيا نفكر بشكل مختلف عن الأمريكيين.,نحن في بريطانيا نفكر بشكل مختلف عن الأمريكيين.,0.8
"إذا أجبت بـ""نعم"" أو ""لا"" فمن المحتمل أن تكون مستقيم","إذا أجبت بـ""لا"" لكن بـ""نعم"" فأنت على الأرجح مستقيم",0.62
الأرض كلها مجتمعة تنتج ما يكفي من الغذاء لمليار شخص,الذي ينتج الآن فقط ما يكفي لمليار؟,0.44
بالمناسبة كان لديه تأجيلات مناسبة في ذلك الوقت,تأجيلات ملائمة للوقت، هاه؟,0.64
(مرحباً يا (عيون زرقاء كيف هي الأمور في (لندن,مرحباً يا عيون زرقاء كيف هي الأمور في لندن؟,0.88
لكن في البث الإخباري رأيتهم ينادونه بالبيض,"ولكن يبدو أنه سيكون أقل ""أثر"" إذا لم يدعوه أبيض.",0.44
وفقًا لصديقته و (زيمرمان) ، فعل ذلك.,وفقًا لـ (زيمرمان) فعل,0.48
والداي أخبراني أن هذا سيء لك,معلمي أخبرني أنه سيء لك,0.56
النازية هي مصطلح عبارة عن NSWP.,النازي هو مصطلح عبارة عن NSWP.,0.92
أنا أعارض عقوبة الإعدام,لهذا أؤيد عقوبة الإعدام,0.2
حسناً، أياً كان، أنت كذلك الآن.,حسنا، أيا كان، كنت على علم به الآن.,0.44
إنهم لا ينتجون شيئاً أستطيع أكله أو ارتدائه أو العيش فيه,"فكر في كل الأشياء التي لا يمكنك ""أكلها أو ارتدائها أو العيش فيها"".",0.44
(ديكسوت) ملك لـ (مات هوليداي),مات هوليداي يمتلك، y'all.,0.76
الناس استغلوا القوانين,الناس انحرفت القوانين.,0.56
مضحك، فكرت نفس الشيء عن بعض الرياضيات.,وأنا كنت أعتقد أنني أعرف بعض الرياضيات,0.44
"لدي سنوات من حقوق ""نينر نينر"" أستخدم الخس أيضاً","لدي سنوات من حقوق ""نيينر نينر""",0.52
"أنا لا أبدأ أو أنهي كل شيء بـ ""أنت تكره اليهود""",يجب أن تتوقف عن إضافة أو إضافة كل شيء بكرهك لليهود,0.6
سألتها إن كانت مستعدة لممارسة الجنس على شكل شجرة,كنت سأسألك على الأقل إن كان الجنس الثلاثي مستحيل,0.96
لا يزال هذا غير منطقي,أنت من لا يعقل,0.28
منازل أكثر تكلفة,سيارات أكثر تكلفة,0.24
"قال (مارتن) ، ""لماذا تتبعني؟""","أجاب زيمرمان، ""ماذا تفعل هنا؟""",0.16
على الرغم من أن تقديرات كثافة الأقمار الصناعية من TAFB و SAB هي T فقط,"تشير تقديرات كثافة الزواج من ""تافب"" و ""ساب"" إلى ""كيت""",0.4
"""الجنيات لا وجود لها"" - حسناً","""الساخرون لا وجود لهم"" حسناً",0.24
أتريد أن تعرف ما أجده غريبًا؟,هذا ما أجده غريب,0.56
متى قمت بمقارنة المثلية الجنسية مع اضطراب النمو؟,لقد قارنت رهاب المثلية مع اضطراب في النمو,0.52
إذا سألت المحافظين، الأرقام سوف تكون منحرفة إلى اليمين.,إذا سألت التقدميين، ستكون الأرقام مشوهة إلى اليسار.,0.52
أنت لم تذكري (بي.إف.إي) قبل ذلك المقال,أنا لم أذكر أمر تقييدي أيضاً,0.16
"""جميعنا أوعية مليئة بالعديد من العجائب""","""عين النمر"" كلنا أوعية مليئة بالعديد من العجائب.",0.48
من السنة السابقة,مئوية من السنة السابقة,0.6
ما زلت أحب هذا البرنامج,اللعنة على هذا العرض,0.2
ممتلكاتهم الضخمة محمية من قبل الحكومة,ثروتهم الكبيرة محمية من قبل الحكومة,0.64
الفرق الأساسي، من فضلك؟,فرق جوهري؟,0.92
"كيف يتم ""معاقبة"" ألمانيا على غباء الحرب العالمية؟",كيف يتم معاقبتهم بالضبط؟,0.28
(زي) تعقبه ثم أطلق عليه النار,لقد زعمت أن (زيميرمان) تعقبه ثم أطلق عليه النار,0.6
أنا لست غاضبة، أنا بخيبة أمل.,بارك الله أنا لست غاضب، أنا بخيبة أمل.,1.0
نحن لم نخرج منه في المقام الأول!,من أين يأتي المال في المقام الأول؟,0.16
حرية التعبير لها عواقب,إذا كانت حرية التعبير لها عواقب فهي ليست حرة,0.42
والداي أخبراني أن هذا سيء لك,معلمي أخبرني أنه سيء لك,0.56
إذا كان بإمكانك قتل شخص واحد لإنقاذ أربعة، هل ستفعل؟,أما بالنسبة للشخص الذي سأقتله لإنقاذه، فليس لدي أدنى فكرة.,0.4
إنها لا تفرض الأخلاق,إنه يفرض قانوناً,0.22
هذا يعتمد على كيفية تعريف التطرف,"يعتمد على تعريفك لـ""متطرفة""",1.0
على الأقل كان للمكسيك وجود في كاليفورنيا,(المكسيك) ليس لديها أي مطالبة بـ (كاليفورنيا),0.24
لذا نعم، نحن نقرأ الكتاب المقدس لمعرفة المسيحية.,أنا شخصياً أقرأ الكتاب المقدس لأتعلم عن المسيحية,0.6
! ها ها ها ها,ها ها ها ها ها ها ها ها,0.9
ولهذا أنت تصرخ علي وترفض الإجابة عن أسئلتي؟,ما زلت ترفض الإجابة عن أسئلتي؟,0.68
لديك الكثير من التنظيم وليس القليل,عليك أن تتدخل كثيرا في الأسواق الحرة، وليس قليلا جدا.,0.76
العنصر البشري يمكنك أن توقع مع (لانس بيركمان) في نهاية العام على ما أعتقد؟,يمكنك أن توقع مع (لانس بيركمان) في نهاية العام على ما أعتقد؟,0.8
لماذا لم يتم إدراج كتاب توماس في الأدب المقدس؟,[الصورة في الصفحة ٢٤],0.52
أتعني أنك تصدق كلمة وسائل الإعلام الرئيسية؟,أتعني أنك تؤمن بكلمة (سبرينغ هول كونفرت) ؟,0.36
نحن من المفترض أن نستكشف,من المفترض أن نتحرك,0.48
إسرائيل لا تعطي ****، تقبل ذلك.,أن إسرائيل لا تهتم بما يظنه الآخرون,0.68
كلنا أوعية مليئة بالعديد من العجائب,نحن جميعاً أوعية مليئة بالعديد من العجائب,0.68
-صديق عزيز من (أوهايو) أرسل لي هذا,صديق عزيز من أوهايو أرسل لي هذا,0.72
ومع ذلك، فإن قصة تيتانيك هي التي تحمل التدقيق في الأدلة.,الدراسة الجديدة تظهر أن قصة تيتانيك لا تقف أمام التدقيق,0.32
هل يمكنه حقاً كسب المال من إعلانات جوجل؟,من يكسب المال من إعلانات جوجل؟,0.64
إنهم يعرفون أن الفيديو لا يظهر غرفة غاز,خلاصة القول أن مقطع الفيديو لا يظهر غرفة غاز,0.92
دافئة، ربما تسجيل.,أكثر دفئاً، وهو بالتأكيد رقم قياسي.,0.88
"""أذكياء ولكن غير متألقين"" يصبح ""علاجهم بالمخدرات""","""مُتَصَرِّف و عنيد"" يُصبحُ يُعالجُ بالمُخدّراتِ"".",0.44
"ما هو تعريفك لـ ""الحياة""؟",ما هو تعريفك للطبيعة؟,0.24
يمكن أن يكون الكثير من الأشياء.,يمكن أن يكون خطأ بسيط.,0.44
لا ابتزاز، لا رشوة، لا مال متورط يطلب مالاً مقابل صوته,لا ابتزاز، لا رشوة، لا مال متورط فقط جرائم من الدرجة (إي),0.76
النسخة المعدلة للدكتور (نياندر),النسخة المعدلة لـ (نياندر) ؟,0.8
هل يجب أن أخبرها كيف أشعر؟,هل يجب أن أنتظر الأمر ونرى كيف ستسير الأمور؟,0.44
متطلبات المحيط الأطلسي,متطلبات المحيط الهادئ,0.16
ليس لديك بقايا صاروخ في البنتاغون,ليس لديك شهود على صاروخ في البنتاجون,0.52
"""جين"" تريدني أن أطلب من ضيف الحفلة المفيد أن يدفع ثمنها",لا اصدق انها تطلب منك ان تطلب من ضيف الحفل المساعد المال,0.44
أي امرأة تريد تحديد النسل يمكنها الحصول عليه,أي امرأة تريد الإجهاض يمكنها الحصول عليها,0.32
هل هو قانوني للنمو؟,نعم، هو قانوني للنمو.,0.52
"الضغط على واحد لا ""يفعل"" الإنجليزية.",الضغط على واحد يرسل نغمة.,0.36
ما هو رأيي بخصوص المسلسل؟,ما هو رأيي في (فايرفلاي) في الوقت الحالي؟,0.56
كلنا أوعية مليئة بالعديد من العجائب,كلنا أوعية مليئة بالعديد من العجائب,0.72
هل لديه مؤيدين؟,بالتأكيد لديه مؤيدين,0.4
لكن حسنًا، السيادة النهائية؟,وبالتالي، السيادة النهائية.,0.44
هذه ليست إجابة,لا، هذه ليست إجابة,0.96
النازيون يزيدون من عمر ترخيص السلاح من سنوات إلى سنوات,لقد خفض النازيون الحد الأدنى من العمر لشراء سلاح ناري,0.44
لكن لا يمكننا فعل ذلك بدون مساعدة,"لا يمكننا فعلها بدونك""",0.72
لا يوجد شخص صحي يحتاج للعب القمار,لا يوجد شخص صحي يحتاج الجنس,0.28
قلت أنه ليس شخصاً بالمعنى القانوني,إذا لم يكن شخصًا، فماذا يكون؟,0.4
هل ترى دعوة أوباما لإصلاح القوانين؟,"هل رأيتم (أوباما) يدعو إلى ""القطع، الحد الأقصى، والتوازن""؟",0.36
"""العفاريت لا وجود لها"" - حسناً -","""الجنيات غير موجودة"" - حسناً",0.6
أحضرت بعضاً من (هايين) و (كورز) لقد بدأت بالأمس,لقد بدأتها ليلة البارحة يا إشنج,0.4
إيران أيضاً مُوقّعة على معاهدة عدم الانتشار النووي ووكالة الطاقة الذرية.,"يجب أن أحب حقيقة EK أن ""إيران هي أيضا موقعة على معاهدة عدم الانتشار النووي والوكالة الدولية للطاقة الذرية.",0.84
"""الغورغونات غير موجودة"" حسناً","""الساخرون لا وجود لهم"" حسناً",0.4
أفضل طريقة للحصول على المال هو التخلص من اللوبي، كل ذلك.,أفضل طريقة لتحويله على رأسه هو الحصول على المال.,0.6
عادةً ما أحصل على رعاية لائقة,"لدي سنوات من حقوق ""نينر نينر"" إنهم مخادعين.",0.68
هل سمع أحدكم من (دوتشي) ؟,@NickFun، هل سمع أحدكم من Dutchy؟,0.72
شكل القيمة الموسعة للسلع,شكل القيمة الرأسمالية للسلع الأساسية,0.72
أنت مسيحي,لذلك أنت لست مسيحياً,0.28
و الحقيقة البسيطة اليوم؟,أكرر: والواقع البسيط اليوم؟,0.8
الأخلاق لا علاقة لها بأي شيء !,والأخلاق والإخلاص لهما علاقة بالأمر,0.4
"""أنت شخص جيد جداً!","أنت شخص سيء جداً!""",0.36
(فرن) أعتقد أن قصص كهذه غبية,-أعتقد أن قصص كهذه غبية,0.72
لا يتوقع تشكيل إعصار خلال الساعات القادمة,تشكيل الإعصار الاستوائي غير متوقع,0.68
ألا تفهم معنى هذه السلسلة من الكلمات؟,"ألا تفهم ماذا تعني كلمة ""قادت"" ؟",0.24
لا توجد حرية دينية,لا توجد حرية التعبير,0.24
رسالة كل الكتب المقدسة هي الوحدة,نشرت في الأصل بواسطة SolInvictus Ah.,0.48
كم من الوقت بعد التدمير يجب أن يعود الطفل إلى المدرسة؟,كم من الوقت بعد التدمير لن يزعج الطفل؟,0.6
الرجل والمرأة مختلفان نعم,الرجال والنساء مختلفون نعم؟,0.68
الخطر المزدوج في الواقع يفرض إلغاء هيئة المحلفين,بقدر ما يذهب القانونية يمكنني استخدام إلغاء هيئة المحلفين.,0.44
أرني الطفل الذكي,ولماذا هي الطفلة الغبية؟,0.2
الخيال الديني أليس هذا زائداً ومتكرراً؟,أليس هذا زائداً ومتكرراً؟,0.64
ما الخطأ في ذلك؟,لتقول ماذا؟,0.0
كلنا أوعية مليئة بالعديد من العجائب,كلنا أوعية مليئة بالعديد من العجائب,0.32
بعض الناس لديهم ثقة كاملة في الأشخاص الذين يديرون هذه المؤسسات.,الآخرون لا يثقون على الإطلاق في الأشخاص الذين يديرون هذه المؤسسات.,0.32
التغيير الفضفاض بدأ كعمل من الخيال,انتهى كعمل من الخيال,0.44
إذا لم تكن حياة، فإنها لن تكون قادرة على الولادة.,إذا لم يكن على قيد الحياة، ثم سيكون الإجهاض من تلقاء نفسها.,0.6
(جي إل تيريل) هذا مدهش تماماً,هذا مدهش تماماً,0.48
لنفترض أن لدينا % أبيض و % أسود,تخيل مكاناً % أبيض و % أسود,0.76
حرية التعبير لها عواقب,إذا كانت حرية التعبير لها عواقب فهي ليست حرة,0.42
"""الجنيات لا وجود لها"" - حسناً","""العفاريت لا وجود لهم"" - حسناً",0.2
إذا كان الأمر كذلك، فقل أن هذا هو السبب في أنها ليست صحيحة.,أرجوك، ما حدث لهم ليس صحيحاً.,0.64
لا نتحدث عن ذلك ولا نفعل أي شيء,هو أسوأ حتى من الحديث عن ذلك وعدم القيام بأي شيء.,0.56
"""كونك ضد الأسلحة النووية"" لا يعني ""عدم الرغبة في استخدام الأسلحة النووية"".","""كونك ضد استخدام الأسلحة النووية"" يعني ""عدم الرغبة في استخدام الأسلحة النووية"".",0.28
ابنة أخي متزوجة من رجل أسود,إبنة أخي الكبرى نصف سوداء,0.28
يبلغ عدد سكان المملكة المتحدة أكثر من مليون نسمة.,عدد سكان اليابان يقارب المليون,0.2
أنا أطلقت النار على المأمور نحن جميعاً أوعية مليئة بالعديد من العجائب,كلنا أوعية مليئة بالعديد من العجائب,0.68
آمل أن يكون هذا لا شيء.,آمل أن يكون كل شيء على ما يرام,0.4
المال الذي أنفقته على تبني (فيلوسيرابتور),تلك قد تكون قميصي، المال الذي أنفقته على تبني (فيلوسيرابتور),0.84
إذاً أنت تصدق كل كلمة كتبها (تيرال) ؟,GL، Terral Hi Corn: إذاً، أنت تصدق كل كلمة كتبها تيرال؟,0.84
ما الذي لم يتم بيعه؟,لم يتم بيعها بهذه الطريقة يا (جي بي),0.32
أعلم أنني أكره أن أكون مكانه,أكره أن أكون مكانه أيضاً,0.88
لم يكن هناك أسلحة,بالطبع لم يكن هناك أسلحة,0.92
هذا غباء لدرجة أنه يجب أن يكون صحيحاً,من المضحك أن نفكر أنه قد يكون صحيحاً,0.6
مسؤولية شخصية كثيرة؟,مرة أخرى، المسؤولية الشخصية.,0.88
هل تلاحظين الأشياء الغير منطقية التي تقولينها؟,ولأن نكون منصفين، هل تلاحظون الأشياء التي لا معنى لها التي تقولونها؟,0.91
أعتقد أنني سحبتها من مؤخرة التعداد في قبعة عالية.,هل يحتوي التعداد على نهاية خلفية في قبعة عالية؟,0.52
كيف يكون هذا ضد بوش؟,أين هو الميل ضد بوش؟,0.88
لو لم تكن كذبة لما كانت العلاج المثلي,هذا منطق بسيط لو لم يكن هذا هراء لما كان هذا هو العلاج المثلي,0.96
لم أتهمة أبداً بتعاطي جرعات زائدة، لا شيء,لم اتهمة قط بتعديل كرة البيسبول,0.08
خطة الإنقاذ كانت أكبر من أخبار (تارب) و (بلومبرغ),خطة الإنقاذ كانت أكبر من (تارب) هذا العنوان مضلل,0.76
والداي أخبراني أن هذا سيء لك,لقد أخبرني الضباط أنه سيء لك,0.4
موقفه هو أنّه على الفرد أن يتحمّل المخاطرة.,موقفه كما هو حالياً,0.2
متطلبات المحيط الأطلسي,متطلبات المحيط الهادئ,0.16
اقرأ المزيد: ألم تقابل أي شخص مؤيد للإجهاض؟,ألم تقابلي أحداً مؤيد للإجهاض؟,0.96
ليس لدي مشكلة مع أولئك الذين لديهم المال!,لدي الكثير من المشاكل مع هؤلاء الرجال، الطريق إلى العديد من البيانات هنا!,0.04
(نيكسون) و (فورد) و (كارتر) أغلقوا حقول النفط؟,لا، لقد أغلقت حقول النفط,0.4
لا أريد رئيساً يهتم,لا أريد رئيساً مُتأثير,0.2
ليس من الضروري أن يكون الموت العقلي.,ليس لدي نموذج مقترح,0.0
لا أدلة صاروخية,لا شهود صواريخ.,0.64
معلمي أخبرني أنه سيء لك,لقد أخبرني الضباط أنه سيء لك,0.44
يا إلهي، أنا الشخص الذي يعاني من الحمل,لدي علامة الحمل,0.84
إذاً فهو ليس قادر على كل شيء,إذاً فهو شرير,0.28
قبعة من ورق الصفيح للوجه الكلب، ما هو الحجم الذي ترتديه؟,قبعة ورقية للقائد، ما هو مقاسك؟,0.6
مثل هذا العام الذي قُتل في جريمة متعلقة بالماريجوانا,أو الفتى البالغ من العمر 12 عاماً الذي قُتل بأسلحة آلية من قبل تجار الماريجوانا,0.84
إذا قفزت لتضرب، ستحصل على عقوبة.,إذا ضربت عصاك رجلاً في وجهه، ستحصل على عقوبة.,0.52
كل الطاقة الكهربائية تأتي من البطارية,كل الطاقة الكهربائية تأتي في نهاية المطاف من المحول,0.48
هل تعرف كم من الركاب شهدوا أو ماذا قالوا؟,كم من الركاب قالوا أنهم رأوا جبل جليدي؟,0.48
تخيل مكاناً فيه %رجال و %نساء,تخيل مكاناً % أبيض و % أسود,0.32
يفترض السيناريو أ أن معدل نمو CO يتسارع بنسبة .٪ / سنة.,يفترض أن معدل نمو الميثان يتسارع بنسبة 0.5% سنوياً.,0.35
وقد أظهرت في الواقع اتجاه التبريد منذ ذلك الحين بسبب الانخفاض الأخير.,الحصول على اتجاه تبريد من بسبب الانخفاض الأخير.,0.92
كلنا أوعية مليئة بالعديد من العجائب,(لاندون ميموري) من (كاتس) نحن جميعاً أوعية مليئة بالعديد من العجائب,0.6
لنكرر: إنهم ليسوا سيادين كما كانوا من قبل.,إنهم ليسوا سيادين كما كانوا من قبل,0.9
غير متواصل وغير جدير بالثقة تماماً، على أية حال، لن يفعل.,خارج التواصل وغير جدير بالثقة؟,0.85
معظمهم هولنديون,في الواقع، إنها فقط الهولندية.,0.72
نحن نتحدث عن الملائكة و الدبابيس المشتركة مرة أخرى، أليس كذلك؟,@Lustig Andrei، نحن نتحدث عن الملائكة و الدبابيس المشتركة مرة أخرى، أليس كذلك؟,0.96
(و متى فعلت ذلك؟,و متى فعلت ذلك؟,0.52
% كم من المال تأخذ الشركة من خدمات الإجهاض؟,كم يُنفق على خدمات الإجهاض؟,0.52
لماذا حدثت تلك الصفقة؟,هل جرت المعاملة؟,0.48
لم يعد هناك خلايا بيضية بعد الإخصاب,لم يعد هناك خلايا منوية,0.48
(ليسي) ، أهلاً بعودتك!,على أية حال، مرحبا بعودتك,0.8
المزيد من التحقق من الحقائق لا أعرف لماذا يثير أي شخص ضجة حول الرهان,أنا لا أعرف لماذا أي شخص يجعل ضجة حول $، الرهان.,0.88
إذا لم تقم بتقديم أي ادعاءات فقل ذلك فحسب,أنا لم أقدم أي ادعاءات,0.48
لا يمكن لأحد من أتباع (تاتشر) أن يسمي أنفسهم ليبراليين,لذا فإنه يسيء لي عندما تاتشوريين يسمون أنفسهم ليبراليين.,0.48
المشكلة ليست من يملك المال,المشكلة هي من لا يملك المال,0.49
لكن هل تصدق حقاً أن هناك جبل جليدي في تلك المياه؟,لا أعتقد أنه كان هناك أي جبل جليدي على الإطلاق في أي مكان بالقرب من تيتانيك,0.56
لا أستروس أو أوريولز سيئة Gameday لعبة أوريولز المجمدة بالنسبة لي.,"يوم المباراة لمباراة ""أورولز"" قد تجمد بالنسبة لي.",0.6
إذا كان الأمر كذلك، الكثير من رجال الشرطة يجب أن يأخذوا أدوية وصفة طبية.,إذا كان الأمر كذلك، الكثير من المخترعين، الكُتّاب يجب أن يأخذوا الأدوية الموصوفة..,0.48
أخبرنا ما هي التهم,نعم ما هي اتهامه.,0.8
هؤلاء مرضى نفسيون جزئيون,هل كان (تيد باندي) مختلاً نفسياً جزئياً؟,0.36
أولئك الذين يتجاهلون التاريخ محكوم عليهم بتكراره,أولئك الذين يتجاهلون التاريخ محكوم عليهم بتكراره,0.84
هذا ليس نشر حرب,انها ليست نشرة رسمية.,0.48
(نوتراكس) ، جمع الحكاية ليس بيانات هل يحتاج السادة إلى مرافقين؟,(نوتراكس) جمع الحكاية ليس بيانات,0.72
حسناً لقد وصلت للتو,ليس جيداً حسناً لقد وصلت للتو,0.8
أنا و (إتش) قرأنا الكتب وظننا أن الفيلم تحرك بسرعة,أنا لم أقرأ الكتب، ولكن رأيت الفيلم اليوم.,0.6
هذا ليس مشهد (مولوك) مع ذلك,هذا هو مشهد مولوخ.,0.48
إذاً (ليندون جونسون) و (جون كينيدي) كانا متوافقان؟,إذاً (ليندون جونسون) و (جون كينيدي) كانا متوافقان؟,0.88
عليك أن تتخذ قرارك,يجب أن تتقن مهاراتك المنطقية,0.12
الشخص الذي يمشي إلى المنزل بعد ذلك ويذهب للنوم,الشخص الذي لديه ثلاثة يذهب للمنزل ويضرب زوجته,0.28
"أنا و مدير ""د.بيتزا"" نسينا كم أنتِ متذمّرة",وكنت قد نسيت كم أنت صغير ومتذمّر,0.76
"الحجة كانت ""ألبرت أينشتاين لم يذهب إلى الجامعة"".","يا إلهي، ""آينشتاين لم يذهب إلى الجامعة"".",0.84
الأرباح الرأسمالية، أعلى معدل: في المئة.,ضريبة الدخل، أعلى معدل: في المئة.,0.48
التدخل غير مقبول,أن تكون سكراناً غير مقبول,0.2
لم يكن مضحكاً منذ سنوات,لم يكن مضحكاً منذ أن ظهر (لاري باد ميلمان) في البرنامج,0.68
إن كان للكون تفسير لوجوده، فذلك التفسير هو الله.,لذلك، الكون لديه تفسير لوجوده.,0.48
ماذا نحصل في المقابل للقيام القتال بالنسبة لهم؟,ماذا نحصل في المقابل للقيام بالقتال من أجلهم؟,1.0
لن يوقف زيجات المزاح,وأنا لا أقاتل من أجل الزواج,0.24
لو كانوا يهوديّين، لسميتهم يهوديّين,لو كانوا كاثوليكيين، لسميتهم كاثوليكيين.,0.44
لقد كانت سيدة عظيمة,كانت سيدة لطيفة.,0.8
إنه ليس ثرياً لأنه ناجح,لماذا يكرهون الناس لأنهم ناجحون؟,0.16
ليس غاضباً مثلك,تبدين منزعجة مثل (هنري),0.35
إنه أمر يتعلق بالمنطق السليم والتفكير الاستنتاجى,لقد أزعجتِ حاسة تفكيركِ السليمة,0.5
لقد فعلت ذلك بالفعل - لدينا مسلم في المكتب الآن.,لدينا مسيحي في المكتب الآن,0.16
قلت أنها لم تكن قط جزءاً من أي قوة عاملة,(آن رومني) لم تضطر أبداً للخروج و أن تكون جزءاً من القوى العاملة,0.68
لم يسبق لـ (دريم تيك) أن قذف على حد علمي,لم يتم القذف عليها من قبل على حد علمي,0.6
لم أقل أننا أصبحنا ناعمين منذ (راند),لقد قلت أنك أصبحت ناعماً,0.24
كلنا نعتقد أننا نحصل على ما نتوقعه,في معظم الأحيان، % من الوقت، نحصل على ما نتوقعه.,0.76
(بين) البغيض، توقف عن محاولة إيجاد أعذار للرجل,(بن) ، توقف عن إيجاد أعذار للرجل,0.88
إلا إذا كانت مختلفة في بلدان مختلفة؟,لذا، باختصار، نعم، من المحتمل أن تكون مختلفة في بلدان مختلفة.,0.72
الدراسة الجديدة لا تدعم ادعائك,الأدلة المادية لا تدعم ادعائك,0.44
لقد قال في كل مستوى,لكنه قال كل مستوى,0.92
لا وجود للأخلاق، لذا فمن الناحية الفنية لا شيء يمكن أن يكون خاطئ أخلاقياً.,أسأل مرة أخرى إن لم يكن الله موجود هل يمكن أن يكون أي شيء خاطئ أخلاقياً؟,0.44
إعتقدتُ بأنّ ذلك كَانَ في الغالب فقط الهولندي.,معظمهم هولنديون,0.8
"""نحن جميعاً أوعية مليئة بالعديد من العجائب""","""عين النمر"" كلنا أوعية مليئة بالعديد من العجائب.",0.64
دعونا نترك هذا اللعب في المحكمة.,لا شيء يمنع هذا الشيء من اللعب في المحكمة,0.76
أن تكون في عصابة ليست جريمة,ارتكاب جريمة في عصابة هي جريمة.,0.36
سأعرض على إيران صفقة,(تشاك) سأعرض على (إيران) صفقة,0.84
أجل، كلاهما مختلفان,الآراء مختلفة,0.24
إنها لا تفرض الأخلاق,إنه يفرض قانونًا,0.22
هل استخدمت (آني) جنسيتها هكذا من قبل؟,كلمة واحدة: الزومبي هل إستخدمت (آني) جنسيتها هكذا من قبل؟,0.76
لديك بقرتين,ليبرتاريان/أناركو-كابيتاليزم: لديك بقرتين.,0.48
يجب أن تضع العلماء على قاعدة,لماذا يضع الناس مثلك العلماء على قاعدة؟,0.68
ماذا يحاولون إخفاء؟,ثم سألت: ماذا يحاولون إخفاء؟,0.72
هذا سيجعلك جزئياً مسؤولاً عن موتهم,أعتقد أن هذا سيجعلك شريكاً في الجريمة,0.6
"""هل ترغب في دفع تكاليف الرعاية الصحية للآخرين؟""","""هل ترغبين في ارتداء حزام الأمان؟""",0.0
إنهم ليسوا سيادين كما كانوا من قبل,لنكرر: إنهم ليسوا سيادين كما كانوا من قبل.,0.88
أنا لا أرى (أوباما) كسوء أقل من الشرور.,لا أراه شريراً على الإطلاق,0.4
أو هذه من جيم كروس نحن جميعاً أوعية مليئة بالعديد من العجائب,كلنا أوعية مليئة بالعديد من العجائب,0.64
النقطة هي أن طفل غير مسلح قد قُتل.,النقطة هي طفل غير مسلح قتل الذي كان أسود.,0.68
"أجاب زيمرمان، ""ماذا تفعل هنا؟""","قال (مارتن) ، ""لماذا تتبعني؟""",0.18
عدم الدين يجعلني أواجه مشكلة,الدين الذي لا يفعل ذلك ليس لدي مشكلة معه,0.32
إذا كنت غاضبًا، فسوف يظهر ذلك في أحد تلك المسحات,إذا كنت نشطاً جداً، فسوف يظهر ذلك في أحد تلك المسحات,0.64
إذا كنت ترغب في شراء مليار $ في XYZ Inc. الأسهم العادية، الذي يهتم؟,إذا كنت تريد شراء منزل أو سيارة رياضية، مرة أخرى، من يهتم؟,0.28
كل شخص في العالم على مستوى الرخاء الحالي في المكسيك,"الجميع في العالم على مستوى ""الازدهار"" الحالي في شمال غرب أفريقيا.",0.31
"إذا أجبت بـ""نعم"" أو ""لا"" فمن المحتمل أن تكون مستقيم","إذا أجبت بـ""لا"" لكن بـ""نعم"" فأنت على الأرجح مستقيم",0.62
أحياناً أتخيل امتلاك السلطة,أحياناً أنا أيضاً أتخيل كيف أنحني الناس أمام إرادتي المجنونة,0.84
والداي أخبراني أن هذا سيء لك,المأمور أخبرني أنه سيء لك,0.56
(أطلس يرفع رأسه) هو أيضاً ممثل نجمي من حيث الغباء الفارغ,هو أيضاً ممثل نجمي من حيث الغباء.,0.72
كيف لم يعرف (مارتن) أن هذا ليس هو الحال؟,كيف يمكن لـ (مارتن) أو أي شخص آخر أن يعرف نواياه بناءً على أفعاله؟,0.48
التنظيم يحصل على الحكومة في كل شيء.,"""تدخل الحكومة في كل شيء؟""",0.48
إنه أمر يتعلق بالمنطق السليم والتفكير الاستنتاجى,لقد أزعجتِ حاسة تفكيركِ السليمة,0.5
نعم، لقد افترضت أن كل العبوات يمكن إعادة تدويرها في حجتي.,لقد افترضت هذا أيضا في حجتي.,0.56
إلغاء هيئة المحلفين لا يعني أن القانون غير دستوري,إلغاء هيئة المحلفين يعني أن القانون ليس دستورياً؟,0.72
إنها مجرد مجموعة من الخلايا.,"أنا ""مجموعة من الخلايا""",0.44
عمل (مان) كان كله عن الرياضيات,عمل (مان) و (إتش إس) كان كلّه عن حلقات الأشجار,0.32
أنا آسف جداً لسماع هذا يا (كيلي),أنا آسفة جداً يا (كيلي),0.8
أنا لا أحب البيرة ذات النكهة,أنا لا أحب الكثير من المشروبات ذات النكهة,0.6
آمل أن يكون كل شيء على ما يرام,آمل أن تكون نظرتك جيدة,0.32
أي امرأة تريد تحديد النسل يمكنها الحصول عليه,أي امرأة تريد الإجهاض يمكنها الحصول عليها,0.32
كما تريد هل ترى هتلر يقتل اليهود؟,هل ترى هتلر يقتل اليهود؟,0.92
وأنا صديقك (ميت),صديقك الجيد (ميت),0.8
"هذا يعني أنّه خيار ""أيه إن"".",هذا لا يعني أنه خيار سيء,0.32
أعتقد أنك تحتاج إلى إعادة قراءة ما كتبته.,عليك أن تعيد قراءة ما كتبته,1.0
دعونا نفترض أن لدينا % أبيض و % أسود,تخيل مكاناً % أبيض و % أسود,0.76
"دخلت أمي وقالت: ""ما هذه الضوضاء؟""","أطفالي اقتحموا المنزل وقالوا ""ما هذا يا أبي؟""",0.36
أفضل ما لدي يا (كوتي) خطيبي السابق لم يستخدم طبيب الجيش أو البحرية,(جاي) خطيبي السابق لم يستخدم أطباء الجيش أو البحرية,0.72
(هولدر) قدم رسالة من ثلاث صفحات,القضاة يأمرون بإرسال رسالة من ثلاثة صفحات,0.56
@Lustig أندري، Lustig، متفق عليه.,@Lustig أندريه، شكرا لك، Lustig.,0.44
هذا يحطم الرقم القياسي القديم,هذا يكسر الرقم القياسي اليومي,0.96
"أجاب زيمرمان، ""ماذا تفعل هنا؟""","قال (مارتن) ، ""لماذا تتبعني؟""",0.18
لا أعرف مدى شرعية هذا، ولكن سمعت أنه نوع من الانتحار.,لذا، أنا لا أعرف كيف مشروع هذا ولكن نعم.,0.32
هل تم تجميد ضريبة المجلس لمعظم الناس؟,ألم يتم تجميد ضريبة البلدية لمعظم الناس؟,0.96
مظهرك أصبح قديماً,كراهيتك للنساء أصبحت فوضوية,0.08
أهكذا تسير الأمور؟,كلا، الأمر لا يسير هكذا,0.32
تنفس، تنفس، وتحرك.,تنفس، تنفس، تحرك.,0.88
انتظر حتى تصبح أكثر اتساقاً وأقرب إلى بعضها البعض,انتظروا حتى تصبح التقلصات أقوى وأقرب إلى بعضها البعض,0.76
أوباما متطرف و يساري,أوباما هو جزء من اليسار المتطرف.,0.96
@فرانك أبيسا، ما تريد أن تسميه يعتمد عليك.,@Cyracuz، ما تريد أن تسميه يعتمد عليك.,0.5
إلغاء هيئة المحلفين ليس له أي علاقة مع دستورية القوانين,إلغاء هيئة المحلفين يعني أن القانون ليس دستورياً؟,0.52
ما الإدانة التي كنت تتحدث عنها من قبل؟,أيّ إدانة ستكون هذه؟,0.88
لذا قرأت في الواقع عملية وتخمين ما وجدت.,وبالإضافة إلى ذلك وجدتُ هذا، لقد قرأتُ المذكرات وتخمينًا ماذا وجدتُ؟,0.92
الحكومة لا تحدد ما إذا كنت متزوجاً أم لا,الحكومة لا يجب أن تعلن أنك متزوج قبل أن تتزوج,0.72
الديمقراطية تهديد للحرية,الديمقراطية لا علاقة لها بالحرية,0.36
مرحبًا (برو) و (كورن) ، كم عدد الخيوط التي تخططون لصنعها؟,كم عدد الخيوط التي تخططين لصنعها؟,0.8
أخبرني بالضبط أي نظام لا يعمل الآن؟,إذاً أي نظام لا يناسبنا؟,0.8
وتؤكد مجدداً أن الزواج حق أساسي للإنسان,خصوصاً بعد أن أعلنت أن الزواج حق أساسي للإنسان,0.8
لماذا الروس في دمشق؟,الروس في دمشق!,0.84
نعم، هو حول التخفيف.,هذه ليست طريقة عمل التخفيف,0.36
أجل، لا أعتقد أن هذا مثير للجدل أيضاً,لا أعتقد أن ما تقوله مثير للجدل,0.76
عملية الفوضى هي مجرد تصويت للناس,الفوضى هي مجرد تصويت الناس,0.8
نشرت أصلاً بواسطة (جون دي دودتفول),نشرت في الأصل بواسطة eleanor.ellis,0.24
الغاز الكلاسيكي كلنا أوعية مليئة بالعديد من العجائب,"الأغنية الرئيسية لـ ""تشيرز"": نحن جميعاً أوعية مليئة بالعديد من العجائب.",0.6
لنكرر: إنهم ليسوا سيادين كما كانوا من قبل.,إنهم ليسوا سيادين كما كانوا من قبل,0.9
الأخلاق لا علاقة لها بأي شيء !,والأخلاق والإخلاص لهما علاقة بالأمر,0.4
سأجري محادثات مع (ويل كورنيل ويست) أخي العزيز,أنا أجري محادثات مع (ويل كورنيل ويست) ما هذا بحق الجحيم؟,0.6
لا توجد حرب في الشرق الأوسط,"لا توجد ""حرب"" في الشرق الأوسط",0.92
لم يكن لديه نية لاعتقاله,-لم أقل أنه كان يخطط لاعتقاله,0.48
كلنا أوعية مليئة بالعديد من العجائب,ضع القليل من الحب في قلبك كلنا أوعية مليئة بالعديد من العجائب,0.72
"أنت ""مجموعة من الخلايا""","أنا ""مجموعة من الخلايا""",0.48
ما هي الفتاة الغبية؟,أنتِ فتاة غبية,0.28
إلغاء هيئة المحلفين يعني أن القانون ليس دستورياً؟,لا، إلغاء هيئة المحلفين لا يعني أن القانون غير دستوري,0.4
إنه بالتأكيد ليس كما كان من قبل,إنه بالتأكيد ليس ما كان عليه من قبل,0.8
المسؤولية تقع على عاتق صانع المنتج لإقناع المستهلكين بأنه آمن.,على الشركة المصنعة أن تقنع الحكومة أنها آمنة,0.68
أعتقد أنك تفوت نقطة مع رجال الأعمال.,مرة أخرى أعتقد أنك تفوت نقطة على اقتباس توين.,0.16
"""لا وجود للـ (سيكلوب) "" حسناً","""الجوبلين ليسوا موجودين"" - حسناً",0.32
"""في ذلك كان مرض عقلي، الآن ماذا يعلمونك؟""",لقد ذكر أنه مرض عقلي كيف يكون هذا تعصب؟,0.32
لاندون وهكذا هذا هو عيد الميلاد نحن جميعا أوعية مليئة مع العديد من العجائب.,العب بالنار كلنا أوعية مليئة بالعديد من العجائب,0.36
بوش يحصل على صفر الائتمان للميزانية تحت قيادته.,و (أوباما) لا يحصل على أي رصيد لميزانيته,0.36
الخاطئين لا يذهبون إلى الجنة,أو أن الخطيئة تُزيل عند دخول الجنة,0.36
كم من الوقت بعد التدمير يجب أن يعود الطفل إلى المدرسة؟,كم من الوقت بعد التدمير يجب أن لا يزعج الطفل؟,0.6
نحن جميعاً أوعية مليئة بالعديد من العجائب,قل ما تشاء نحن جميعاً أوعية مليئة بالعديد من العجائب,0.76
"ما كانت ""الإجابة"" في شيكاغو؟",ماذا سيكون رد الفعل في كاليفورنيا؟,0.24
الأمر برمته غير منطقي,أترى هذا غير منطقي,0.84
من من المفترض أن يدير غرف الغاز القاتلة؟,من يفترض أنه كان يدير غرف الغاز القاتلة؟,0.96
لذلك، تفسير وجود الكون هو الله.,إن كان للكون تفسير لوجوده، فذلك التفسير هو الله.,0.72
الميل الوراثي لمقاومة السرطان هو جينات متفوقة.,الميل الوراثي للزهايمر هو جينات رديئة,0.28
هل تلاحظين الأشياء الغير منطقية التي تقولينها؟,ولأن نكون منصفين، هل تلاحظ الأشياء التي لا معنى لها تقولها؟,0.91
استخدام القوة في الدفاع عن الشخص.,استخدام القوة من قبل المعتدي,0.24
هذا ما تظهره البيانات المتاحة,هذا ما يظهره السجل التاريخي,0.72
فرح للعالم كلنا أوعية مليئة بالعديد من العجائب,"الأغنية الرئيسية لـ ""تشيرز"": نحن جميعاً أوعية مليئة بالعديد من العجائب.",0.6
إعتقدتُ ذلك كَانَ في الغالب فقط الهولنديين.,في الواقع، إنه فقط الهولنديين,0.52
لقد شاهدت الأطفال يلعبون,أحب مشاهدة الأطفال يلعبون,0.44
ديفيد @OmSigDAVID، وأعتقد أن Santorum من المرجح أكثر من غينغريتش.,@sozobe، أعتقد أن Santorum أكثر احتمالا من Gingrich.,0.96
إنهم ينظرون إلى بعضهم البعض,لماذا ينظرون إلى بعضهم البعض هكذا؟,0.56
هل تقود واحدة؟,هل تقود سيارة فولت؟,0.52
الدين الذي يفعل ذلك لدي مشكلة معه,عدم الدين الذي لا يفعل ذلك ليس لدي مشكلة معه,0.28
أعتقد أنه سيكون أفضل للمصالح التجارية الأمريكية بشكل عام,هل سيكون أفضل للمجتمع الأمريكي؟,0.32
ليست مسألة دستورية,مرة أخرى، هذه ليست قضية دستورية.,0.88
أيها الأغبياء .. إشتريت التستر ..,أيها الأغبياء .. اشتريت التستر ..,0.84
"""ما الذي يفعله الضغط على رقم واحد؟""",الضغط على الرقم واحد هو اللغة الإنجليزية,0.32
أيّ إدانة ستكون هذه؟,ما الإدانة التي كنت تتحدث عنها من قبل؟,0.88
ليس أمنية، بل واقعية.,ليس تمنيّاً، بل واقعياً,0.76
للمرة التريليون لم أقل أبداً أن إعادة التأهيل لا ينجح,"النقطة التي ستقتبسها يجب أن تقول ""لم أقل أبداً أن إعادة التأهيل لن تنجح أبداً""",0.68
هل رأى أحدكم لقطات هذا؟,هل رأى أحدكم لقطات هذا؟,0.6
(أكتوبر الأحمر) جاهز,الثعلب الأحمر جاهز,0.4
هذه ليست طريقة كتابة المستندات القانونية,هذه ليست طريقة عمل المنطق القانوني,0.64
لا، لا أحد من هذه العوامل يفسر الاحترار الأخير,لا تعرف إن كانت هذه العوامل مسؤولة عن الاحتباس الحراري أم لا,0.6
(ستون) أبلغ الكابتن (لورد),هو أيضاً أبلغ الكابتن لورد,0.68
التركيز الأساسي للديالكتيكا المنهجية هو المزمن، وليس المزمن.,وبالتالي، فإن الديالكتيك الميتاسستيمي هو الدياكرونيكو - الديالكتيك المتزامن.,0.44
هل تقود واحدة؟,هل تقود سيارة فولت؟,0.52
وهذا يحدث في الولايات التي تسيطر عليها الحزب الجمهوري,ميشيغان هي ولاية تحكمها الحزب الجمهوري,0.16
في حوض فوكس تم تجميده,كان (فوكس) متجمداً في الغالب,0.84
@فرانك أبيسا، فرانك، أنا أراقب وأدرك.,(سيكيرون) المحتال يا (فرانك) أنا أراقب وأدرك,0.84
الحكومة تقرر الحمل الذي يجب أن ينجز هذا جيد,تجسس الحكومة على مواطنيها، هذا جيد.,0.24
ضع القليل من الحب في قلبك كلنا أوعية مليئة بالعديد من العجائب,لاندون وهكذا هذا هو عيد الميلاد نحن جميعا أوعية مليئة مع العديد من العجائب.,0.56
أعلى من % لكن ليس عالياً جداً,أقل من % لكن ليس منخفضاً جداً,0.2
ما الذي لم يتم بيعه؟,لم يتم بيعها بهذه الطريقة يا (جي بي),0.32
الله بالتأكيد لا وجود له,ربّما لا وجود لله.,0.52
تنفس، تنفس، وتحرك.,تنفس، تنفس، تحرك.,0.88
إنه مؤشر ممتاز لتغير المناخ.,أعتقد أننا جميعا نتفق على طبيعة التغيير,0.4
الشيء العظيم حول العيش هنا هو هناك مساحة.,الشيء السيء هو أن هناك مساحة.,0.36
! ها ها ها ها,ها ها ها ها ها ها ها ها,0.9
لا أفهم كيف يمكن حظر حرية التعبير,حريتك في التعبير لن تكون محظورة أكثر مما هي عليه اليوم,0.76
السؤال يجب أن يُطرح,إنه سؤال يحتاج للإجابة,0.64
أنت تَدّعي بأنّك تُقدّرُ الحياةَ بشكل كبير.,أزعم أنني أقدر قيمة حياة الإنسان بشكل كبير,0.56
مراكز التلوث,مراسلات البعوض.,0.36
لا أريد رئيساً يهتم,لا يريدون رئيسًا متعاطفًا,0.92
هل لديك أي شيء لجعله أقل إقناعا أم لا؟,هل لديك أي شيء لجعلها أكثر إقناعا؟,0.48
للمرة التريليون لم أقل أبداً أن إعادة التأهيل لا ينجح,"النقطة التي ستقتبسها يجب أن تقول ""لم أقل أبداً أن إعادة التأهيل لن تنجح أبداً""",0.68
الغاز الكلاسيكي كلنا أوعية مليئة بالعديد من العجائب,نحن جميعاً أوعية مليئة بالعديد من العجائب,0.48
إذاً نحن متفقون على أنّه سقط بشكلٍ حرّ؟,هل نتفق على أنّهما هبطا في حالة سقوط حرّ؟,0.8
الناس المؤيدون للحياة لا يريدون أن تكون المرأة قادرة على اختيار الإجهاض لنفسها.,الناس المؤيدون للإجهاض لا يحاولون إجبار أي شخص على الإجهاض,0.2
إذاً أجب على السؤال,توقف عن تجنب السؤال,0.68
هايتي هي حفرة قذرة,هايتي كانت حفرة قذرة,0.84
أنا متأكد أنه كان هناك جبل جليدي في تلك المياه,لا أعتقد أنه كان هناك أي جبل جليدي على الإطلاق في أي مكان بالقرب من تيتانيك,0.24
الجزء الأسوأ هو أنه ليس من مشجعي (ليفز)!,أسوأ جزء هو أنه ليس من مشجعي (ليفز)!,0.88
أوافقك الرأي تماماً وآمل أن يتم ترشيحه لولاية ثانية,آمل أن يكون في فترة ولاية ثانية,0.8
جايك مع المساعدة.,(فوراسيك) يضرب الهدف,0.08
هل من الممكن أن منزله تأثر و المدرسة لم تتأثر؟,بالتأكيد، من المحتمل أن منزله تأثر، ولكن ليس المدرسة.,0.64
لقد استيقظ الناس,لأن الناس استيقظوا,0.84
"""كاليفورنيا"" كانت سفينة شحن لا أهتم بما تقوله المقالة","""كاليفورنيا"" كانت سفينة شحن",0.8
هذا ينص بوضوح على أن القانون يفترض أنه دستوري,وإلى أن يقرروا ذلك، فإن القانون يُعتبر دستورياً,0.52
فلوريدا الجهل هو لك!,الجهل هو لك!,0.68
سأصرخ من أجل العدالة لـ (ترايفون),الناس الذين يصرخون من أجل العدالة لـ (ترايفون) جميعهم منافقون,0.32
كيف تعرف ما هو الصواب والخطأ؟,كيف تعرف أي القصة هي الصحيحة؟,0.44
ها ها ها ها ها ها ها ها,! ها ها ها ها,1.0
و (نوجنت) كان أحمقاً تماماً ليقول ما قاله,لقد كانت (ناتالي) حمقاء تماماً لإهانة قاعدة معجبيهم,0.12
كل هذا خطأ بوش,أوباما هو خطأ بوش.,0.24
يجب أن تتوقف عن إضافة أو إضافة كل شيء بكرهك لليهود,"أنا لا أبدأ أو أنهي كل شيء بـ ""أنت تكره اليهود""",0.48
فاتتني النقطة التي قال فيها أن السود سيقومون بالتمرد,لم أقل أبداً أن السود سيقومون بالتمرد,0.48
ومع ذلك لم يكن لديك للإعلان عنه.,ولم يكن عليك ذلك,0.4
الأمثال يوحنا المعمدان كان نصارى من الولادة.,كان يوحنا المعمدان نصارى منذ ولادته,0.92
يقول (جيمس): الإيمان بدون أعمال ميت.,[الصورة في الصفحة ٢٦],0.44
كل شخص في العالم على مستوى الرخاء الحالي في المكسيك,"الجميع في العالم على مستوى ""الازدهار"" الحالي في شمال غرب أفريقيا.",0.31
البيانات الزلزالية لا تساوي مدة الانهيار,البيانات الزلزالية لا تساوي مدة الانهيار,0.92
لقد قلت ذلك عدة مرات الآن,و ليست كلها ذات صلة بإيران أيضاً,0.44
قد لا تعجبك وجهات نظر (أوباما) ، لكنه يمتلكها.,قد لا تعجبك المواقف التي يشغلها لكنه على الأقل يملكها,0.52
لكن هل تصدق حقاً أن هناك جبل جليدي في تلك المياه؟,أنا متأكد أنه كان هناك جبل جليدي في تلك المياه,0.6
ببساطة لا يوجد فوز لأوباما بين المحافظين.,هذا كلام غني قادم من محافظ,0.28
الشيطان يمثل الانغماس بدلاً من الامتناع!,الشيطان يمثل الانتقام بدلاً من تحويل الخد الآخر,0.32
طالما تم دفع الضريبة على هذا البيع,طالما تم دفع الضريبة,0.76
الإسلام نفسه ليس سياسياً.,الإسلام كان دائما سياسيا.,0.24
مارس هو أيضا تاريخ الانتفاضة في الصين.,كما أن شهر مارس هو تاريخ الانتفاضة في الصين.,0.8
أتمنى أن يكون كل شيء على ما يرام!,آمل أن يكون كل شيء على ما يرام,1.0
هل تفهم لماذا من السخف أن تقتصر المسألة على سكان الولايات المتحدة؟,هل تفهم لماذا غير المقيمين في الولايات المتحدة هم أيضا ذات الصلة للإحصاءات؟,0.64
لقد رأيت طائرات غير مرئية فوق وارسو في الماضي,مع كامل الاحترام يا ستيف لقد رأيت طائرات غير مرئية فوق وارسو في الماضي,0.8
اعتماداً على أي عمل يُعزز أجندتهم المجنونة في تلك اللحظة.,"اعتماداً على الإجراء الذي يعزز أجندة ""لوني تيونز"".",0.92
هل توافق أيضاً على أنني لم أقدم أي مطالبة؟,حتى تُقرّ وتُحقّق أنّي لمْ أُطالب.,0.76
(زيمرمان) يقول أنه تعرض للضرب من سيارته,"""أصدقاؤه"" يقولون أنه تعرض لسيارته",0.48
"لا توجد ""حرب"" في الشرق الأوسط",لا توجد حرب في الشرق الأوسط,0.92
جزء من المؤيدين للحياة هو معارضة الإجهاض القانوني,"مؤيد للحياة يشير أيضا إلى مجرد ""معارضة للإجهاض"".",0.76
الأرباح الرأسمالية، أعلى معدل: في المئة.,-الدخل، أعلى معدل: في المئة.,0.56
نحن جميعاً أوعية مليئة بالعديد من العجائب,"الأغنية الرئيسية لـ ""تشيرز"": نحن جميعاً أوعية مليئة بالعديد من العجائب.",0.56
لا، أنا أظهر لك أن تكون جاهلا عن عمد.,لول، أنت جاهل جدا,0.8
كلنا أوعية مليئة بالعديد من العجائب,كلنا أوعية مليئة بالعديد من العجائب,0.6
المشكلة ليست من يملك المال,المشكلة هي من لا يملك المال,0.49
للأسف فورد لم يقبل أموال دافعي الضرائب.,فورد لم تقبل أموال دافعي الضرائب لإنقاذ الشركة,0.56
المسلمون يقولون نفس الشيء عن القرآن.,الهندوس سيقولون نفس الشيء عن الـ (باغافاد غيتا),0.2
ارتباكك لا يجعلني كاذباً,إذاً إرباكك لا يجعلني كاذباً أيضاً,0.76
عندما يكون المسيحيون متطرفين فهذا ببساطة دين,عندما يكون المسلمون متطرفين فهذا إرهاب,0.32
"البعض يعتقد أن ""الحق"" هو الأهم",البعض يعتقد أن عدم ذبح المولود هو أهم شيء,0.24
التطور ليس رأياً، ليس إيماناً.,النظرية الذرية ليست رأياً، ليست إيماناً.,0.32
لست أنا من يطالب بالحق في اتخاذ القرارات بشأن جسد إمرأة أخرى,تريد أن يقرر الآخرون على جسد المرأة,0.56
أين هو (رون بول) ؟,أين هي الوسائل الإعلامية؟,0.16
ليس لديك بقايا صاروخ في البنتاغون,ليس لديك بقايا من A- في البنتاجون.,0.48
"النقطة التي ستقتبسها يجب أن تقول ""لم أقل أبداً أن إعادة التأهيل لن تنجح أبداً""",للمرة التريليون لم أقل أبداً أن إعادة التأهيل لا ينجح,0.68
كل شخص في العالم على مستوى الرخاء الحالي في المكسيك,"الجميع في العالم على مستوى ""الازدهار"" الحالي في شمال غرب أفريقيا.",0.31
شعري شيء جميل أيضاً,شعري شيء جميل,0.76
لن يوقف زواج المزاح,وأنا لا أقاتل من أجل الزواج,0.24
يبدو أنك تعتقد أن الفقراء ليسوا مسؤولين عن أفعالهم,الناس مسؤولون عن أفعالهم,0.32
لماذا حدثت تلك الصفقة؟,هل جرت المعاملة؟,0.48
إنه بشأن الأمتعة المرفقة,إنه ليس نفس الشيء,0.0
كلنا أوعية مليئة بالعديد من العجائب,ضع القليل من الحب في قلبك كلنا أوعية مليئة بالعديد من العجائب,0.72
المشكلة ليست من يملك المال,المشكلة هي من لا يملك المال,0.49
ما الذي يجعلك تعتقد أن البومة لم تشارك؟,إنه لا يقول أنه لم يشارك,0.32
أنا أتطلع لرؤية أجزاءك الداخلية,أتطلع لرؤيته!,0.36
نشرت في الأصل من قبل جاكو!,نشرت أصلاً بواسطة IZZY!,0.24
شكراً لـ (كاندي) لبدء الموضوع,(كاندي) ، شكراً على البدء اليوم,0.96
عدا أنه لم يكن كذلك,ما عدا أنهم لم يستطيعوا,0.2
إذا كنت أدين لك بالدولار فأنا في مشكلة,إذا كنت أدين لك تريليون دولار، لديك مشكلة.,0.44
إذا لم يتم تقديم أدلة لدعم موقف، ثم ينبغي أن يتم رفضه.,إذا كان الموقف غير قابل للتحقق؛ ثم ينبغي رفضه.,0.96
الجميع على مستوى الرخاء الحالي في المكسيك.,"الجميع في العالم على مستوى ""الازدهار"" الحالي في شمال غرب أفريقيا.",0.28
بوش يحصل على صفر الائتمان للميزانية تحت قيادته.,وأوباما يحصل على صفر الائتمان للميزانية تحت قيادته.,0.36
أليس عليك إجراء اختبار للقيادة في الولايات المتحدة؟,هل هناك اختبار لامتلاك سلاح ناري في الولايات المتحدة؟,0.16
كلانا ظن أن الفيلم كان جيداً ولم نجده مربكاً بأي شكل من الأشكال,اعتقدت أنه كان جيدا، وأنا لم أجد أنه مربكا.,0.64
إذا كان الله غير موجود هل يمكن أن يكون أي شيء خاطئ أخلاقياً؟,أسأل مرة أخرى إن لم يكن الله موجود هل يمكن أن يكون أي شيء خاطئ أخلاقياً؟,1.0
يكون القانون دستوريًا إذا لم يتعارض مع الدستور.,أن تكون غير دستورية يعني انتهاك الدستور,0.72
نشرت في الأصل من قبل فتاة مسلمة,هذا ليس مستحيلاً تماماً,0.24
هذه ليست بلدك,هذه بلادنا,0.28
أفترض أن الماء في الوسط يُحدث فرقاً.,نشرت أصلاً بواسطة زاف على المدى الطويل، نعم,0.2
(كون) رمى مباراة.,(آدي جوس كون) ألقت مباراة.,0.84
محرر بواسطة LashL: محرر لتغطية الكفر بشكل صحيح.,تم تحريرها من قبل LashL: تم تحريرها لتغطية الكفر بشكل صحيح في المقالة المقتبسة.,0.96
لم يتم إخبار هيئة المحلفين عن إلغاء المحلفين,الإقتباس الذي قدمته ليس له علاقة بإبطال هيئة المحلفين,0.32
هل لديك أي دليل؟,هل لديك أي دليل؟,0.2
أنت لا تستخدم زر البحث كثيراً، أليس كذلك؟,أنت لا تستخدم زر البحث على الإطلاق، أليس كذلك؟,0.84
لا أعتقد أن (بول) لديه فرصة,(بول) ليس لديه فرصة,0.72
نحن جميعاً أوعية مليئة بالعديد من العجائب,فرح للعالم كلنا أوعية مليئة بالعديد من العجائب,0.64
هل تلاحظين الأشياء الغير منطقية التي تقولينها؟,ولأن نكون منصفين، هل تلاحظون الأشياء التي لا معنى لها التي تقولونها؟,0.91
ماذا لو أفسدوا دراسة؟,ماذا لو كان لديهم تحيز شخصي؟,0.2
على وجه التحديد معمداني,على وجه التحديد الغنوصية.,0.24
وجزء كبير من الساحل الشرقي,وأجزاء من الساحل الغربي,0.16
لماذا تتحدث عن النساء داخل القبائل العبرية؟,كنا نتحدث عن النساء كمكافأة حرب، أليس كذلك؟,0.28
ليلة أمس القوات اليابانية هاجمت هونغ كونغ.,ليلة أمس القوات اليابانية هاجمت الجزر الفلبينية,0.52
"ما هو تعريفك لـ ""قوة الحياة""؟","ما هو تعريفك لـ ""الروح""؟",0.72
هذه ليست مسؤولية مباشرة أمام الناخبين.,نعم ولكنهم مسؤولون عن ناخبيهم,0.52
الأيديولوجية بنيت حول التوسع العنيف، لذا نعم - التوسع العنيف.,بنيت الأيديولوجية حول التوسع العنيف والتفوق العرقي.,0.8
هل يمكن أن يكون هذا حقنة؟,@ossobuco، هل يمكن أن يكون هذا حقنة؟,0.92
الكلمة الأخيرة: التجاهل له تأثير التطبيع.,الاستغلال له تأثير تعزيز.,0.08
المشكلة من المحتمل أن تعني تغييرات تصحيحية قبل أن يبدأ أسطول المكوك في الطيران مرة أخرى,قال أن المشكلة يجب تصحيحها قبل أن يسمح لأسطول المكوكات الفضائية بالتحليق مجدداً,0.88
"قال رئيس لجنة الأوراق المالية والبورصات (ويليام دونالدسون) أن هناك ""ثقة متزايدة في أن الشرطي يعمل"".","""أعتقد أن هناك ثقة بناء أن الشرطي على ضربة"".",0.68
قال طبيبها الشخصي إن زعيمة ميانمار المؤيدة للديمقراطية أونغ سان سو تشي ستعود إلى وطنها في وقت متأخر من يوم الجمعة لكنها ستظل رهن الاحتجاز بعد شفائها من عملية جراحية في مستشفى في يانغون.,قال طبيبها الشخصي يوم الجمعة إن زعيمة ميانمار المؤيدة للديمقراطية أونغ سان سو تشي ستبقى رهن الإقامة الجبرية بعد إطلاق سراحها من المستشفى حيث خضعت لعملية جراحية.,0.92
دارين دوب، المتحدث باسم سبيتزر، رفض التعليق في وقت متأخر من يوم الخميس.,جون هاين، المتحدث باسم اللجنة في واشنطن، رفض التعليق على انتقادات السيد سبيتزر.,0.28
في التداول بعد الظهر في أوروبا ، ارتفع مؤشر CAC-40 الفرنسي و FTSE 100 البريطاني كل منهما بنسبة 0.7 في المائة ، في حين ارتفع مؤشر DAX الألماني بنسبة 0.6 في المائة.,في أوروبا ، ارتفع مؤشر CAC-40 الفرنسي بنسبة 1.3 في المائة ، وانخفض مؤشر FTSE 100 البريطاني بنسبة 0.2 في المائة وارتفع مؤشر DAX الألماني بنسبة 0.6 في المائة.,0.4
أعضاء مجلس الشيوخ (جون كيري) و (بوب جراهام) رفضوا الدعوات للحديث,لم يظهر السيناتور (جون كيري) من ولاية (ماساتشوستس) و (بوب غراهام) من ولاية (فلوريدا),0.72
قال (بايج) أنه من الممكن أيضًا أن الجينات الموجودة على كروموسوم (واي) قد تؤثر على الاختلافات بين الجنسين في قابلية الإصابة بالأمراض.,وأضاف أن الجينات على Y قد تلعب دورًا في التأثير على الاختلافات الخاصة بالجنس في قابلية الإصابة بالأمراض.,0.88
أحد الجوانب الأكثر دراسة عن المزاج هو كيف يستجيب الناس للجديد.,واحدة من الخصائص المميزة والمدرسة جيداً للمزاج هي كيف يتفاعل الناس مع الابتكارات.,0.96
لكن الفراشات التي تعرضت لدورة ضوئية سابقة، من الواحدة صباحاً إلى الواحدة ظهراً، توجهت نفسها نحو الجنوب الشرقي.,لكن الفراشات التي كانت تحت دورة ضوئية سابقة، من الواحدة صباحاً إلى الواحدة ظهراً، طارت باتجاه الجنوب الشرقي.,0.92
"فاز دونلاب في كل من مسابقة ملابس السباحة وجزء المواهب من المسابقة، وغني أغنية ""إذا استطعت"".","فازت في قسم المواهب وهي تغني أغنية ""لو استطعت"" وفازت أيضاً في الملابس المسائية.",0.56
تليها جنوب آسيا، مع 1.1 مليون شاب مصاب  ⁇  62 في المئة منهم من الإناث.,من بين 1.1 مليون مصاب في جنوب آسيا، 62% من الإناث.,0.8
بعد ساعة، أطلقت مروحية إسرائيلية صواريخ على سيارة في مدينة غزة، مما أسفر عن مقتل اثنين من مسؤولي حماس وخمسة أشخاص آخرين على الأقل.,بعد ساعة طائرات الهليكوبتر الهجومية الإسرائيلية أطلقت صواريخ على سيارة في مدينة غزة، مما أسفر عن مقتل سبعة أشخاص، بحسب مصادر فلسطينية.,0.85
قال المتحدث باسم الـ (AAA) (جيري تشيسك) أن الأسعار ربما أثرت على بعض الخطط لكن صفقات الفنادق الرخيصة خففت من التأثير,(جيري تشيسك) المتحدث باسم الهيئة قال أن الأسعار ربما أثرت على بعض الخطط لكن صفقات الفنادق الرخيصة تعوض ذلك,1.0
لقد رفعت دعوى مضادة بقيمة 125 مليون دولار ، قائلة أن Gruner & Jahr كسرت عقدها معها عن طريق إبعادها عن القرارات التحريرية الرئيسية.,لقد رفعت دعوى مضادة بقيمة 125 مليون دولار، قائلة أن G+J خرقت عقدها معها عن طريق إبعادها عن القرارات التحريرية الرئيسية والتلاعب بالأرقام المالية للمجلة.,0.7
الإصدار القياسي 15 ألف دولار لكل معالج أو 300 دولار لكل مستخدم.,الإصدار القياسي الأول هو إصدار معالج واحد من قاعدة بيانات Oracle Standard Edition.,0.5
اكتسبت مايكروسوفت Virtual PC عندما اشترت أصول Connectix في وقت سابق من هذا العام.,حصلت مايكروسوفت على جهاز كمبيوتر افتراضي من مطورها، كونيكتيكس، في وقت سابق من هذا العام.,0.88
تم العثور على جثة (ليون ويليامز) داخل شقته في الطابق الثالث في 196 شارع (باي) في (تومبكنزفيل),الرجل الميت (ليون ويليامز) عثر عليه في شقته في الطابق الثالث,0.68
إنها أول مناورة كهذه منذ هجمات 11 سبتمبر على نيويورك وواشنطن,إنه أول تدريب على نطاق واسع لمكافحة الإرهاب في البلاد منذ هجمات 11 سبتمبر,0.8
أورسيل رايزن أكدت أنها قامت بتشغيل العربة، لكنها لم تقدم أي تفاصيل عدا قولها أن الركاب كانوا من مختلف الأعمار.,أكدت (أورسيل رايزن) أنها كانت تدير الحافلة، لكنها رفضت إعطاء تفاصيل عن الركاب باستثناء قولهم أنهم من أعمار مختلطة.,0.96
وقالت المنظمة إنه تم تأكيد إجمالي 17 حالة إصابة في مدينة البصرة الجنوبية.,أبلغت منظمة الصحة العالمية أمس عن 17 حالة مؤكدة من الكوليرا في مدينة البصرة بجنوب العراق.,0.72
كما كان من المتوقع أن يزور اليمن والبحرين خلال جولته في المنطقة.,كان من المقرر أن يزور خاتمي، الذي وصل إلى بيروت يوم الاثنين، أيضاً سوريا واليمن والبحرين.,0.68
"قال الجنرال (مايرز) للصحفيين أنه ""في الوهلة الأولى، لا يبدو أن أي قواعد قد انتهكت"".","قال الجنرال ريتشارد مايرز، رئيس هيئة الأركان المشتركة: ""في البداية، لا يبدو أن أي قواعد قد انتهكت"".",0.72
لإثبات أن تضحية ابن (ميلفيل) لن تترك دون إشادة، أمر العمدة (جيمس كوين) جميع أعلام المدينة أن ترفع إلى النصف لمدة 30 يومًا القادمة.,في (ميلفيل) أمس، أمر العمدة (جيمس كوين) جميع أعلام المدينة بالرفع إلى النصف لمدة 30 يوماً القادمة.,0.68
قال توم كرايناك، مدير العمليات والموارد لمجلس موثوقية المنطقة الوسطى الشرقية ومقره كانتون، أوهايو، أن هذا السيناريو هو واحد من بين العديد من السيناريوهات التي يدرسها المحققون.,توم كرايناك، مدير العمليات والموارد لمجلس موثوقية المنطقة الوسطى الشرقية ومقره كانتون، أوهايو، قال المحققون يفكرون في السيناريو.,0.85
وجدوا جزيئات لا يمكن إنتاجها إلا عندما يحلل الأوزون الكوليسترول.,وجميع العينات تحتوي على جزيئات لا يمكن إنتاجها إلا عندما يتفاعل الكوليسترول مع الأوزون.,0.85
يمكنه تخزين أكثر من جيجابايت من المعلومات ما يعادل حوالي 12 ساعة من الموسيقى في سنتيمتر مكعب واحد.,ويمكنه تخزين أكثر من جيجابايت من المعلومات - ما يعادل 1000 صورة عالية الجودة أو حوالي 12 ساعة من الموسيقى - في سنتيمتر مكعب واحد فقط.,0.77
في وقت سابق من هذا الشهر، قالت ريم إنها تتوقع الإبلاغ عن أرباح الربع الثاني ما بين 7 سنت و 11 سنت للسهم الواحد.,باستثناء الرسوم القانونية والرسوم الأخرى توقعت خسارة تتراوح بين 1 و 4 سنت للسهم.,0.24
"""بالنسبة لي، يبدو أن قضية لوينسكي مجرد فضيحة شريرة أخرى صُنعت من قبل المعارضين السياسيين""، وفقاً لمقتطفات نشرت أمس.","كتبت السيدة كلينتون: ""بالنسبة لي، يبدو أن قضية لوينسكي مجرد فضيحة شريرة أخرى من صنع المعارضين السياسيين"".",0.64
في عامي 2001 و 2002، نقل السلك من 4 من حسابات الشركة 40 بلغت أكثر من 3.2 مليار دولار، قال المدعين العامين.,التحويلات البنكية من أربعة من الحسابات الـ 40 المفتوحة في بيكون هيل بلغت أكثر من 3.2 مليار دولار من عام 2001 إلى عام 2002، كما قال مورجنثاو.,0.76
بدأت جامعة ستوني بروك الدراسة في عام 1996، بعد أن أشارت دراسات سابقة إلى وجود صلة محتملة بين الحقول الكهرومغناطيسية والسرطان.,أطلقت جامعة ستوني بروك الدولة الدراسة في عام 1996، بعد أن أشارت الدراسات السابقة إلى وجود علاقة محتملة.,0.64
"في وقت سابق، تحدوا أمرًا للشرطة وصرخوا ""الله أكبر"" (الله أكبر) بينما كان البشير يسير إلى مقعده في قاعة المحكمة المحمية بإحكام.","في وقت سابق، تحدى أنصار البشير أمرًا من الشرطة وصرخوا ""الله أكبر"" عندما سار إلى مقعده.",0.8
المتحدث باسم إسعاف العاصمة جيمس هاو قال خمسة أشخاص تم نقلهم إلى المستشفى وثلاثة عولجوا في مكان الحادث بعد حادثة أمس.,قال المتحدث جيمس هاو أن خمسة أطفال تتراوح أعمارهم بين 4 و 17 عاماً تم نقلهم إلى المستشفى مصابين بجروح في الرقبة والصدر، بينما تم علاج ثلاثة آخرين في مكان الحادث.,0.67
لكن من الواضح أن لجنة الاستخبارات المشتركة لم تكن متورطة,تمت الموافقة على هذا التقرير من قبل لجنة الاستخبارات المشتركة,0.4
حوالي 22% من العشرينات من العمر يعانون من السمنة، أي ما يقرب من 30 رطلاً أكثر من الوزن الصحي.,حوالي 31 بالمئة من الأمريكيين يعانون الآن من السمنة - حوالي 30 باوند أو أكثر أكثر من الوزن الصحي.,0.52
(كوبلينغ) ، النسخة الأمريكية من الكوميديا البريطانية الناجحة، ستحصل على الساعة الثمينة الخميس 9:30 مساءً.,(كوبلينغ) ، النسخة الأمريكية من الكوميديا البريطانية الناجحة، سوف تتزاوج مع (الأصدقاء) يوم الخميس.,0.6
تم العثور على جثتها بعد عدة أسابيع في النهر الأخضر,15 أغسطس 1982: تم العثور على بقايا تشابمان، هيندز وميلز في نهر جرين.,0.52
"""استمر القتال حتى منتصف الليل""، قال قائد المتمردين الغربي عثمان كولي بالي لرويترز عبر الهاتف الفضائي يوم الأحد.","وقال قائد المتمردين عثمان كوليبالي لرويترز عبر الهاتف الفضائي من الأدغال: ""لقد نهبوا وأحرقوا القريتين بالكامل"".",0.56
القراءة لكل من أغسطس ويوليو هي الأفضل منذ بدء المسح في أغسطس 1997.,وهي أعلى قراءة منذ إنشاء المؤشر في أغسطس 1997.,0.6
قوات القوات الخاصة الأمريكية تدرب الجنود الكولومبيين في القواعد العسكرية في المنطقة لحماية خط الأنابيب، الذي ينقل الخام من ثاني أكبر حقل نفط في كولومبيا.,القوات الخاصة الأمريكية تدرب الجنود الكولومبيين في القواعد العسكرية في المنطقة لحماية خط الأنابيب,0.64
"وقال سترايهورن: ""نحن بحاجة إلى راتب معتمد بحلول منتصف يوليو وإلا فلن تفتح المدارس في سبتمبر"".",يجب على المشرعين في ولاية تكساس سد ثغرة في الميزانية تبلغ 185.9 مليون دولار بحلول منتصف يوليو وإلا لن تفتح المدارس في سبتمبر، كما قالت المراقبة كارول كيتون سترايهورن يوم الخميس.,0.52
ارتفعت أسهم هارتفورد 2.88 دولار إلى 46.50 دولار في التداول المركب في بورصة نيويورك.,ارتفعت أسهم هارتفورد 2.28 دولار، أو 5.2 في المئة، إلى 45.90 دولار في التداول منتصف النهار.,0.5
ثم استأنف DVD-CCA إلى المحكمة العليا للولاية.,الدي في دي سي ايه استأنفت هذا القرار الى المحكمة العليا الامريكية.,0.9
محطة الموسيقى الريفية (ك.ك.ك.س) أوقفت اثنين من مشغلي الأقراص بسبب عزفهم لأغاني فرقة (ديكسي تشيكس) في انتهاك لحظر فرض بعد أن انتقد أحد أعضاء الفرقة الرئيس (جورج بوش).,قامت محطة إذاعية بإيقاف اثنين من مشغلي الأقراص لإغلاق أنفسهم في الاستوديو والإستمرار في تشغيل أغاني ديكسي تشيكس،,0.65
خسرت أسهم سوفرين 74 سنتاً، أو 4.5%، إلى 15.68 دولار.,أغلقت أسهم الدولة في بورصة نيويورك عند 15.68 دولار، بانخفاض 74 سنتا، أو 4.5 في المئة.,0.8
أسهم أسبن للتكنولوجيا انخفضت 74 سنتاً أو 23 بالمئة لتغلق عند 2.48 دولار في بورصة ناسداك,في التداول بعد الظهر، أسهم أسبن كانت 89 سنتا أو أكثر من 27 في المئة في 2.33 $ للسهم الواحد.,0.44
القانون الجديد يتطلب من المكتبات والمدارس استخدام الفلاتر أو فقدان التمويل الفيدرالي.,الحكم 6-3 يعيد القانون الذي أخبر المكتبات لتثبيت الفلاتر أو تسليم المال الفيدرالي.,0.56
بالإضافة إلى ذلك، عرضت على الولايات المتحدة وإسرائيل وسيلة للعمل حول السيد عرفات.,عندما تم تأسيس منصب رئيس الوزراء في الربيع، عرضت على الولايات المتحدة وإسرائيل وسيلة للعمل حول عرفات.,0.72
"و نعم، مارلين مونرو هي بالتأكيد جزء من القصة، بعنوان ""آرثر ميلر، إيليا كازان والقائمة السوداء: لا أحد بدون خطيئة"".","لاحظ العنوان الفرعي لهذا المثل الفظيع في سلسلة ""الأسياد الأمريكيين""، ""آرثر ميلر، إيليا كازان والقائمة السوداء: لا أحد بلا خطيئة"".",0.52
شرطة (غيلروي) ووكلاء مكتب التحقيقات الفيدرالي وصفوا (غرينغ) بأنه متعاون، لكن قالوا السبت أنه لم يكشف أي شيء عن ما حدث للأطفال.,السبت، وصف المسؤولون في كاليفورنيا جيرينغ كمتعاون  ⁇  ولكن قال انه لم يكشف شيئا عن ما حدث للأطفال.,0.76
تم العثور على جثة سكريبنر عائمة في خليج بورتج في المدينة، حيث عاش مع زوجته في قارب منزلي.,وجد راكب كاياك جثة الدكتور سكريبنر عائمة بالقرب من قارب الدكتور في خليج بورتج حيث كان يأكل الغداء عندما غادرت زوجته إيثيل لموعد,0.64
بعد أن هرع المتظاهرون إلى المسرح وقطعوا الطاقة مرتين على الميكروفون، قام هيدجز بإنهاء الخطاب مبكراً.,بعد أن هرع المتظاهرون إلى المسرح وقطعوا الطاقة مرتين على الميكروفون، قطع هيدجز خطابه.,1.0
عثر أحد المارة على (بين) مختبئاً على طول طريق ترابي في (سبينش فورك كانيون) حوالي الساعة السابعة مساءً، مع يديه لا تزال مُربوطة ولكن قدمه حرة.,عثر أحد المارة على الصبي مختبئاً على طول طريق ترابي في (سبينش فورك كانيون) حوالي الساعة السابعة مساء الخميس، وقدمه كانت حرة ولكن يديه كانت لا تزال مربوطة.,0.8
الأطباء يقولون أن أحدهما أو كلاهما قد يموت، وأن بعض الأضرار الدماغية ممكنة إذا نجا.,قال الأطباء أن واحد أو كلاهما من الأولاد قد يموتون وإن نجوا فمن المحتمل أن يكون هناك ضرر في الدماغ,1.0
أيضا مفقود هو آل لارسن، 31، من فورت وورث، تكساس، الذي كان في سيارة أخرى اجتاحت الطريق السريع.,الضحية الأخرى التي عُثر عليها صباح الثلاثاء كانت (آل لارسن) ، 31 عاماً، من (فورت وورث) ، (تكساس).,0.44
قالت شركة جلاكسو سميث كلاين البريطانية في وقت سابق من هذا العام أنها ستقطع الإمدادات إلى الصيدليات الكندية التي ترسل إلى الولايات المتحدة.,صانع الأدوية في المملكة المتحدة قال إنه سيقطع إمدادات المتاجر الكندية التي تقوم بشحن الأدوية إلى الولايات المتحدة.,0.84
بدأ المهرجان أمس بعد يوم واحد من إصدار لجنة المنافسة حكمها النهائي للحكومة على الاندماج المقترح بقيمة 4.1 مليار جنيه إسترليني.,"أصدرت لجنة المنافسة حكماً أمس على الاندماج المقترح لشركتين كبيرتين في شبكة ""آي تي في""، ""كارلتون"" و""غرناطة"".",0.56
قالت أنه أصر وأخيراً سمحت له بإصلاح دراجتها بينما كانت تجلس في المقعد الأمامي لسيارته,قالت أنها في النهاية سمحت له بإصلاح دراجتها بينما كانت تجلس في سيارته، وتحدثا.,0.78
قال (دانيالز) أنه لا يعرف ماذا سيقول (بوش) عنه في حفل جمع التبرعات الرئاسي الذي يبلغ 2000 دولار للشخص الواحد الليلة,قال (دانييلز) أنه لا يعرف ماذا سيقول (بوش) في حفل استقبال 2000 دولار للشخص الواحد الليلة لجمع التبرعات لانتخاباته الرئاسية,0.88
قضت لجنة مكونة من ثلاثة قضاة في محكمة الاستئناف الأمريكية الحادية عشرة في وقت متأخر من يوم الجمعة بأن الحجم الصغير والاستخدام المحدود والغرض العلماني يجعل الصورة شرعية.,لجنة مكونة من ثلاثة قضاة من محكمة الاستئناف الأمريكية الثامنة في سانت لويس ألغت حكمًا صدر العام الماضي يدعم اللائحة.,0.56
فقط 29 عائلة من الضفادع معروفة ومعظمها تم تحديدها ووصفها في منتصف القرن التاسع عشر والآخر في عام 1926.,فقط 29 عائلة من الضفادع معروفة، معظمها تم تسميتها بحلول منتصف القرن التاسع عشر.,0.76
"المسؤولون في جامعة (برانديس) قالوا أن هذا وقت ""مؤلم للغاية"" للجامعة","""هذه فترة مؤلمة للغاية بالنسبة لمجتمع جامعة ""برانديز"" بأكمله",0.88
القيمة الإجمالية ستكون حوالي 124 مليون دولار، بما في ذلك الأوراق المالية القابلة للتحويل، وفقا لكوريل.,بما في ذلك الأوراق المالية القابلة للتحويل، إجمالي القيمة المقدرة للصفقة هي 124 مليون دولار، وفقا لكوريل.,1.0
بدأ في 1983 سوبر بول، التي خسرت ميامي 27-17 إلى واشنطن.,لعب أربعة مواسم في ميامي، بما في ذلك خسارة الدولفينز 27-17 أمام واشنطن في كأس السوبر.,0.6
من المتوقع أن تكون خدمات لينكس للشركات متاحة قبل نهاية هذا العام.,من المتوقع أن تكون الإصدارات التجريبية لخدمات Nterprise Linux متاحة على بعض خوادم HP ProLiant في يوليو.,0.53
باستثناء البنود لمرة واحدة، تمتعت الشركة بفائدة 6 سنتات للسهم الواحد.,باستثناء البنود لمرة واحدة، فإنه يتوقع الربح من 11 سنتا إلى 15 سنتا للسهم.,0.47
"""لكنني أشكك في دوافع رئيس مكتبي يرتدي زي المحارب لأغراض الخطاب""","بيرد، يتحدث من قاعة مجلس الشيوخ، قال انه يشكك ""دوافع رئيس مكتبي الذي يتخذ ثوب المحارب لأغراض خطاب"".",0.6
انخفض مؤشر ستاندرد آند بورز 500 الأوسع نسبة 3 نقاط، أو 0.30 في المئة، إلى 995.,أضاف مؤشر ناسداك المركب المرتبط بالتكنولوجيا <.IXIC> 1.92 نقطة، أو 0.12 في المئة، إلى 1.647.94.,0.27
بدلاً من ذلك، تم بيع تذاكر لحفلة (جيرسي) الليلة الماضية من خلال (تيكيت ماستر).,التذاكر، المتاحة من خلال تيكيت ماستر، بدأت في البيع أمس.,0.76
"في وقت سابق من يوم الاثنين، كررت شركة غرانت ثورنتون بيانات سابقة بأنها كانت ""ضحية لأعمال احتيالية"".","(جرانت ثورنتون) يدعي أنه أيضاً كان ""ضحية"" عملية احتيال",0.68
يقول بيتر لايمان وهال فاريان من كلية بركلي لإدارة المعلومات والأنظمة إن إنتاج المعلومات ازداد بنسبة 30 في المئة كل عام بين عامي 1999 و2002.,هذه المهمة اجتذبت اثنين من خبراء الميغابايت، بيتر لايمان وهال فاريان، أساتذة في جامعة كاليفورنيا-بيركلي في كلية إدارة المعلومات والأنظمة.,0.4
"""حكمي هو 95 في المئة من تلك المعلومات يجب أن تكون غير سرية، تصبح غير خاضعة للرقابة، حتى الشعب الأمريكي يعرف"".","رأيي هو أن 95 بالمئة من تلك المعلومات يمكن أن تصبح سرية وتصبح غير خاضعة للرقابة حتى يعرف الشعب الأمريكي"" قال السيد شيلبي في برنامج ""التعرف على الصحافة"" على قناة إن بي سي.",0.68
وجد الباحثون فقط تجاويف فارغة ونسيج ندب حيث كانت الأورام.,لم يتم اكتشاف أية أورام؛ بدلاً من ذلك، تم العثور على تجاويف فارغة ونسيج ندبة في مكانها.,0.8
لكن واشنطن قالت أن هناك حاجة إلى المزيد لمنع تقديم الشكاوى في المقام الأول.,لكن الولايات المتحدة أصرّت على أنها تريد القيام بالمزيد لمنع تقديم الشكاوى في المقام الأول، ويفضل ذلك بإلغاء القانون بالكامل.,0.56
بعد 26 ساعة من الجراحة وسنة من الانتظار، تم فصل الأولاد يوم الأحد في مركز طب الأطفال في دالاس.,توأم مصري يبلغ من العمر عامين ولدوا برؤوس ملتصقة، تم فصلهم بعد 26 ساعة من الجراحة في مركز طبي للأطفال في دالاس.,0.64
قال (باينز) أنه سيستدعي هيئات الحزب ذات الصلة في غضون 10 أيام لمناقشة ما إذا كان سيتم إجراء انتخابات جديدة أو ما إذا كان سيتم تعيين زعيم مؤقت.,اتفق ميتزنا و سكرتير الحزب أوفير باينز على عقد اجتماع لمنظمات الحزب في غضون 10 أيام لمناقشة ما إذا كان سيتم إجراء انتخابات أولية جديدة أو تعيين زعيم مؤقت.,0.72
ارتفع اليورو إلى 1.1914 دولارًا أمريكيًا في التداول الآسيوي ، قبل أن ينخفض قليلاً إلى 1.1895 دولارًا أمريكيًا مع فتح التداول في أوروبا.,ارتفع اليورو إلى 1.1914 دولار في التداول الآسيوي، قبل أن ينخفض مرة أخرى إلى 1.1884 دولار في التداول الأوروبي في وقت متأخر، ارتفاعا من 1.1857 دولار في وقت متأخر من يوم الاثنين.,0.72
"قال عباس في القمة إنه سينهي ""الإنتفاضة المسلحة"" ويتخلى عن ""الإرهاب ضد الإسرائيليين أينما كانوا"" وألمح إلى نزع سلاح المسلحين.","في قمة يوم الأربعاء، تعهد عباس بإنهاء ""الإنتفاضة المسلحة""، والتخلي عن ""الإرهاب ضد الإسرائيليين أينما كانوا"" وألمح إلى نزع سلاح المسلحين.",0.84
"قال القائد (رود غيبونز) المتحدث باسم الأكاديمية ""الأكاديمية مصدومة وحزينة""","المتحدث باسم الأكاديمية البحرية القائد (رود جيبونز) قال: ""إعلان اليوم جاء مفاجئًا""",0.65
ارتفعت أسهم LendingTree بمقدار 6.21 دولارًا ، أو 42 في المائة ، إلى 20.90 دولارًا بعد أن وصلت إلى 21.36 دولارًا في وقت سابق.,"ارتفعت أسهم ""ليندينغ تري"" بنسبة 43 بالمئة، أو 6.31 دولار، إلى 21 دولار، أكثر من الضعف في الشهرين الماضيين.",0.55
الأسبوع الماضي، طلب محاموه من (وارنر) أن يمنح العفو بشروط قد تؤدي إلى جلسة استماع جديدة للحكم.,الأسبوع الماضي طلب محاموه من الحاكم (مارك آر وارنر) أن يمنحهم العفو لكن الحاكم رفض التدخل,0.5
"""أعتقد أنه كان يجب أن يتم إصداره منذ سنوات"" قال براين روربوغ، الذي قُتل ابنه دانيال في كولومبين.",(براين روربوغ) ، الذي قُتل ابنه (دانيال) في (كولومباين) قال أن الشريط يثير قضايا مزعجة,0.35
"مدير وكالة المخابرات المركزية (جورج تينيت) قال أن الرجلين ""تميزاً بالتفاني والشجاعة""","قال مدير وكالة المخابرات المركزية جورج تينيت: ""لقد تميزوا بالتفاني والشجاعة"".",0.85
لكن إيرادات ترخيص البرمجيات، وهو مقياس يراقبه المحللون الماليون عن كثب، انخفضت بنسبة 21 في المئة إلى 107.6 مليون دولار.,انخفضت مبيعات التراخيص، وهو مقياس رئيسي للطلب، بنسبة 21 في المئة إلى 107.6 مليون دولار.,1.0
(دوتسون) ، 21 عاماً، اعتقل واتهم في 21 يوليو بعد أن قال للسلطات أنه أطلق النار على (دنيهي) بعد أن حاول (دنيهي) إطلاق النار عليه.,تم إلقاء القبض على (دوتسون) في 21 يوليو بعد أن أخبر عملاء مكتب التحقيقات الفيدرالي أنه أطلق النار على (دنيهي) عندما حاول (دنيهي) إطلاق النار عليه، وفقًا لشهادة مذكرة الاعتقال.,0.85
الادعاء قال أن السيد (دورست) خطط للقتل ليتخذ هوية السيد (بلاك),أصرّ المدّعون على أنّ (دورست) قتل (بلاك) في محاولة لتزوير هوية (بلاك).,0.95
هذا الاعتراض استشهد به مجلس PeopleSoft في رفض عرض أوراكل.,مجلس إدارة (بيبلسوفت) أوصى المساهمين برفض العرض,0.55
العديد من الزعماء الديمقراطيين السود كانوا يحاولون ترتيب اجتماع مع رئيس اللجنة الوطنية الديمقراطية تيري ماكوليف لمناقشة التسريحات,زعماء الديمقراطيين السود كانوا يحاولون ترتيب اجتماع مع رئيس اللجنة الوطنية الديمقراطية تيري ماكوليف لمناقشة تسريح 10 موظفين من الأقليات في مقر الحزب.,0.65
"""هذه أيام مظلمة لصناعتنا""، قال جيوفاني بيسينياني، المدير العام للمنظمة التي تتخذ من جنيف مقراً لها، في بيان.","""هذه أيام مظلمة لصناعتنا""، قال المدير العام لجمعية النقل الجوي الدولية ومقرها جنيف جيوفاني بيسينياني.",0.7
الدول السبعة الأخرى في المبادرة هي بريطانيا وألمانيا وإيطاليا وهولندا وبولندا والبرتغال وإسبانيا.,تشمل الدول الأخرى المشاركة في PSI ألمانيا وإيطاليا وهولندا وبولندا والبرتغال وإسبانيا وبريطانيا.,0.72
الأمريكي العادي يقوم بأربع رحلات في اليوم، 45 في المئة للتسوق أو المهمات.,ما يقرب من النصف - 45 في المئة - للتسوق أو للقيام بمهمات.,0.67
إنه أيضاً فوز إستراتيجي لـ (أوفتير) ، بالنظر إلى أن (نايت ريدر) كان لديه خيار التوقيع على خدمات (جوجل).,إنه أيضاً فوز إستراتيجي لـ (أوفتير) ، بالنظر إلى أن (نايت ريدر) كان يستخدم خدمات إعلانات (جوجل).,0.8
في الأسابيع التي سبقت الإعدام، العديد من المسؤولين في فلوريدا تلقوا رسائل تهديد مجهولة.,العديد من مسؤولي فلوريدا المرتبطين بالقضية تلقوا رسائل تهديدية مصحوبة برصاصات بندقية,0.7
(هوي) أكدت عمر المرأة يوم الثلاثاء وقالت إنها ذهبت في إجازة مع عائلتها.,أكّدت (هوي) عمر المرأة يوم الثلاثاء وقالت إنها كانت في إجازة مع عائلتها، لكن من المتوقع أن تعود هذا الأسبوع.,0.68
بوسطن عرضت الأبرشية الكاثوليكية في بوسطن 55 مليون دولار لتسوية أكثر من 500 دعوى قضائية عن الاعتداءات الجنسية من قبل رجال الدين، وفقا لوثيقة حصلت عليها وكالة أسوشيتد برس.,عرضت أبرشية بوسطن الرومانية الكاثوليكية الأمريكية 55 مليون دولار لتسوية أكثر من 500 دعوى قضائية تتعلق بالاعتداء الجنسي بين الكهنة.,0.72
ثلاث ساعات من التسجيلات تتضمن محادثات بين الشرطة، رجال الإطفاء وعمال الطوارئ الآخرين، بالإضافة إلى استفسارات وسائل الإعلام.,ومن بينها محادثات بين الشرطة و رجال الإطفاء و عمال الطوارئ الآخرين، بالإضافة إلى استفسارات الإعلام.,0.72
ارتفع سعر السندات لمدة 30 عامًا US30YT=RR بنسبة 20/32، مما أدى إلى ارتفاع عائدها إلى 4.14 في المائة من 4.18 في المائة.,انخفضت السندات لمدة 30 عامًا US30YT = RR 14/32 لتحصل على عائد 4.26 في المائة من 4.23 في المائة.,0.4
لكنه المرشح الوحيد الذي حصل على تأييدات عمالية وطنية حتى الآن، حيث حصل على نقابه الحادي عشر يوم الثلاثاء عندما أيدته اتحاد عمال الصلب الأمريكي.,لكنه المرشح الوحيد الذي حصل على تأييدات العمال الوطنية حتى الآن، حيث حصل على مرشحه الحادي عشر يوم الثلاثاء.,0.72
انخفضت أسهم أوراكل 27 سنتاً، أو 2 في المئة، إلى 13.09 دولار.,أسهم أوراكل ارتفعت أيضا على الأخبار، حتى 15 سنتا إلى 13.51 $ على ناسداك.,0.32
أشار العقود الآجلة في أمريكا الشمالية إلى بداية أقل من المعتاد للتداول يوم الثلاثاء، مع استعداد المستثمرين للحصول على مذاقهم الأول من الأرباح الفصلية.,بدأت أسواق الأسهم في أمريكا الشمالية ببطء يوم الثلاثاء، مع استعداد المستثمرين للحصول على مذاقهم الأول من الأرباح الفصلية.,0.92
أظهرت مقاييس السوق الأوسع أيضًا مكاسب كبيرة، حيث ارتفعت لأربعة أسابيع متتالية.,السوق الأوسع تراجعت أيضا، بعد أن ارتفعت لأربعة أسابيع متتالية.,0.72
(جيم فوريك) احتفل بيوم أبيه الأول كأب بفوزه بأول بطولة كبرى له في الغولف,أول يوم للوالدين كأب وأول بطولة كبرى له كبطل,0.6
مروا من خلال شراكة مؤسسة ليملسون الطبية والتعليمية والبحثية المحدودة في عام 2001 إلى سنديا.,"وقالت أن براءات الاختراع ""زُعم"" أنّها مُنحت لـ (سينديا) في عام 2001 من خلال الشراكة المحدودة لمؤسسة (ليملسون) الطبية والتعليمية والبحثية.",0.48
تقول الشركة أن سوق DRAM من المتوقع أن ينمو بنسبة 2.9 في المائة إلى 15.7 مليار دولار في عام 2003 و 43 في المائة إلى 22.5 مليار دولار في عام 2004.,وسوف ينخفض سوق الأمريكتين 2.1 في المئة إلى 30.6 مليار دولار في عام 2003، ثم تنمو 15.7 في المئة إلى 35.4 مليار دولار في عام 2004.,0.24
زوجة (موريل) ، (إيلي) ، كانت تبكي وتحتضن زوجة أخ (بوندسون) أثناء الجنازة,في الجنازة أرملة (موريل) ، (إيلي) ، كانت تبكي وتحتضن زوجة أخ (بوندسون) بينما كان الناس يُعزونها.,0.68
السيد (غراسلي) والسيد (باوكوس) رفضوا أي اختلاف في فوائد الأدوية,غراسلي وباوكوس قالوا أنهم رفضوا هذا النهج في خطتهم,0.6
في الربع السابق من العام الماضي، سجل صانع الصلب ربحا قدره 16.2 مليون دولار، أو 15 سنتا للسهم الواحد، على مبيعات قدرها 1.14 مليار دولار.,"في الربع الثاني من العام الماضي، أبلغت شركة ""إيه كي ستيل"" عن ربح قدره 16.2 مليون دولار، أو 15 سنتاً للسهم الواحد.",0.68
سجلت بورصة ناسداك زيادة أسبوعية بلغت 17.27، أو 1.2 في المئة، حيث أغلقت عند 1.520.15 يوم الجمعة.,"ارتفع مؤشر ناسداك المركب المرتبط بالتكنولوجيا .IXIC بنسبة 30.46 نقطة، أو 2.04 في المائة، إلى 1,520.15.",0.36
"قال أحد الجمهوريين الذين حضروا ولكن لم يرغب في الكشف عن اسمه: ""لقد كان تخويفًا جريئًا لإبقاء الناس في الحجز"".","وقال أحد المشرعين الجمهوريين الذين حضروا الاجتماع: ""كانت محاولة وقحة للتخويف"".",0.7
لم يتم الإعلان عن اتهامات، لكن البيان قال أن الإجراءات القانونية متوقعة يوم الاثنين.,بيان مكتب التحقيقات الفيدرالي قال إجراءات قانونية متوقعة يوم الاثنين في المحكمة الفيدرالية في بالتيمور.,0.55
المرأة الميتة كانت أيضاً ترتدي خاتم وساعة كارتييه,"""إنها امرأة ذات شعر أشقر ترتدي ساعة كارتييه على معصمها""، قال المصدر.",0.52
وارتفع مؤشر أسواق الأسهم في ناسداك إلى 14.17 نقطة أو 0.94 في المائة ليصل إلى 1.517.05.,مؤشر (ناسداك كومبوزيت) ، مليء بأسهم التكنولوجيا، ارتفع مؤخراً بنحو 18 نقطة.,0.44
لكن مكتب التحقيقات الفيدرالي لم يراقب البيومي أبداً - على الرغم من أنه تلقى معلومات بأنه عميل سعودي، كما تقول الوثيقة.,لكن المكتب لم يراقب البيومي على الرغم من الحصول على معلومات مسبقة بأنه عميل سعودي سري، كما يقول التقرير.,0.95
"""سوف يحدث"" قال جيم سانتانجيلو رئيس المجلس المشترك للسيارات 42 في المونتي","""هذا يؤثر حقا على الشركات، وقتا كبيرا،"" قال جيم سانتانجيلو، رئيس المجلس المشترك لسيارات السيارات 42 في مونتي.",0.3
تم إطلاق سراحه بكفالة 3 ملايين دولار وعاد على الفور إلى لاس فيجاس، حيث كان يصور فيديو.,بعد دفع كفالة 3 ملايين دولار، طار جاكسون إلى لاس فيجاس، حيث كان يعمل على الفيديو.,0.75
قال محللو جارتنر أن الشركات لا تشعر بعد بالثقة الكافية لترقية أجهزة الكمبيوتر الخاصة بالشركات.,ما هو أكثر من ذلك، الشركات لا تشعر بالثقة بما فيه الكفاية لتحل محل أجهزة الكمبيوتر الشخصية القديمة، قالت شركة المحللين.,0.7
اعتبارًا من يوم الثلاثاء، كان ما يقرب من 250 من العاملين في مجال الرعاية الصحية في الحجر الصحي.,بالإضافة إلى ذلك، كان هناك 6800 شخص في الحجر الصحي وآلاف العاملين في مجال الرعاية الصحية في الحجر الصحي العامل.,0.3
قال برايان برابازون أن ابنه سيغضب ولكن بعد ذلك يتحول و يصادق من يستهزأ به,قالت أمه أن ابنها سيغضب، لكن بعد ذلك يتحول و يصبح صديقاً للمتهكمين.,0.64
مؤشر أسواق أسهم ناسداك المركب زاد 1.16 نقطة إلى 1.504.04.,مؤشر (ناسداك كومبوزيت) ، مليء بأسهم التكنولوجيا، ارتفع مؤخراً بنحو 18 نقطة.,0.44
انخفض مؤشر ناسداك المركب المرتبط بالتكنولوجيا 0.08 نقطة إلى 1.646.,أضاف مؤشر ناسداك المركب المرتبط بالتكنولوجيا <.IXIC> 1.92 نقطة، أو 0.12 في المئة، إلى 1.647.94.,0.48
"لقد أخبر هيئة المحلفين أن (ستابز) هو ""قاتل بارد وحسابي""","محامي المقاطعة (ديف لوباس) ذكر المحلفين أن (ستابز) هو ""قاتل بارد وحسابي""",0.6
وبالمثل، انخفضت السندات لمدة 30 عاما 1-11/32 لتحصل على عائد 4.38 في المئة، ارتفاعا من 4.30 في المئة.,ارتفع سعر السندات لمدة 30 عامًا US30YT=RR بنسبة 20/32، مما أدى إلى ارتفاع عائدها إلى 4.14 في المائة من 4.18 في المائة.,0.36
الضحية السابعة، امرأة، توفيت ليلة الثلاثاء في وحدة الحروق في مستشفى الأطفال المركز الطبي في أكرون.,الشخص السابع، امرأة تبلغ من العمر 21 عاما، كانت في حالة حرجة في وحدة الحروق في مستشفى أطفال أكرون.,0.48
تم نقل الرجال على الفور إلى بوتسوانا القريبة على متن رحلة طيران ملاوي المستأجرة ، كما قال مسؤولو المخابرات في ملاوي بشرط عدم الكشف عن هويتهم.,قال المسؤولون إن الرجال نقلوا إلى بوتسوانا القريبة على متن رحلة طيران مالاوي.,0.71
في المقابل، سيتطلب من كوريا الشمالية إنهاء برنامجها للأسلحة النووية.,في المقابل نتوقع من كوريا الشمالية التخلي عن الأسلحة النووية,0.95
"""نحن ندين وندين المجلس الحاكم الذي ترأسه الولايات المتحدة""، قال مقتدى الصدر.","""نحن ندين المجلس الحاكم برئاسة الولايات المتحدة""، قال الصدر في خطبة حارقة في مسجد الكوفة بالقرب من النجف.",0.67
قال Sendmail أن النظام يمكن حتى إعداده للسماح باستخدام الأعمال فقط.,يمكن توجيه المنتج للسماح باستخدام العمل فقط ، وفقًا لـ Sendmail.,1.0
هذا الإستغلال يعمل على أجهزة ويندوز 2000 غير المحسنة مع حزمة الخدمة 3 و 4.,كل من Counterpane و iDefense يؤكدان أن الاستغلال يعمل بشكل فعال ضد أنظمة Windows 2000 التي تعمل على Service Pack 3 و 4.,0.6
بعد ذلك، انخفضت سعر سندات 10 سنوات المرجعية US10YT=RR بنسبة 25/32 في السعر، مما أدى إلى ارتفاع عائدها إلى 3.26 في المائة من 3.17 في المائة.,في وقت مبكر من يوم الأربعاء، انخفض سعر مؤشر 10 سنوات US10YT = RR 16/32 في السعر، مما أدى إلى ارتفاع عائده إلى 3.33 في المائة من 3.26 في المائة في وقت متأخر من يوم الثلاثاء.,0.6
"أسهم التكنولوجيا تأثرت بتوقعات سيئة من شركة ""سان مايكروسيستمز"" والتي اعتبرت نذيراً سيئاً لموسم الأرباح الفصلية القادم.","توقعات سيئة من شركة ""سن مايكروسيستمز"" تضع المزيد من الضغط على ""وول ستريت"" قبل موسم الأرباح الفصلية",0.6
"ارتفعت أسهم ""كوكا"" 6 سنتات إلى 44.42 دولار في تداولات بعد ظهر الأربعاء في بورصة نيويورك.",أسهم كوكا انخفضت 26 سنتاً لتغلق عند 44.10 دولار في بورصة نيويورك,0.37
أنكر (إرنست آند يونغ) ارتكاب أي مخالفات و يخطط لمواجهة الاتهامات,"(إرنست أند يونغ) نفى ادعاءات لجنة الأوراق المالية والبورصة ووصف توصياتها بأنها ""غير مسؤولة"".",0.6
قال وولفويتز لا العمل العسكري ولا الرشوة على نطاق واسع يمكن أن يحل مشكلة كوريا الشمالية.,"في الواقع، وولفويتز اعترف السبت أن لا العمل العسكري ولا ""الرشوة على نطاق واسع"" سوف تحل المسألة.",0.6
قال وود أن السائق، يوجين روجرز، ساعد في إخراج الأطفال من الحافلة.,"في موقع الحادث، كان السائق ""مغطى بالدم"" لكنه ساعد في إزالة الأطفال، كما قال وود.",0.64
ارتفع مؤشر ستاندرد آند بورز 500 الأوسع نسبة 9.69 نقطة، أو 0.98 في المائة، إلى 994.53.,فقد ارتفع مؤشر ناسداك المركب المرتبط بالتكنولوجيا <.IXIC> بنسبة 18.35 نقطة، أو 1.13 في المائة، إلى 1.646.02.,0.2
انخفضت أسهم (غيدانت) في التداول داخل وخارج بورصة (نيويورك) الأوراق المالية قبل إيقاف الأخبار بعد الظهر,أسهم غيدانت انخفضت 5.3 في المئة إلى 40.92 دولار في التداول بعد الظهر في بورصة نيويورك.,0.53
"""ثلاثة أسابيع في أكتوبر"" يبدأ بيعه يوم الإثنين، بعد ما يقرب من عام من بدء إطلاق النار في منطقة واشنطن العاصمة.",يبدأ بيع كتاب (موس) يوم الإثنين بعد عام تقريباً من إطلاق النار على القناصة في منطقة (واشنطن).,0.65
استناداً إلى مسح منفصل للأسر، انخفض معدل البطالة في أغسطس إلى 6.1 في المائة من 6.2 في المائة.,المحللون في وزارة العمل استبعدوا تحسنًا طفيفًا في معدل البطالة الوطني، الذي انخفض في أغسطس إلى 6.1 في المئة من 6.2 في المئة.,0.75
وفقًا للدراسة ، تضاعف معدل سرطان الجلد ثلاث مرات منذ الخمسينيات في النرويج والسويد.,وجدت الدراسة أيضًا أن سرطان الجلد تضاعف ثلاث مرات تقريبًا في النرويج والسويد منذ الخمسينيات.,0.95
كما رفض القاضي تأجيل موعد المحاكمة في 29 سبتمبر.,(أوبوس) رفض أيضاً طلب الدفاع بتأجيل موعد المحاكمة في 29 سبتمبر.,0.79
في حين رحبت أحزاب المعارضة بقرار مجلس الوزراء بشأن العلاج المضاد للفيروسات العكسية، قال البعض إن وزير الصحة مانتو تشابالالا-مسيمنج غير مناسب لرئاسة خطة التنفيذ.,ووفقاً لبعض أحزاب المعارضة، فإن وزير الصحة مانتو تشابالالا ميسمانج غير مؤهل لرئاسة خطة تطوير العلاج المضاد للفيروسات العكسية.,0.68
يشرف مسؤولو التسويق الرئيسي على شراء وتطوير البضائع، ويقررون اتجاه التسويق للشركة، أو أساسا ما يجب أن يمثله.,هو أو هي يقررون الاتجاه التجاري للشركة، أو أساسا ما ينبغي أن يقف ل.,0.64
الكاهن (كريستوفر جي كوين) المتحدث باسم الأبرشية لم يعلق يوم الجمعة,القس كريستوفر كوين، المتحدث باسم الأبرشية، لم يرد على الفور عدة مكالمات طلب التعليق.,0.76
كان العديد من أقارب الضحايا الأستراليين من الهجوم في المحكمة ليشهدوا الإجراءات، ولكن عدد قليل من البالينيين حضروا المحاكمة.,جلس العديد من أقارب ضحايا الهجوم الأستراليين في الصف الأمامي من المحكمة، ولكن عدد قليل من الباليين حضروا المحاكمة.,0.92
في 10 يوليو، تم إرسال فريق من 32 ضابط شرطة سنغافورة إلى بغداد.,في يوليو/تموز تم إرسال 32 من ضباط الشرطة السنغافورية إلى بغداد للمساعدة في تدريب قوات الشرطة العراقية وعادوا إلى وطنهم الشهر الماضي.,0.64
ارتفع اليورو 0.67 بالمئة مقابل الدولار إلى 1.1784 دولار بعد أن ارتفع إلى أعلى مستوى في ثلاثة أشهر في وقت سابق من الجلسة فوق 1.18 دولار.,في التداول الأمريكي المبكر، انخفض اليورو 0.6 في المائة إلى 1.1741 دولار، بعد ارتفاعه إلى أعلى مستوى في أربعة أشهر عند 1.1860 دولار.,0.44
في السابق، أعلنت عن ربح قدره 12 مليون دولار، أو 0 سنت للسهم الواحد، في تلك الفترة.,في السابق، أعلنت عن ربح صغير قدره 12 مليون دولار، أو تعادل الأرباح على أساس السهم الواحد، للفترة.,0.88
تحالف من مجموعات الحملة، بما في ذلك الجمعية الوطنية للطلاب المسلحين، يدعم الاحتجاجات، والتي دعا NLC في تحد من أمر المحكمة حظر لهم.,ائتلاف من مجموعات الحملة، بما في ذلك هيئة الطلاب الوطنية المسلحة، يدعم العمل ويحشد للاحتجاجات.,0.67
وتسلط الشركة الضوء على إضافة دعم .NET وJ2EE إلى بيئة تطبيقات المؤسسة (EAE) مع الحاسوب الرئيسي الجديد.,وأضاف أن الشركة تضيف أيضًا دعم .Net و J2EE إلى مجموعة أدوات تطوير بيئة تطبيقات المؤسسة الخاصة بها.,0.8
منذ أن دخلت الخدمة في عام 1971، وقعت 45 حادثة، مع 393 حالة وفاة.,لديها سجل سلامة مضطرب، بما في ذلك 47 حادثاً أسفر عن 668 حالة وفاة.,0.27
(رايان هارفي) ، لاعب خارج مدرسة (داندين) الثانوية في (فلوريدا) ، تم اختياره بالخيار السادس من قبل فريق (شيكاغو كابز).,(رايان هارفي) ، لاعب أرضي في المدرسة الثانوية من (فلوريدا) ، تم اختياره في المركز السادس من قبل فريق (كابز).,0.84
تحدث (غلوفر) في مؤتمر صحفي شمل حوالي 20 من أقارب الضحايا.,حوالي 20 من أفراد عائلات الضحايا دعوا إلى المؤتمر الصحفي.,0.64
أربعة رجال آخرين تمت اتهامهم في يونيو أقروا بالذنب بالفعل,أربعة من المتهمين أقروا بالذنب بتهمة الأسلحة وغيرها من التهم,0.64
ظلت الحكومات الفيدرالية والمحلية مغلقة إلى حد كبير في أعقاب إعصار إيزابيل ، وكذلك المدارس ، وتم إبطاء معظم شبكات النقل في المنطقة.,في أعقاب إعصار إيزابيل، ظلت الحكومات الفيدرالية والمحلية مغلقة، وكذلك المدارس والعديد من الشركات.,0.65
لقد ألقى خطاباً متحمساً بشكل مفاجئ أمام عمال الصلب الأمريكيين الذين أعلنوا تأييدهم بالأمس,يوم الثلاثاء، حصل على تأييد اتحاد عمال الصلب الأمريكي.,0.45
حوالي 50 مليون رقم هاتف مسجل في القائمة، والتي كان من المقرر أن تدخل حيز التنفيذ في 1 أكتوبر.,وقعت لجنة التجارة الفيدرالية 50 مليون رقم هاتف على القائمة، والتي كان من المقرر أن تدخل حيز التنفيذ في 1 أكتوبر.,0.7
و بعد حوالي 8 إلى 10 ثواني، أصبت,"""كنت في الماء لحوالي ثماني ثواني.",0.44
لكن أدورا أوبي نوازي، رئيسة الجمعية، قالت أن الولاية حاولت فقط إثبات استنتاجها بالانتحار، بدلاً من النظر في احتمالية القتل.,"أدورا أوبي نوازي، رئيس الـ""نايكب"" في الولاية، قالت أن الولاية رفضت النظر في احتمالية القتل.",0.68
يقول النشطاء أنهم يخشون أن يكون التجمع محاولة من قبل الشركات الزراعية لدفع محاصيل الهندسة الحيوية على البلدان الجائعة.,وبدلاً من ذلك، يخشون أن يكون المؤتمر محاولة لشركات الزراعة و مصالح التكنولوجيا الحيوية للدخول إلى أسواق جديدة.,0.6
قال ريان واتين، المدير التنظيمي لمجموعة المواد الغذائية والعمال التجاريين المحلية 700، أن عقدهم سينتهي في الساعة 12:01 صباحاً يوم الأربعاء بدلاً من 12:01 صباحاً يوم الأحد.,"""لقد أثار غضب الأعضاء""، قال ريان واتين، المدير التنظيمي لمجموعة United Food and Commercial Workers Local 700.",0.5
ارتفع مؤشر ناسداك المركب المرتبط بالتكنولوجيا .IXIC بنسبة 39.39 نقطة، أو 2.2 في المائة، إلى 1.826.33، بعد أن خسر أكثر من 2 في المائة يوم الثلاثاء.,قفز المتوسط الصناعي لداو جونز .DJI بنسبة 194.14 نقطة، أو 2.09 في المائة، إلى 9.469.20 بعد أن هبط بأكثر من 1 في المائة في اليوم السابق.,0.35
حوالي 14000 عميل كانوا بدون كهرباء في المنطقة، قالت شركة أوكلاهوما للغاز والكهرباء.,حوالي 38000 من عملاء شركة او جي إي للطاقة بدون كهرباء، قالت الشركة على موقعها على الإنترنت.,0.55
الآن، زوج (بلانكا) الأمريكي، (روجر لورانس سترانك) البالغ من العمر 63 عاماً، يواجه لائحة اتهام بالقتل أصدرتها الحكومة الفلبينية في فبراير، والتي تقول أنه المشتبه به الرئيسي.,الآن، زوج (بلانكا) ، (روجر لورانس سترانك) البالغ من العمر 63 عاماً من (ترايسي) ، يواجه لائحة اتهام بالقتل أصدرتها الحكومة الفلبينية في فبراير.,0.85
"(برينس) سيحل محل (سانفورد ""ساندي"" ويل) الذي سيظل رئيساً لـ (سيتي جروب)",(برينس) ، الذي يرأس بنك (سيتي جروب) العالمي للشركات والاستثمار، سيحل محل (سانفورد ويل) كرئيس تنفيذي.,0.6
إيرادات التشغيل بلغت 1.45 مليار دولار زيادة عن نتيجة العام الماضي 1.38 مليار دولار,إيرادات التشغيل ارتفعت إلى 1.45 مليار دولار من 1.38 مليار في العام الماضي.,1.0
كان سعر الذهب الفوري عند 367.90/368.60 دولار للأونصة في الساعة 1000 بتوقيت جرينتش، بعد أن ارتفع إلى 369.50 دولارًا - وهو مستوى لم يشهده منذ 10 فبراير.,كان سعر الذهب الفوري عند 358.65/359.15 دولار للأونصة في الساعة 0500 بتوقيت جرينتش، بعد أن ارتفع إلى 359.25 دولارًا - وهو مستوى لم يشهده منذ 25 فبراير.,0.65
في كندا، سيكون الدولار المزدهر في التركيز مرة أخرى لأنه يحاول البقاء فوق 75 سنت (الولايات المتحدة).,في كندا، كان الدولار المرتفع في التركيز مرة أخرى حيث كافح وفشل فقط في البقاء فوق علامة 75 سنت (الولايات المتحدة).,0.8
لكن القضاة حكموا بأن مشرف الشرطة الذي استجوب مارتينيز مراراً وتكراراً لم ينتهك حقوق التعديل الخامس في ذلك.,لكن القضاة قرروا أن مشرف الشرطة الذي استجوب مرارا السيد مارتينيز وهو يصرخ من الألم لم ينتهك حقوق التعديل الخامس له.,0.75
انخفض المتوسط الصناعي لداو جونز 44 نقطة، أو 0.47 في المئة، إلى 9543، بعد تسجيل خمس جلسات متتالية.,ارتفع متوسط داو جونز الصناعي .DJI 18.25 نقطة، أو 0.19 في المئة، إلى 9586.71.,0.4
رئيس المركز، جوزيف تورسيلا، أصيب في الرأس لكنه تمكن من المشي إلى سيارة الإسعاف.,رئيس المركز الوطني للدستور (جوزيف تورسيلا) تعرض للضرب في الرأس ووضع على ركبتيه,0.67
صنف التقرير 45 شركة كبيرة على أساس التوظيف والتسويق والمشتريات وإعادة الاستثمار المجتمعي والتبرعات الخيرية.,من بين هؤلاء الثلاثة، ديلارد فقط استجابت للاستطلاع الذي صنف 45 شركة كبيرة على التوظيف، التسويق، المشتريات، إعادة الاستثمار المجتمع والتبرعات الخيرية.,0.6
"""لا أعرف إذا كان الشخص الذي أتحدث إليه الآن قد ينتهي به الأمر كشخص آخر في وقت آخر قد لا يتبع القواعد"" ، قال باريش.","""لا أعرف ما إذا كان الشخص الذي أتحدث إليه الآن قد ينتهي به الأمر كشخص آخر"" ، قال باريش.",0.68
روفنر) ، 45 عاماً) لا يملك حتى الآن محامياً بتهمة القتل، حسبما قالت السلطات,روفنر، 45 عاما، ليس لديه محام في تهمة القتل، قالت السلطات.,1.0
تم إقراره في عام 1999 لكنه لم يطبق أبداً، كان القانون سيجعل من غير القانوني على زبائن الحانات والمطاعم أن يضيئوا.,كان من المفترض أن يمنع قانون التدخين الذي تم إقراره في عام 1999 ولكن لم يطبق أبدًا زبائن الحانات والمطاعم من التدخين، ولكنه أعفى النوادي الخاصة من التنظيم.,0.68
أول محاكمة للمشتبه به في تفجيرات الملهى الليلي في بالي العام الماضي والتي قتلت أكثر من 200 شخص افتتحت في إندونيسيا اليوم، حسبما ذكرت سكاي نيوز.,واحد من المشتبه بهم الرئيسيين في تفجيرات الملهى الليلي في أكتوبر التي قتلت أكثر من 200 شخص في بالي ذهب للمحاكمة يوم الاثنين وسط أمنية مشددة.,0.75
سيتزايد المتقاعدون الفرنسيون من خمس إلى ثلث السكان بحلول عام 2040.,بحلول عام 2040، سيشكل المتقاعدون ثلث السكان، مقارنة بخمسهم اليوم.,0.8
أطلقت الشرطة العراقية النار في وسط بغداد اليوم بعد أن اقتحم المتظاهرون مركز الشرطة مطالبين بإعطائهم وظائف زعموا أنهم دفعوا رشاوى لأجلها.,الشرطة العراقية فتحت النار في وسط بغداد يوم الأربعاء بعد أن اقتحم المتظاهرون الذين يطالبون بالوظائف مركز الشرطة وألقوا الحجارة على الضباط، حسبما ذكرت الشرطة.,0.65
ارتفع مؤشر داو جونز الصناعي 28 نقطة، أو 0.27 في المائة، إلى 10،557، ليصل إلى أعلى مستوى له في 21 شهرًا.,متوسط مؤشر داو جونز الصناعي ارتفع 49 نقطة، أو 0.47 في المئة، إلى 10،578.,0.45
"خلال نفس الربع من العام الماضي، أعلنت ""إي دي إس"" أرباحاً بلغت 354 مليون دولار، أو 72 سنتاً للسهم الواحد.",أبلغت شركة (إي دي إس) عن خسارة في الربع الأول 126 مليون دولار أو 26 سنتاً للسهم الواحد,0.3
انخفضت مايكروسوفت 5 في المئة قبل فتح إلى 27.45 دولار من إغلاق يوم الخميس من 28.91 دولار.,تراجعت أسهم مايكروسوفت بنسبة 4.7 في المئة في التداول بعد ساعات العمل إلى 27.54 دولارًا من إغلاق ناسداك عند 28.91 دولارًا.,0.6
"""هذا سريع بشكل غير عادي،"" قال مات جيلر، محلل في أسواق CIBC العالمية.","إنهم في الواقع سيقومون بتسجيل مبيعات قياسية لـ Velcade هذا العام ، "" قال مات جيلر ، محلل في CIBC World Markets.",0.45
اتهم كل من المتمردين والقوات الحكومية بنهب القرى في ريف ليبيريا على الرغم من اتفاق السلام.,تم اتهام كل من المتمردين والقوات الحكومية، بما في ذلك تلك الموالية لتايلور، بالنهب من القرى في ريف ليبيريا على الرغم من اتفاق السلام.,0.8
تم منح مايكروسوفت براءة اختراع لميزة في الرسائل الفورية التي تنبه المستخدم عندما يقوم الشخص الذي يتواصل معه بإدخال رسالة.,تم منح مايكروسوفت براءة اختراع على ميزة الرسائل الفورية الشائعة التي تظهر للمستخدمين عندما يقوم الشخص في الطرف الآخر من المحادثة بكتابة رسالة.,0.95
الاعتقالات كشفت عن تفاصيل جديدة حول التحقيق الذي استمر أربعة أشهر في منزل (سيلينسكي) في طريق (ماونت أوليفيت),تم اكتشاف جثث كيركوفسكي وفاسيت في منزل سيلينسكي في طريق جبل الزيتون في 5 يونيو.,0.3
نحن نعتزم أن نستأنف بقوة ونحن ما زلنا نتوقع أن يكون تبرير في نهاية المطاف.,نعتقد أن هذا كان قانون سيء، ونحن ما زلنا نتوقع أن تبرر في نهاية المطاف.,0.61
بموجب قانون (كانساس) ، من غير القانوني للأطفال دون سن الـ16 أن يكونوا على علاقة جنسية.,في الرأي، لاحظ كلاين أنه من غير القانوني للأطفال أن يكون لديهم علاقات جنسية.,0.55
ستزيد الصفقة إيرادات مبيعات كاليبوت من أعمال المنتجات الاستهلاكية إلى 45 في المائة من 23 في المائة.,ستزيد الصفقة إيرادات مبيعات Callebaut من أعمال المنتجات الاستهلاكية بنحو 45 في المائة إلى حوالي ثلث إجمالي المبيعات.,0.7
غالبًا ما يُتهم جيش إندونيسيا بانتهاكات حقوق الإنسان خلال معركة GAM من أجل الاستقلال ، وهي اتهامات نفتها بشكل عام بينما اتهمت الانفصاليين بارتكاب انتهاكات حقوقية.,اتُهم جيش إندونيسيا بانتهاكات حقوق الإنسان خلال معاركها السابقة مع GAM، وهي اتهامات نفتها بشكل عام.,0.65
تم تدمير اقتصاد العراق خلال سنوات من عقوبات الأمم المتحدة على احتلال الرئيس السابق صدام حسين للكويت في عام 1990 والحرب التي قادتها الولايات المتحدة للإطاحة به والتي انتهت في أبريل.,تم تحطيم اقتصاد العراق تحت حكم الرئيس السابق صدام حسين والحرب التي قادتها الولايات المتحدة للإطاحة به والتي انتهت في أبريل.,0.75
وقد أشار أحدهم أيضاً إلى كلمة لاجئ في قاموس إنجليزي تركي.,"كان هناك رجل يحمل قاموسًا إنجليزيًا تركيًا وأشار إلى كلمة ""لاجئ"".",0.76
الجزء الأكبر من الأموال، حوالي 65 مليار دولار، ستذهب للعمليات العسكرية في العراق وأفغانستان.,الجزء الأكبر من الفاتورة - 64.7 مليار دولار - تذهب للعمليات العسكرية في المقام الأول في العراق وأفغانستان.,0.8
دولوريس ماهوي، 68 عاما، من كولورادو سبرينغز، كولورادو، هو شخص قد يساعد من قبل التشريع معلق في الكونغرس.,دولوريس إي ماهوي، 68 عاما، من كولورادو سبرينغز هو فقط نوع من الشخص الذي قد يساعد من قبل التشريع معلق في الكونغرس.,0.96
الإصدارات المتقدمة تفوق عدد الإصدارات المتراجعة حوالي 8 إلى 5 في بورصة نيويورك.,النسخ المتناقصة تفوق العدد المتقدم أكثر من 3 إلى 1 على بورصة نيويورك.,0.44
مسابقة الجمال التي ستعقد في إيطاليا الأسبوع المقبل قد تكون الأولى من نوعها,مسابقة جمال جديدة ستبدأ في (إيطاليا) الأسبوع القادم ستمنح الصور المثالية فرصة لسرقة مكانة (صوفيا) كرمز جنسي,0.65
"التقديرات المتفق عليها للمحللين من ""تومسون فيرست كول"" كانت خسارة 2.08 دولار للسهم، باستثناء البنود لمرة واحدة.","تقدير المحللين الذين استطلعتهم ""تومسون فيرست كول"" كان خسارة 2.75 دولار للسهم الواحد.",0.5
ومن المتوقع أيضا أن يقرر مجلس إدارة شركة بوينغ في اجتماع ديسمبر ما إذا كان سيتم عرض الطائرة للبيع لشركات الطيران.,ومن المتوقع على نطاق واسع أن يعطي باير الموافقة الرسمية لتقديم الطائرة للبيع لشركات الطيران.,0.45
"قال بوش إن قوات المقاومة العدائية لوجود الولايات المتحدة ""يشعرون بأن... الظروف مثل أنها يمكن أن تهاجمنا هناك.",هناك بعض الذين يشعرون مثل الظروف هي من هذا القبيل أنها يمكن أن تهاجمنا هناك.,0.55
قال محامو الدفاع أن تغيير مكان المحاكمة كان ضرورياً لأن الدعاية الضخمة قبل المحاكمة قد تلطخ هيئة المحلفين ضد موكلهم.,طلب محامو الدفاع تغيير مكان المحاكمة لسببين: لقد جادلوا بأن الدعاية الواسعة قبل المحاكمة قد تلطخ هيئة المحلفين ضد موكلهم.,0.95
تأسست في عام 1996، وتتكون بورصة LendingTree من أكثر من 200 من البنوك والمقرضين والوسطاء.,تقوم LendingTree بمطابقة المقترضين عبر الإنترنت مع أكثر من 200 من وسطاء الرهن العقاري والبنوك والمقرضين الآخرين.,0.7
معظم دافعي الضرائب سيحصلون على تخفيضات ضريبية مفاجئة تتراوح بين 4 و 11 دولار في الأسبوع من 1 يوليو.,تسعة ملايين من دافعي ضرائب الدخل في أستراليا تلقوا تخفيضات ضريبية مفاجئة تتراوح بين 3 و 11 دولار في الأسبوع من الخازن بيتر كوستيلو الليلة الماضية.,0.65
قال جيورجي هيزلر، رئيس وحدة الكوارث المحلية، أن الحافلة كانت تحمل 38 راكباً.,رئيس وحدة الكوارث المحلية، (جيورجي هيزلر) ، قال أن سائق الحافلة فشل في الإنتباه إلى إشارات التوقف الحمراء.,0.6
كان متوسط الرسوم الدراسية في الكليات الخاصة لمدة أربع سنوات 19،710 دولار هذا العام، بزيادة 6 في المئة عن عام 2002.,بالنسبة للسنة الدراسية الحالية، كان متوسط الرسوم الدراسية في الكليات الحكومية 4694 دولار، بزيادة 600 دولار تقريباً عن العام السابق.,0.3
انخفض معدل البطالة على مستوى الولاية إلى 6.4 في المائة، من 6.7 في المائة المعدلة في أغسطس.,انخفض معدل البطالة في مقاطعة سان جوكين الشهر الماضي إلى 8.5 في المئة، بانخفاض نقطة مئوية كاملة تقريباً من أغسطس.,0.4
أضواء الأمن تم تركيبها أيضاً والشرطة فتشت الأرض من أجل الأفخاخ,أضواء الأمن تم تركيبها أيضاً على الحظيرة بالقرب من البوابة الأمامية,0.6
لكن القوات الأمريكية لن تتراجع عن الغارات المتزايدة ومهاجمة أعدائها عندما يتم تحديد مواقعهم بدقة,لكن القوات الأمريكية لن تتراجع عن الغارات المتزايدة في مواقع أعدائهم التي يمكن تحديدها,0.95
لم يكن لدى (مور) تعليق فوري يوم الثلاثاء.,لم يكن لدى (مور) رد فوري يوم الثلاثاء,0.96
أمر القاضي بوضع الطفل في حضانة الولاية في 8 أغسطس,في الثامن من أغسطس، أمر قاضي محكمة الأحداث (روبرت ييتس) بوضع (باركر) تحت الحراسة الوقائية.,0.64
"لكن المتحدث باسم البيت الأبيض أري فليشر قال أمس: ""الخطوات التي يدعي الإيرانيون أنها اتخذت من حيث القبض على القاعدة غير كافية"".",الخطوات التي يدعي الإيرانيون أنها اتخذت من حيث القبض على القاعدة غير كافية.,0.64
تم الإعلان عن النتائج في اجتماع يوم الثلاثاء في سياتل للجمعية الأمريكية للصدر وسيتم نشرها في مجلة نيو إنجلاند للطب يوم الخميس.,نتائج الدراسة تم الإفصاح عنها في اجتماع في سياتل للجمعية الأمريكية للصدر وسيتم نشرها أيضاً في عدد الغد من مجلة نيو انغلاند للطب,0.87
انضم إلى معارضته رئيس القضاء ويليام إتش رينكويست والقاضي كلارنس توماس.,رئيس القضاء ويليام رينكويست والقضاة أنطونين سكاليا وكلارنس توماس اختلفوا.,0.76
الولايات المتحدة قد دفعت بالفعل المدينة 34 مليون دولار في العقوبات لعدم الوفاء الجولة الأولى من أهداف التوظيف.,يونايتد دفعت 34 مليون دولار في عقوبات لعدم تحقيق أهداف التوظيف.,0.88
"مكتب (شيلي) أعلن الجمعة أن 575,926 توقيعاً قد تم إرسالها إليه","أعلن مكتب (شيلي) عن عدد التوقيعات في وقت متأخر من يوم الجمعة وقال أن المقاطعات أبلغت عن عدد 575,926 توقيع حتى الآن.",0.9
"أراد بوش ""رؤية طائرة تهبط بنفس الطريقة التي رآها الطيارون طائرة تهبط""، قال أمس سكرتير الصحافة في البيت الأبيض آري فليشر.",يوم الثلاثاء، قبل خطاب بيرد، قال فليشر أن بوش أراد أن يرى طائرة تهبط بنفس الطريقة التي رأى بها الطيارون طائرة تهبط.,0.8
يقف مع المراسلين والمصورين على بعد 150 ياردة من بوابات السجن كان برينت نيوبري رئيس جمعية روكلاند كاونتي للشرطة الخيرية,"""الأمر بأكمله هو مسخرة،"" غاضب برنت نيوبري، رئيس جمعية روكلاند مقاطعة رجال الدورية الخيرية.",0.3
"""لقد تعرضوا لضرب وحشي، ومن المدهش حقا أن بورشيا هو المتوفى الوحيد في هذه الحالة"".","""إنه من العجيب أن بورشيا كان المتوفى الوحيد في هذه القضية""، أضاف ساكس.",0.6
قال روب أونيل مسؤول في اليونيفي:,روب أونيل المسؤول في يونيفي قال: القفازات قبالة.,1.0
وكانت شركة برات آند ويتني قد ذكرت أن 75 في المائة من معدات المحركات سيتم توزيعها خارجًا إلى أوروبا ، مع التجميع النهائي في ألمانيا.,وكانت شركة برات آند ويتني قد قالت أنه إذا فازت بالعقد ، فإن 75 في المائة من معدات المحركات سيتم الاستعانة بمصادر خارجية لموردين أوروبيين ، مع التجميع النهائي في ألمانيا.,0.72
شارك في كتابة هذا التقرير كل من سلوين كروفورد وكولين ماكين نيلسون وبراين أندرسون من موقع DallasNews.com.,المساهمين في كتابة هذا التقرير هم براندون فورمبي وكولين ماكين نيلسون,0.56
لجنة التجارة كانت لتكون عقبة كبيرة لمثل هذه الصفقة,لم تقدم لجنة التجارة النيوزيلندية لويستباك أي إشارة إلى ما إذا كانت ستوافق على صفقة.,0.36
الادعاء قدّم طلباً يُخبر (لي) أنّه ينوي طلب عقوبة الإعدام.,وأضاف أن الادعاء سيسعى للحصول على عقوبة الإعدام.,0.68
الماجستير الأمريكي: آرثر ميلر، إيليا كازان والقائمة السوداء: لا أحد بدون خطيئة (Wed.,"لاحظ العنوان الفرعي لهذا المثل الفظيع في سلسلة ""الأسياد الأمريكيين""، ""آرثر ميلر، إيليا كازان والقائمة السوداء: لا أحد بلا خطيئة"".",0.6
تضمنت هذه الحزمة زيادات في كل من ضرائب المبيعات والدخل في المدينة.,كما يعترض على الزيادات في ضريبة المبيعات والدخل الشخصي في الحزمة.,0.4
يتم عرض الأغاني مقابل 99 سنتاً لكل واحدة، أو 9.99 دولار للألبوم.,ستقدم الشركة الأغاني مقابل 99 سنتا والألبومات مقابل 9.95 دولار.,0.67
"""بالتأكيد ما نعرفه يشير إلى أننا يجب أن نأخذ ما يقولونه على محمل الجد،"" أضاف.","""نحن لا نعرف كل شيء [لكن] ما نعرفه يشير إلى أننا يجب أن نأخذ ما يقولونه على محمل الجد،"" قال.",0.85
ارتفعت أسهم جيليت 1.45 دولار، أو 4.5 في المئة، إلى 33.95 دولار في تجارة بورصة نيويورك بعد الظهر.,أسهم جيليت أغلقت 45 سنتاً عند 33.70 دولار في التداول الأربعاء في بورصة نيويورك,0.4
أسهم جاك إن ذا بوكس مقرها سان دييغو أغلقت عند 21.49 دولار، بزيادة 78 سنتا، أو 3.8 في المئة، في بورصة نيويورك.,أغلقت أسهم شركة أوتباك ستيكهاوس التي تتخذ من تامبا مقراً لها عند 44.50 دولار، بزيادة 1.78 دولار، أو 4.2 في المئة، في بورصة نيويورك.,0.32
ارتفع مؤشر (داو جونز) الصناعي بأكثر من 140 نقطة ليتجاوز 9 آلاف نقطة للمرة الأولى منذ ديسمبر,مؤشر (داو جونز) الصناعي تجاوز مؤشر 9 آلاف للمرة الأولى منذ ديسمبر,0.72
اختارت الحكومة ثلاث شركات لتطوير خطط لحماية الطائرات التجارية من هجمات الصواريخ التي تطلق من الكتف، أعلن مسؤولو الأمن الداخلي الثلاثاء.,أعلنت وزارة الأمن الداخلي الثلاثاء أنها اختارت ثلاث شركات لمواصلة البحث في طرق إحباط الهجمات الصاروخية على الطائرات التجارية الأمريكية.,0.95
وتلقي الأحزاب التاميل باللوم على نمور تحرير تاميل إيلام (LTTE) في هذه الجرائم.,أرادت الحكومة إحياء المحادثات مع نمور تحرير تاميل إيلام (LTTE) لمناقشة الهيكل المؤقت.,0.35
اثنان من البريطانيين، ساندي ميتشل من غلاسكو ولد في غلاسكو وليام سامبسون، يواجهون عقوبة الإعدام.,ساندي ميتشل، 44، من كيركينتيلوتش، غلاسكو، وليام سامبسون، مواطن بريطاني ولد في غلاسكو، يواجهون قطع الرأس في الأماكن العامة.,0.65
حث على الصبر من الأمريكيين حريصين على الخدمة، والتي تهدف إلى منع حوالي 80 في المئة من مكالمات التسويق عبر الهاتف.,الخدمة المجانية كانت في الأصل تهدف إلى منع حوالي 80 في المئة من مكالمات التسويق عبر الهاتف.,0.6
(جوردن غرين) ، المحامي الخاص للقسيس، قال أنه ليس لديه أي تعليق.,محامي (أوبراين) ، (جوردن غرين) ، رفض التعليق.,0.72
"السيد هادلي، الذي لديه شريك جديد وطفل، قال: ""أنا سعيد للغاية.","في بيان صادر عن محاميه، قال السيد هادلي: ""أنا سعيدة للغاية بنتيجة الإجراءات.",0.68
حدثت الخسائر بين عشية وضحاها في ويلو كانيون، واحدة من ثلاث مناطق في جبال سانتا كاتالينا مهددة بالنار التي استمرت أسبوعين والتي دمرت بالفعل 70 ألف فدان.,حدثت الخسائر بين عشية وضحاها في ويلو كانيون، واحدة من ثلاث مناطق في جبال سانتا كاتالينا مهددة بحريق آسبن المتجدد.,0.65
"""نحن لا نريد أن نقف مكتوفي الأيدي ونسمح بقتل بطاقات الائتمان"" أعلن النائب مايور أوينز (ديمقراطي بروكلين).","""نحن لا نريد أن نقف مكتوفي الأيدي ونرى عملية قتل بالبطاقات الائتمانية"" قال.",0.7
ومع ذلك، فإن الاستخدام التجاري للنواة 2.6.0 لا يزال بعد أشهر بالنسبة لمعظم العملاء.,الإصدارات التجارية للنواة 2.6 من قبل موزعي لينكس الرئيسيين لا تزال تبقى أشهر.,0.76
ارتفع مؤشر ستاندرد آند بورز 500 SPX بنسبة 2 نقطة، أو 0.24 في المئة، إلى 977.,انخفض مؤشر ناسداك المركب .IXIC بنسبة 6.52 نقطة، أو 0.39 في المئة، إلى 1.645.66.,0.16
اثنان من المسؤولين قالوا في البداية أن حوالي 300 عامل اعتقلوا في 61 متجراً في 21 ولاية.,لكن المسؤولين عدّلوا الأرقام لاحقاً وقالوا أن حوالي 250 اعتقلوا في حوالي 60 متجراً.,0.48
"""هذه الصفقة منطقية لكلا الشركتين""، قال (هالا) في بيان مُعد.",برايان هالا، الرئيس التنفيذي لشركة ناتسيمي، ادعى أن الصفقة كانت منطقية لكلا الشركتين.,0.64
وقع 57 من أعضاء مجلس الشيوخ بما فيهم 24 من الجمهوريين على الرسالة,من بين أولئك الذين وقعوا على الرسالة، 57 من أعضاء مجلس الشيوخ، بما في ذلك 24 من الجمهوريين.,0.98
تم الإبلاغ عن 5 حالات إصابة بشرية أخرى بفيروس غرب النيل من قبل إدارة الصحة في مقاطعة ميسا يوم الأربعاء.,اعتبارًا من هذا الأسبوع، تم الإبلاغ عن 103 حالات إصابة بشرية بفيروس غرب النيل في 45 مقاطعة إلى إدارة الصحة.,0.52
سيد مانويل ومجموعته دخلوا الولايات المتحدة عبر الجسر الذي يربط ماتاموروس و براونزفيل,(مانويل) ومجموعته دخلوا الولايات المتحدة بنفس الطريقة التي يدخل بها الآلاف من الناس كل يوم، عن طريق السير عبر الجسر بين (ماتاموروس) و (براونزفيل).,0.8
بموجب قوانين الـ (ناسد) ، يمكن للسيد (يونغ) أن يقدم ردّاً ويطلب جلسة أمام لجنة الـ (ناسد).,المحلل، الذي أطلق سراحه من قبل (ميريل) ، يمكنه طلب جلسة استماع أمام لجنة الـ (ناسد).,0.6
بدأ الرئيس خطابه بالاعتراف بالهجمات الإرهابية في المملكة العربية السعودية التي قتلت ما لا يقل عن 29 شخصا، بما في ذلك سبعة أمريكيين.,بوش، ومع ذلك، هاجم أيضا على التفجيرات الإرهابية في المملكة العربية السعودية التي قتلت ما لا يقل عن 29 شخصا -- بما في ذلك عدد من الأمريكيين.,0.64
"""أنا فخور جداً بمواطني هذه الولاية""، قال الحاكم جون بالداشي بعد إحصاء الأصوات من الاستفتاء يوم الثلاثاء.","""أنا فخور جداً بمواطني هذه الولاية""، قال الحاكم جون بالداشي، عدو الكازينوهات.",0.64
من بين ثلاثة مرشحين رئيسيين، (شوارزنيجر) يفوز بالمعركة بين المستقلين والناخبين المختلفين.,شوارزنيجر يلتقط المزيد من الناخبين المستقلين والناخبين المختلفين أكثر من بوستامانتي,0.68
سيحل محل رون ديتمور الذي أعلن استقالته في 23 أبريل.,أعلن ديتمور عن خططه للاستقالة في 23 أبريل.,0.52
قضى (سيلينسكي) سابقاً سبع سنوات في السجن بتهمة سرقة بنك.,سيلينسكي قضى سبع سنوات في السجن بتهمة سرقة بنك,0.91
مادوكس، 87، كسر اثنين من الأضلاع عندما سقط قبل حوالي 10 أيام في منزل المعيشة المساعدة حيث كان يتعافى من جراحة الأمعاء، وقال فيرجينيا كارنز.,مادوكس) ، الذي كان يعاني من السرطان منذ عام 1983) كسر ضلعين في وقت سابق من هذا الشهر عندما سقط في دار رعاية حيث كان يتعافى من جراحة,0.68
"انتقد غراهام، المرشح الرئاسي، من قبل العديد من الجمهوريين لـ""تسييس"" التقرير.",غراهام، الذي شارك في رئاسة التحقيق، مرشح رئاسي.,0.45
في عام 2002، تجاوزت لينكسيس سيسكو سيستمز باعتبارها المورد الرائد للمعدات اللاسلكية، وتمثل 14.1 في المئة من الإيرادات.,قال (رولف) أن شركة (لينكسيس) تجاوزت شركة (سيسكو) العام الماضي لتصبح الشركة الرائدة في توفير معدات الشبكة اللاسلكية.,0.7
المدارس التي تفشل في تحقيق أهداف الدولة لثلاث سنوات متتالية يجب أن تقدم الدروس بالإضافة إلى التحويلات.,المدارس التي لا تلبي أهداف الاختبار لمدة سنتين متتاليتين يجب أن تقدم التحويلات,0.55
التلاعب بالأدوية كان مربحاً جداً لدرجة أن العديد من المعتقلين كانوا يعيشون في منازل بملايين الدولارات,قال المحققون أن التلاعب بالأدوية كان مربحاً جداً، لدرجة أن العديد من المشتبه بهم كانوا يعيشون في منازل بملايين الدولارات.,0.95
السيد (هوارد) قال أن لديه أيضاً إيمان بالنظام الذي بموجبه يمكن محاكمة (هيكس).,السيد (هوارد) قال أيضاً أمس أن (هيكس) سيتم معاملته بشكل عادل، قائلاً أن لديه ثقة في نظام العدالة الأمريكي.,0.9
المهربون في شاحنة طاردوا شاحنة بيك اب وسيارة سيوف تحمل المهربين الآخرين والمهاجرين غير الشرعيين قال شريف مقاطعة بينال روجر فاندربول,أشخاص في شاحنة فتحوا النار على شاحنة و سيارات الدفع الرباعي يعتقد أنها كانت تنقل المهاجرين غير الشرعيين، قال شريف مقاطعة بينال روجر فاندربول.,0.63
المحاكمة، التي تضم 125 شاهداً، يمكن أن تستمر حتى بداية عام 2004.,المحاكمة، التي قد تستمر حتى أوائل عام 2004، من المتوقع أن تستمع إلى أول 125 شاهدًا يوم الجمعة.,0.9
أجهزة الكمبيوتر كانت تقع في الولايات المتحدة وكندا وكوريا الجنوبية.,أجهزة الكمبيوتر منتشرة عبر الولايات المتحدة وكندا وكوريا الجنوبية,0.95
تؤثر الثغرة على نظام التشغيل ويندوز إن تي 4.0، ويندوز إن تي 4.0 إصدار خدمات المحطة، إكس بي و2000، بالإضافة إلى ويندوز سيرفر 2003.,أصدرت مايكروسوفت تصحيحًا للثغرة، والتي تؤثر على Windows NT 4.0 و Windows NT 4.0 Terminal Services Edition و Windows 2000 و Windows XP و Windows Server 2003.,0.55
المساهمة الإضافية تجعل إجمالي المساعدات الغذائية الأمريكية لكوريا الشمالية هذا العام إلى 100000 طن.,التبرع بـ 60 ألف طن يرفع إجمالي المساهمات الأمريكية للعام إلى 100 ألف,0.64
حظر الاتحاد الأوروبي استيراد الأغذية المعدلة وراثياً في عام 1998؛ وتطالب الولايات المتحدة الآن الاتحاد الأوروبي بإنهاء الحظر.,منع الاتحاد استيراد الأغذية المعدلة وراثيا في عام 1998 بعد أن خشي العديد من المستهلكين المخاطر الصحية.,0.52
لقد توقع أن (فاندربول) ستكون متاحة خلال السنوات الخمس المقبلة,وقال إن المنتجات التي تتميز بـ (فاندربول) ستصدر خلال خمس سنوات.,0.88
أنيكا سورينستام تحصل على أول فرصة لاختبار هذا الهدف هذا الأسبوع في بطولة ماكدونالدز لبيجا,(أنيكا سورينستام) تبتلع المقبلات وتنتقل إلى المقبلات هذا الأسبوع في بطولة (ماكدونالدز),0.6
سجل مؤشر ستاندرد آند بورز 500 الأوسع نسبة 3 نقاط، أو 0.39 في المائة، عند 924.,ارتفع مؤشر ناسداك المركب المرتبط بالتكنولوجيا 6 نقاط، أو 0.41 في المائة، إلى 1.498.,0.19
(سيسكو) وقعت صفقات مماثلة مع شركة (إيه تي آند تي) ، (إس بي سي) ، (إس بي سي) و (سبرينت),تتمتع سيسكو بعلاقات مماثلة مع منافسيها في بيل ساوث SBC Communications و AT&T و Sprint Communications.,0.8
هاريس وكليبولد قتلوا 12 طالباً ومعلماً قبل أن ينتحروا في 20 أبريل 1999.,(هاريس) و (كليبولد) قتلوا 12 طالباً ومعلماً وأنفسهم في المدرسة,0.76
"""نحن ندين المجلس الحاكم برئاسة الولايات المتحدة""، قال مقتدى الصدر في خطبة في مسجد.","""نحن ندين وندين المجلس الحاكم الذي ترأسه الولايات المتحدة""، قال مقتدى الصدر.",0.84
في بيان نشر يوم الجمعة، قالت 28 منظمة تشيشانية غير حكومية أنها ستقاطع التصويت.,وفي بيان نشر اليوم، قالت 28 منظمة تشيشانية غير حكومية إنها ستقاطع التصويت وحذرت الناخبين من توقع التزوير.,0.84
كان عدد سكان الولاية 6،080،485 عام 2000، وفقاً لتعداد الولايات المتحدة.,ولكن بين عامي 1960 و2000، ازداد عدد سكان الولاية بنسبة 30.4 في المئة ليصل إلى 6.080.485 نسمة.,0.52
18 يوليو: (هيرلبرت) يرفع تهمة واحدة بالاعتداء الجنسي على (براينت).,براينت) ، 24 عاماً) متهم بجريمة الاعتداء الجنسي,0.61
"رئيس ""سانت بول"" والرئيس التنفيذي ""جاي إس فيشمين"" البالغ من العمر 51 عاماً سيكون الرئيس التنفيذي للشركة المدمجة",(جاي فيشمان) ، 51 عاماً، رئيس مجلس الإدارة والرئيس التنفيذي لشركة (سانت بول) سيكون الرئيس التنفيذي للشركة المدمجة.,0.95
بدلاً من ذلك، قرر (ويدا) أن قضية (ميستر) بتهمة الاغتصاب، والجنس المثلي، والاعتداء غير اللائق، وتزويد القاصرين بالكحول يجب أن تمضي إلى محكمة عسكرية.,(دوغلاس ميستر) ، 20 عاماً متهم بالاغتصاب، والجنس المثلي، والاعتداء غير اللائق، وتزويد القاصرين بالكحول.,0.65
لقد قاموا باكتشاف مماثل في هيوستن على طائرة أخرى، قال ساوث ويست في بيان.,شركة الطيران قالت أن اكتشافاً مماثلاً قد تم على متن الطائرة في هيوستن,0.68
"رفض روزنتال التعليق على حالة غاريت يوم الثلاثاء لكنه قال في بيان: ""لقد كان لدينا مفاوضات عقود كبيرة.","المنتج التنفيذي للمسلسل، فيل روزنتال، قال في بيان: ""لقد كان لدينا مفاوضات عقد كبيرة.",0.75
مع عودة الكهرباء، عاد موظفو الحكومة إلى وظائفهم صباح الجمعة.,قال (باتاكي) إذا أعيد التيار الكهربائي سيعود موظفو الحكومة إلى العمل صباح الجمعة,0.52
انخفضت أسهم (ناسداك) بنحو 1.3% خلال الشهر، لتقطع سلسلة الفوز التي استمرت سبعة أشهر.,"انخفضت أسهم ""ناسداك"" بنسبة 0.4 في المائة تقريباً خلال الشهر، وهي في طريقها لتحقيق مكاسب على مدى سبعة أشهر.",0.48
تم العثور على التقرير في الثالث والعشرين من أكتوبر مخبأ داخل علبة قديمة غير مرتبطة بالتحقيق,تم العثور على التقرير الأسبوع الماضي مخبأ داخل دليل التدريب الذي ينتمي إلى هيكس.,0.64
يوم السبت، قالت اللجنة الدولية للصليب الأحمر إنها تغلق مؤقتاً مكاتبها في بغداد والبصرة.,اللجنة الدولية للصليب الأحمر، تخشى على سلامة موظفيها العاملين في العراق، أعلنت أنها تغلق مؤقتا مكاتبها في بغداد والبصرة.,0.68
رحبت حملة تضامن أيرلندا فلسطين، التي كان السيد O Muireagáin عضوًا فيها، بإطلاق سراحه.,حملة تضامن أيرلندا فلسطين، التي كان عضواً فيها، قال أنه كان يبحث في مشروع لتبادل المدارس.,0.48
"قال (غلوفر) أن القاتل استخدم ""عقدة زلقة غريبة"" على القيود التي استخدمها لخنق بعض الضحايا",قال (غلوفر) أنّ القاتل استخدم عقدة زلقة غريبة تتضمن كابلًا محوريًا وسلكًا إضافيًا لخنق بعض الضحايا.,0.68
قالت أن محامي (جين دو) طلب من (فيريزون) إخفاء اسمها لأنها كانت تخطط لتحدي المذكرة,(جين دو) ، قررت محاربة المذكرة، وطلبت من (فيريزون) إخفاء اسمها.,0.72
في سبتمبر، أصيب باحث سنغافوري يبلغ من العمر 27 عامًا بفيروس سارس أثناء عمله في مختبر.,في حالة في أغسطس، أصيب عامل مختبر في سنغافورة يبلغ من العمر 27 عامًا بفيروس سارس.,0.68
أي رقم أقل من 50 يشير إلى انكماش في قطاع الصناعات التحويلية، في حين أن أي رقم أعلى من ذلك يشير إلى التوسع.,قراءة أعلى من 50 تشير إلى نمو في القطاع، في حين أن عدد أقل من هذا المستوى يشير إلى انكماش.,0.96
تم رفع دعوى قضائية في محاولة لمنع إزالة نصب العشر وصايا من المبنى.,طلب المؤيدون من المحكمة الاتحادية يوم الاثنين منع إزالة نصب العشر وصايا من مبنى القضاء في ولاية ألاباما.,0.64
حصل بريتز على 3.77 مليون دولار من الراتب والمكافأة وغيرها من التعويضات، وحصل كيني على 3.76 مليون دولار.,حصل جونستون على 5.8 مليون دولار من الراتب والمكافأة في عام 2001 كرئيس، وك مستشار بدوام جزئي حصل على مليون دولار في عام 2002.,0.28
تلك الشاحنة رُصدت في منطقة (كامبلز كريك) ، تتناسب مع هذا الوصف، كما قال (موريس).,"شاحنة سوداء أيضاً شوهدت في منطقة ""كامبلز كريك""، كما قال ""موريس"".",0.6
الرئيس (مايكل باول) وزملاؤه في لجنة الاتصالات في جلسة الأربعاء,رئيس لجنة الاتصالات الفيدرالية (مايكل باول) يترأس جلسة الإستماع يوم الإثنين,0.64
ارتفع مؤشر داو جونز الصناعي بنسبة 0.3 في المائة إلى 9.886.75، في حين ارتفع مؤشر ناسداك المركب بنسبة 0.4 في المائة إلى 1.986.97.,في وول ستريت، ارتفع مؤشر داو جونز الصناعي بنسبة 0.5 في المائة إلى 9905.8 وارتفع مؤشر ناسداك المركب بنسبة 0.7 في المائة إلى 1 995.1.,0.36
أوضحت طهران أنها لن توقع على البروتوكول الإضافي الذي يقدم مثل هذه التفتيشات إلا إذا تم رفع حظر استيراد التكنولوجيا النووية الغربية المدنية.,أوضحت طهران أنها لن توقع على البروتوكول إلا إذا تم رفع حظر استيراد التكنولوجيا النووية الغربية السلمية.,0.76
الكونغرس مرّ مرتين من قبل بقيود مماثلة فقط لرؤية الرئيس بيل كلينتون الفيتو لهم.,الكونغرس مرّ مرتين بمشروعات قانون مماثلة، لكن الرئيس آنذاك (كلينتون) استخدم حق النقض (الفيتو) في كلتا المرتين.,0.92
"ولكنني أفضل أن أتحدث عن معايير عالية من معايير منخفضة"".","""أفضل أن أتحدث عن الأرقام الإيجابية بدلاً من السلبية.",0.56
بموجب البرنامج، يعمل المسؤولون الأمريكيون مع سلطات الموانئ الأجنبية لتحديد وإستهداف وتفتيش البضائع عالية الخطورة.,بموجب البرنامج، يعمل المسؤولون الأمريكيون مع سلطات الموانئ الأجنبية للبحث عن البضائع عالية الخطورة قبل أن تصل إلى الولايات المتحدة.,0.85
قال نيلز لمقابلة في عام 1999 أنه يعتقد أن الرجل العجوز سيعيش أكثر منه لسنوات عديدة.,في عام 1999، قبل عامين من وفاته، قال السيد نيلسن لمقابلة أنه يعتقد أن وجه الصخرة سيعيش أكثر منه لسنوات عديدة.,0.6
واحد، الكابتن دوغ ماكدونالد، بقي مستشفى في حالة حرجة يوم الخميس.,شقيقتها البالغة من العمر 20 عاما، أليسون، حُرقت بشدة وبقيت في المستشفى في حالة حرجة.,0.15
"يوم الأربعاء، بلغ إجمالي أعضاء الحرس الوطني والاحتياطي الذين تم استدعائهم للخدمة النشطة في جميع أنحاء العالم 154,603.","حتى يوم أمس، كان العدد الإجمالي للحرس الوطني والقوات الاحتياطية التي تم استدعائها للخدمة في جميع أنحاء العالم يبلغ 154,603.",0.8
خلال فترة ما يقرب من عقد من الزمن، جمع شركاء التسويق عبر الهاتف أكثر من 7 ملايين دولار.,شركات التسويق عن بعد، التي استأجرتها فيتناو، جمعت 7.1 مليون دولار من 1987 إلى 1995.,0.72
جثث رجل (إنفيركارجيل) السابق (وارن كامبل) ، 32 عاماً ورفيق التسلق (جوناثان سميث) ، 47 عاماً تم انتشالهم من أسفل جبل (أركياك) في وقت متأخر من صباح أمس,وارن ديفيد كامبل، 32، ورفيق التسلق جوناثان سميث، 47، لم يعودوا كما هو متوقع يوم الثلاثاء من تسلق جبل D'Archiac في مقاطعة ماكنزي.,0.44
السيد (غيغان) كان يعيش في وحدة الحراسة الوقائية منذ نقله إلى السجن في الثالث من أبريل,قال المسؤولون إنه كان في الحجز الوقائي منذ نقله إلى سوزا بارانوفسكي في أبريل/نيسان.,0.56
"دعم البرنامج الديمقراطي لعام 2000 ""الإدراج الكامل لعائلات المثليين والمثليات في حياة الأمة"".","البرنامج الديمقراطي لعام 2000 لم يدعم بشكل صريح زواج المثليين لكنه دعم ""الإدماج الكامل لعائلات المثليين والمثليات في حياة الأمة"".",0.64
انخفضت أسهمها 71 سنتا، أو 3.5 في المئة، في التداول بعد ساعات التداول إلى 19.55 دولار.,ارتفع السهم 63 سنتا، أو 3 في المئة، لإغلاق عند 20.26 دولار في جلسة تداول ناسداك العادية.,0.25
مئات المراسلين والمصورين أغرقوا ساحة المحكمة قبل الجلسة التي تم بثها على الهواء مباشرة على شبكات الكابل الوطنية.,المئات من المراسلين والمصورين أغرقوا البلدة وكانت الجلسة القصيرة التي شملت خمس مرات لعبة النجوم تم بثها مباشرة على شبكات الكابل الوطنية.,0.6
ارتفعت مبيعات رقائق (إيه إم دي) بنسبة 7 بالمائة على أساس سنوي إلى 402 مليون دولار.,ارتفعت مبيعات الربع الثاني بنسبة 7 في المئة، إلى 645 مليون دولار من 600 مليون دولار في عام 2002.,0.44
(شليا تشيني ويلسون) بدت مضطربة عندما أتت للمساعدة في التحضير للاحتفال القادم بذكرى 104 عاماً لـ (تيرنر مونومنتال أيه إم إي كنيسة) حسبما قال المصلين,قال جماعة كنيسة ترنر التذكارية أن شيليا تشاني ويلسون، 43 عاما، كانت مضطربة عندما جاءت إلى الكنيسة، في حي كيركوود على الجانب الشرقي من المدينة.,0.72
كان الآس الماس في مجموعة من البطاقات التي تصور الهاربين العراقيين التي تم إصدارها للقوات الأمريكية.,كان الآس من الماس في كومة أمريكية من البطاقات تظهر صور أكثر الزعماء العراقيين المطلوبين.,0.8
فاز ميودراغ زيفكوفيتش، من التحالف الليبرالي في الجبل الأسود، بنسبة 31 في المائة من الأصوات، في حين حصل المستقل دراجان هيدوكوفيتش على 4 في المائة.,جاء المتطرف المؤيد للاستقلال، ميودراغ زيفكوفيتش، من التحالف الليبرالي، في المرتبة الثانية بـ 31 في المائة من الأصوات.,0.6
حتى الآن، تم إرجاع جورجيا كل ما عدا 70 ألف دولار من الأموال التي أرسلت,(جورجيا) استعدت كل أموالها باستثناء 70 ألف دولار بمساعدة مكتب التحقيقات الفيدرالي,0.75
أبلغت الدولة الجزرية عن 65 حالة إصابة جديدة في 22 مايو، وهو رقم قياسي في يوم واحد، و 55 حالة إصابة جديدة في 23 مايو، مما يجعل وباء تايوان الأسرع نمواً في العالم.,أبلغت تايوان عن 65 حالة إصابة جديدة في 22 مايو، وهو رقم قياسي في يوم واحد، و55 حالة إصابة جديدة في 23 مايو، مما يجعل وباءها أسرع وباء في العالم.,1.0
تم إيقاف لاعب كابز سامي سوسا لمدة ثماني مباريات من قبل دوري البيسبول الرئيسي يوم الجمعة لاستخدام مضرب مغلق.,تم إيقاف سامي سوسا لثماني مباريات من قبل دوري البيسبول الرئيسي يوم الجمعة لاستخدام المضرب المغطى، وأنه استأنف على الفور القرار.,0.64
تم إعطاء نصف النساء جرعة يومية من الدواء ونصفهم أخذوا دواء وهمي.,نصف النساء تلقين قرص يوميًا من تركيبة هرمون الاستروجين بالإضافة إلى البروجستين بينما تلقيت البقية دواء وهمي.,0.64
عندما أخرجت الشرطة الأربعة من المنزل، كانوا يزنون 136 باوند مجتمعين.,كل صبي كان يزن أقل من 50 باوند عندما أخرجوا من المنزل في 10 أكتوبر,0.6
بينما كان لدى آل (إبراهيم) عملية فصل واحدة، فإن (غودريتش) والدكتور (دايفيد ستافنبرغ) يخططون لثلاثة من أجل آل (أغيري) ، مع عدة أسابيع بين كل منهما.,بدلاً من عملية واحدة طويلة لفصل التوائم، غودريتش والدكتور ديفيد ستافنبرغ تخطط لثلاثة، مع عدة أسابيع بين كل منهما.,0.72
توسعت الشركة لتوفير خدمات أخرى للمشترين، بما في ذلك خدمات الدفع.,وقد وسعت الشركة تلك الخدمات الأساسية، وتقديم الدفع وحتى التمويل.,0.84
قتلت الانفجارات شخصين وأصابت أكثر من 150 آخرين.,هجوم الألعاب الأولمبية في أتلانتا قتل امرأة وأصيب أكثر من 100 شخص آخرين.,0.36
في عام 2001، عين الرئيس بوش كاثي غريغ لمجلس إدارة جمعية تسويق قروض الطلاب.,في عام 2001، عينها الرئيس بوش إلى جمعية تسويق قروض الطلاب، أكبر مقرض للطلاب في الولايات المتحدة.,0.65
لقد واجهت أبرشية بوسطن موجات من الفضائح التي لم تغضب فقط من المدافعين عن الضحايا ولكن الأبرشيين وبعض الكهنة.,موجات الفضيحة أغضبت ليس فقط مدافعي الضحايا ولكن أفراد الأبرشية وبعض الكهنة، لدرجة أن القانون لم يعد بإمكانه إدارة الأبرشية.,0.6
القاضي الفيدرالي في فورت لودرديل أمر باحتجازه بدون كفالة,(زوكاريني) أُمر بالاحتجاز بدون كفالة يوم الأربعاء من قبل قاضٍ فيدرالي في (فورت لودرديل) بولاية فلوريدا,0.6
موقف الوزارة يهدد بعزل المحافظين الاجتماعيين الذين قدموا دعماً سياسياً قوياً للسيد (آشكروفت) والرئيس (بوش).,موقف الوزارة خيب بعض المعارضين للإجهاض، وهو يهدد بعزلة المحافظين الاجتماعيين الذين قدموا دعما سياسيا قويا لأشكروفت والرئيس بوش.,0.75
جنوب أفريقيا لديها أعلى عدد من الحالات في العالم مع 4.7 مليون شخص مصاب بفيروس نقص المناعة البشرية أو الإيدز.,مع 4.7 مليون شخص مصاب بفيروس نقص المناعة البشرية أو الإيدز، جنوب أفريقيا لديها أعلى عدد من حالات الإيدز في العالم.,1.0
في هذا المنصب، (إلياس) سيقدم تقريراً لـ (جو توكي) الرئيس والمدير التنفيذي لشركة (إي إم سي),بصفته نائب الرئيس التنفيذي للمشاريع الجديدة (إلياس) سيقدم تقريراً لـ (جو توكي) الرئيس والرئيس التنفيذي لشركة (إي إم سي),0.68
قائد الجيش الجديد هو الضابط المسؤول عن كتيبة ماساكا المدرعة ، العميد أروندا نيكايريما الذي تمت ترقيته الآن إلى اللواء.,قام الرئيس يوري موسيفيني بترقية العميد أروندا نيكايريما إلى اللواء وعيّنه قائد الجيش.,0.64
تم تأسيس Mailblocks بعد خمس سنوات من استحواذ Microsoft على WebTV مقابل 425 مليون دولار.,تم بيع WebTV إلى مايكروسوفت في عام 1997 مقابل 425 مليون دولار وتسمى اليوم MSN TV.,0.56
تم إعطاء هيئة النقل الحضرية أسبوعين لاستعادة أجرة 1.50 دولار وأسعار السكك الحديدية القديمة، كما أعلن يورك.,تم إعطاء هيئة النقل الحضرية، التي تخطط للاستئناف، حتى 28 مايو لاستعادة أجرة مترو الأنفاق والحافلات القديمة وأسعار السكك الحديدية القديمة.,0.56
"""اليوم، نحاول نقل هذه المشكلة إلى الرئيس الروسي فلاديمير بوتين والرئيس الأمريكي جورج دبليو بوش"".","""اليوم، نحن نحاول نقل هذه المشكلة إلى الرئيس الروسي فلاديمير بوتين (المواقع الإخبارية) والرئيس بوش (المواقع الإخبارية) "".",0.92
تريد الولاية قتل الذئاب في منطقة تبلغ حوالي 1700 ميل مربع بالقرب من قرية ماكجراث,تريد الولاية قتل الذئاب في منطقة تبلغ مساحتها 1700 ميل مربع بالقرب من (ماكجراث) لإنشاء حضانة أيل من نوع ما.,0.64
أخبر (بيترسون) الشرطة أنه كان يصطاد لوحده في خليج (سان فرانسيسكو) عشية عيد الميلاد، وعاد إلى منزل فارغ.,قال (بيترسون) للشرطة أنه ترك زوجته في حوالي التاسعة والنصف صباحاً في 24 ديسمبر للصيد بمفرده في خليج سان فرانسيسكو,0.6
تجاوزت دراسة إمباير ستيت التي أجراها بنك الاحتياطي الفيدرالي التوقعات عن طريق القفز إلى 26.8 في يونيو، وهو مستوى قياسي، من 10.6 في مايو.,كانت الأسعار قد تراجعت من أعلى مستوياتها في الخارج عندما تجاوزت دراسة إمباير ستيت التوقعات عن طريق القفز إلى 26.8 في يونيو ، وهو مستوى قياسي ، من 10.6 في مايو.,0.76
"رئيس المحققين المحقق نورمان ماكينلي قال أن هناك ""أدلة على وجود جثة أو جثث في هذه المنطقة""","المحقق المفتش نورمان ماكينلي، الذي يقود التحقيق، قال: ""هناك دليل على وجود جثة أو جثث في هذه المنطقة.",0.9
رفض رئيس مجلس الإدارة (روبرت بينيت) التعليق على قضايا الموظفين يوم الثلاثاء، كما فعل (ميلز).,السيد (ميلز) رفض التعليق بالأمس، قائلاً أنه لم يناقش أبداً أمور الموظفين.,0.6
قال الجنرال (جيفري) أنه سيتبرع بتقاعداته العسكرية للجمعيات الخيرية خلال فترة توليه منصبه في (يارالوملا),قال الرائد الجنرال (جيفري) أنه سيعطي معاشه العسكري للجمعيات الخيرية بينما كان يخدم في (يارالوملا),0.95
مدير فريق تامبا باي لو بينيلا و مدرب المقاعد جون ماكلارين و الملاعب الأيمن أوبري هاف تم طردهم بسبب الجدال بعد أن تم استدعاء هاف على الضربات لإنهاء التاسعة.,مدرب (تامبا باي) (لو بينيلا) مدرب المقاعد (جون ماكلارين) و (هاف) تم طردهم جميعاً في منتصف الدور التاسع,0.76
تمتلك الشركة خمسة مصافي نفط وأكثر من 2100 محطة وقود في روسيا وأوكرانيا.,لدى TNK-BP ست وحدات لإنتاج النفط وخمس مصافي و 2100 محطة وقود.,0.6
تغييرات أخرى في الخطة تحسين رؤيته الأصلية، قال ليبسكيند.,العديد من التغييرات هي تحسينات على الخطة الأصلية، قال ليبسكيند.,0.92
النائب (بيتر دويتش) انتقد جهود إدارة الغذاء والدواء في فلوريدا,(بيتر دويتش) الديمقراطي من ولاية (فلوريدا) قال أنه يريد أن يهنئ إدارة الأغذية والعقاقير,0.4
هناك الآن 37 حالة محتملة نشطة في منطقة غرينتون، مقارنة بـ 70 حالة في 6 يونيو.,وعلى الصعيد العالمي، انخفض عدد الحالات المحتملة النشطة إلى 573.,0.3
قتل سارس 296 شخصاً في البر الرئيسي للصين وأصيب أكثر من 5200.,في جميع أنحاء البر الرئيسي للصين ، قتل المرض 300 شخص وأصيب أكثر من 5،270.,0.64
يحتوي Finder المعاد تصميمه أيضًا على البحث والعلامات الملونة للتنظيم المخصص للمستندات والمشاريع والتصفح الديناميكي للشبكة لخدمات ملفات Mac و Windows و UNIX.,كما أنه يدعم العلامات الملونة لتنظيم المستندات بشكل أفضل ، والتصفح الديناميكي للشبكة لخوادم ملفات Mac و Windows و Unix.,0.6
المحامي الذي يمثل شركة (تورتش كونسبتس) (ريتش مارسدن) لم يرد على المكالمات الهاتفية المتكررة,المسؤولون مع الشعلة و JetBlue لم يرد على المكالمات الهاتفية المتكررة من نيوز ميركوري تسعى التعليق.,0.55
لقد تمت إخصائه طوعاً في عام 2001، عملية يزعم أنها أزالت قدرته على الإثارة الجنسية.,(ديفريز) ، الذي تم إخصائه طوعاً في أغسطس 2001، قال أن الجراحة أزالت قدرته على الإثارة الجنسية.,0.9
ارتفع مركب سوق ستاندرد آند بورز وتس إكس 87.74 نقطة خلال الأسبوع، في حين ارتفع مركب سوق تيس إكس فنتشر إكس 44.49 نقطة.,خلال الأسبوع، ارتفع متوسط مؤشر داو جونز الصناعي 11.56 نقطة، بينما ارتفع سوق الأسهم ناسداك 39.42 نقطة.,0.2
في المقابل سوف SuSE ترخيص جافا 2 النسخة القياسية في حين أيضا إضفاء الطابع الرسمي على اتفاقية موجودة لتوزيع سان جافا الآلة الافتراضية لتشغيل تطبيقات جافا.,ستمنح SuSE التي تتخذ من نورمبرغ ، ألمانيا مقراً لها ترخيص Java 2 Standard Edition (J2SE) من Sun وستقوم بشحن آلة Java الافتراضية من Sun عبر خط برامج Linux الخاص بها.,0.75
تشكلت طوابير طويلة خارج محطات الوقود وسارع الناس للحصول على المال من أجهزة الصراف الآلي يوم الأحد بينما كان الإسرائيليون يستعدون لمواجهة الإضراب الذي هدد بتشلل البلاد.,تشكلت طوابير طويلة يوم الأحد خارج محطات الوقود وسارع الناس للحصول على المال من أجهزة الصراف الآلي بينما كان الإسرائيليون يستعدون لآثار الإضراب.,0.9
انخفض مؤشر ناسداك المركب الثقيل في التكنولوجيا 3.99، أو 0.2 في المئة، إلى 1.682.72، بعد فوز يومين من 55.93.,انخفض مؤشر ناسداك المركب المرتبط بالتكنولوجيا .IXIC بمقدار 8.52 نقطة، أو 0.51 في المائة، إلى 1.670.21.,0.3
"نحن لا نعرف ما إذا كان أي منهم سيكون سارس، ""قال الدكتور جيمس يونغ، مفوض أونتاريو للسلامة العامة.","قال الدكتور جيمس يونغ، مفوض أونتاريو للسلامة العامة: ""نحن في حالة حذر شديد"".",0.4
تجاوزت مبيعات الربع التوقعات، حيث ارتفعت بنسبة 37 في المائة على أساس سنوي إلى 1.76 مليار يورو.,ارتفعت المبيعات بنسبة 37% على أساس سنوي إلى 1.76 مليار، متجاوزة التوقعات.,0.8
قالت الشركة أنها ستصدر توجيهات معدلة للسنة المالية الكاملة الشهر المقبل عندما تصدر نتائج الربع الثاني.,قالت الشركة إنها ستجدد توقعاتها لعام 2003 عندما تعلن عن نتائج الربع الثاني في منتصف يوليو.,0.64
"""لم نقرر ما إذا كنا سنستخدم خطًا أبيضًا غير مقطوع أو مقطوعًا ، لكن هذه تجربة تستحق الإدخال"" ، قال ديفيد ريتشاردسون ، مدير الكريكيت في ICC.","""لم نقرر ما إذا كنا سنستخدم خطًا أبيضًا غير مقطوع أو مقطوعًا"" ، قال ديف ريتشاردسون ، مدير الكريكيت في ICC.",0.8
سينسيكي يتقاعد الأربعاء بعد مهنة 38 عاما شملت القتال في فيتنام ورئيس جهود حفظ السلام الأمريكية في البوسنة.,شملت مهنة شينسيكي القتال في فيتنام ورئيس جهود حفظ السلام الأمريكية في البوسنة.,0.6
أرسلت الإدارة أيضًا عينات من الماء والتربة إلى مختبر الصحة الحكومي.,يتم إرسال عينات المياه إلى إدارة الصحة لتحليلها,0.65
"""لكن هذا لا يبرئهم من التزامهم بفعل كل شيء ممكن لحماية المدنيين، وهذا ليس ما نراه"".","""لكن هذا لا يبرئهم من مسؤوليتهم للقيام بكل ما في وسعهم لتقليل الأذى المدني"".",0.68
روس جاربر، محامي رولاند، قال الثلاثاء انه سيحضر الاجتماع وسوف يطلب التحدث عن هذه القضية.,(روس غاربر) ، المستشار القانوني لـ (رولاند) قال أن الحاكم لن يعلق على صفقة الشقق,0.4
في السابق كان قد رأى الميكانيكي المبتسم من شرق جاوة فقط على التلفزيون.,السيد (هيوز) رأى وجه (أمروزي) على التلفاز الصور الشهيرة للميكانيكي المبتسم من شرق (جاوة),0.68
بعد عامين، ستبدأ تغطية التأمين.,بموجب الاتفاقية، ستبدأ تغطية الرعاية الطبية لمزايا الأدوية في عام 2006.,0.56
تظهر صور الأقمار الصناعية التابعة لوكالة ناسا أن الجليد في القطب الشمالي يتقلص بمعدل 10% تقريباً في العقد الماضي.,وجد الباحثون أن الجليد البحري في القطب الشمالي يختفي بمعدل 9 في المئة كل عقد.,0.64
"""المنتجات التكنولوجيا الحيوية، إذا كان أي شيء، قد تكون أكثر أمانا من المنتجات التقليدية بسبب كل الاختبارات،"" وقال فرالي، مضيفا أن 18 دولة اعتمدت التكنولوجيا الحيوية.","""المنتجات التكنولوجيا الحيوية، إذا كان أي شيء، قد تكون أكثر أمانا من المنتجات التقليدية بسبب كل الاختبارات،"" قال روبرت فرالي، نائب الرئيس التنفيذي لشركة مونسانتو.",0.64
معلّم معتمد على المستوى الوطني مع درجة الماجستير، كيلي يحصل على راتب 65 ألف دولار في عامه الثلاثين.,معلّم معتمد على المستوى الوطني مع درجة الماجستير، كيلي، في عامه الثلاثين في التدريس، يجني 65 ألف دولار.,0.95
في فيينا، قالت الوكالة الدولية للطاقة الذرية أن البرادعي سيقبل الدعوة، على الرغم من عدم تحديد موعد بعد.,في فيينا، قالت الوكالة الدولية للطاقة الذرية يوم الاثنين إن البرادعي قبل دعوة إيران، لكنها قالت إنه لم يتم تحديد موعد بعد.,0.65
بدأ الوباء في نوفمبر في مقاطعة قوانغدونغ في البر الرئيسي، لكن جمهورية الصين الشعبية رفضت الإبلاغ بصراحة عن انتشاره لمدة أربعة أشهر.,بدأ الوباء في جمهورية الصين الشعبية في مقاطعة غواندونغ في نوفمبر، لكن حكومة الحزب الشيوعي رفضت الإبلاغ بصراحة عن انتشاره لمدة أربعة أشهر.,0.85
(دروس) سيواجه تهم القتل، قال (كونتي).,(كونتي) قال أن (دروس) سيتم اتهامه بجريمة قتل,1.0
بالمقارنة مع 35.18 مليون دولار، أو 24 سنتا للسهم الواحد، في الفترة من العام الماضي.,الأرباح تأثرت بفائدة ضريبية غير متكررة بقيمة 8 ملايين دولار في الفترة السنوية السابقة,0.32
(نيك ماركاكيس) ، أعسر من كلية (يانغ هاريس جونيور) في (جورجيا) ، ذهب إلى فريق (أوريولز) مع الاختيار السابع.,بعد ذلك، أخذت بالتيمور نيك ماركاكيس، رامي اليد اليسرى واللاعب الخارجي من جامعة يونغ هاريس جونيور في جورجيا.,0.76
"ما زلنا نأمل أن توافق المدينة على العمل معنا والانخراط في مناقشات حسن نية حول هذه القضية"".","قال (ألهارت) أن الحاكم ""لا يزال يأمل أن تواصل المدينة العمل معنا والانخراط في مناقشات حسن النية"".",0.7
بعض النساء يشعرن بالقلق أيضاً لأن الكثير من النساء يتحولن إلى جراحة التجميل بحثاً عن الكمال الجسدي.,بعض النساء يعبرن ايضا عن قلقهن حيال مجتمع يتحول فيه اكثر الناس من اي وقت مضى الى جراحة التجميل بحثا عن الكمال الجسدي.,0.95
تم الإبلاغ عن الإشعار لأول مرة يوم الجمعة من قبل MSNBC.,قناة (إم إس إن بي سي) أول من أبلغ عن طلب وكالة المخابرات المركزية يوم الجمعة.,0.6
ومع ذلك، لا توجد صورة لـ (بيتر هولينجورث) في عدد يونيو الذي فحصته صحيفة (هيرالد) أمس.,لكن لا توجد صورة للدكتور (هولينجوورث) في عدد يونيو من المجلة التي راجعتها صحيفة (ذا إيج) البارحة,0.6
"""نستمر في العمل مع السعوديين على هذا، لكنهم لم، في وقت هذا الحدث المأساوي، توفر الأمن الإضافي طلبنا"".","""لكنهم لم يقدموا، في وقت هذا الحدث المأساوي المحدد، الأمن الذي طلبناه""، قال السيد جوردان.",0.65
بيان صدر عن DEI قال الأخضر سوف تبدأ قيادة السيارة على أساس مؤقت بدءا من الأسبوع المقبل في ونستون المفتوحة في لوي السيارات السريعة.,أُعلن أن (غرين) سيحل محل (بارك) في سيارة الشيفروليه رقم 1 لشركة (دايل إيرناردت) بدءاً من سباق (وينستون أوبن) في سباق (لو) السريع الأسبوع المقبل,0.65
خصم كوستا في نصف النهائي هو الإسباني خوان كارلوس فيريرو، الذي هزمه في نهائي العام الماضي.,(كوستا) سيواجه (خوان كارلوس فيريرو) في المباراة القادمة في إعادة لنهائيات العام الماضي,0.75
يعتقد الأطباء أن هرمون الاستروجين الموجود في الجسم يحمي من تلف الخلايا ويحسن تدفق الدم.,اعتقادهم كان مبنيًا على تكهنات بأن هرمون الاستروجين يمنع تلف الخلايا ويحسن تدفق الدم.,0.85
"أضاف مؤشر ناسداك المركب المرتبط بالتكنولوجيا <.IXIC> 8.27 نقطة، أو 0.51 في المائة، إلى 1,633.53.",ارتفع مؤشر ستاندرد آند بورز 500 الأوسع نسبة 4.3 نقطة، أو 0.44 في المئة، إلى 980.52 نقطة.,0.24
لم يتم الإبلاغ عن أي أمريكيين بين الضحايا، وفقًا للقائد (مايكل كالفرت) ، المتحدث باسم الفوج.,لا أحد من الضحايا كان أمريكي، قال الكابتن مايكل كالفرت، المتحدث باسم الفوج.,1.0
نعتقد أن لديهم الحق في الاختيار.,"""نعتقد أن عملاء PeopleSoft يستحقون الحق في الاختيار""، قال إليسون.",0.6
"""لقد وجدنا الأدلة الدامغة"" قال عضو مجلس التحقيق سكوت هوبارد","""لقد وجدنا البندقية المدخنة،"" قال هوبارد، مدير مركز أيمز للأبحاث التابع لوكالة ناسا في كاليفورنيا.",0.72
"""هذا الطفل تم إهماله حرفياً حتى الموت"" قال المدعي العام في مقاطعة أرمسترونغ سكوت أندرياسي.",المدعي العام في مقاطعة (أرمسترونغ) (سكوت أندرياسي) قال أن العديد من الصور العائلية في المنزل لم تشمل (كريستين),0.36
قالت مايكروسوفت يوم الجمعة إنها توقف تطوير إصدارات ماكنتوش المستقبلية من متصفح إنترنت إكسبلورر، مشيرة إلى المنافسة من متصفح سفاري من أبل كومبيوتر.,سوف تتوقف مايكروسوفت عن تطوير إصدارات من برنامج متصفح الإنترنت إكسبلورر لأجهزة الكمبيوتر ماكنتوش، قائلة أن سفاري من أبل هو الآن كل ما تحتاجه أبل.,0.8
لم يتم إلقاء القبض على (تشابمان) على الفور ومن المتوقع أن يظهر للتهمة في الثالث من يوليو,السيد (تشابمان) ، الذي لم يُعتقل، من المتوقع أن يظهر للادعاء يوم الخميس القادم، حسبما قال المدعون.,0.76
جمع الرئيس بوش رقما قياسيا 49.5 مليون دولار لحملته لإعادة انتخابه خلال الأشهر الثلاثة الماضية، مع مساهمات من 262،000 الأمريكيين، قال رئيس حملة الرئيس الثلاثاء.,جمع الرئيس بوش 83.9 مليون دولار منذ بدء حملة إعادة انتخابه في مايو، ولديه 70 مليون دولار من ذلك المتبقي لإنفاق، وقال حملته الثلاثاء.,0.48
السلطات في (أوهايو) و (إنديانا) و (ميشيغان) بحثت عن الجثث,حتى الآن، قامت السلطات بتفتيش مناطق في (بنسلفانيا) و (أوهايو) و (إنديانا) و (ميشيغان),0.56
"وقال إن الحكومات الأوروبية ""منعت جميع المحاصيل العضوية الجديدة بسبب مخاوف لا أساس لها وغير علمية.","""لقد منعوا جميع المحاصيل الحيوية الجديدة بسبب مخاوف لا أساس لها وغير علمية""، قال بوش.",0.64
"كان أحد الأسئلة هو ما إذا كانت فرنسا، التي أغضبت واشنطن بقيادتها في الاتهام ضد تفويض الأمم المتحدة للحرب، ستصوت بـ ""نعم"" أو ستمتنع عن التصويت.",فرنسا، التي أغضبت واشنطن بقيادتها في الاتهام ضد موافقة الأمم المتحدة على الحرب، سعت أيضاً إلى تغييرات.,0.6
"المدعي العام في مقاطعة لوزرن ديفيد لوباس قال في مؤتمر صحفي يوم الاثنين أن السلطات ""تواصل إحراز تقدم كبير"" في القضية.","لم يتم توجيه أي اتهامات لهذه الوفيات، لكن المدعي العام في مقاطعة لوزرن (ديفيد لوباس) قال إن السلطات ""تواصل إحراز تقدم كبير"" في القضية.",0.68
مجلس المؤتمرات الأمريكي قال أن أحدث مقياس له للثقة في الأعمال التجارية وصل إلى 60 بعد أن انخفض إلى 53 في استطلاع الربع الأول.,قال مجلس المؤتمر أن مقياس ثقته في الأعمال التجارية، الذي انخفض إلى 53 في الربع الأول من عام 2003، تحسن إلى 60 في الربع الثاني الأخير.,0.76
ممثليها القانونيين بدأوا في الاجتماع مع محامي المدعين الأسبوع الماضي لمناقشة التسوية,المحامون لكل من الأبرشية والمدعين بدأوا الاجتماع الأسبوع الماضي للوصول إلى تسوية خارج المحكمة.,0.65
سيكون على كبار السن بعد ذلك أن يدفعوا 50 في المائة من تكاليف الأدوية تصل إلى 3450 دولار.,فوق ذلك، ستدفع الرعاية الطبية 90 في المئة من جميع تكاليف الأدوية.,0.3
أعلن رجل الأعمال الرائع عن الخطة بعد اجتماع في لندن مع وزير السياحة الأسترالي جو هوكي.,كان السير ريتشارد يتحدث بعد اجتماع في لندن مع وزير السياحة الأسترالي جو هوكي.,0.56
"بيعت السندات الحكومية بشكل حاد بعد أن أخبر غرينسبان الكونغرس يوم الثلاثاء أن الاقتصاد الأمريكي ""يمكن أن يبدأ في فترة من النمو الممتد"".","أخبر غرينسبان الكونغرس يوم الثلاثاء أن الاقتصاد الأمريكي ""يمكن أن يبدأ في فترة من النمو المستمر"".",0.64
بالنسبة لكاثي نيكولو (جينيفر كونلي) ، البيت يعني الاستقرار والأسرة.,كاثي نيكولو (جينيفر كونلي) يائسة من أن عائلتها لا تكتشف أن حياتها قد انهارت,0.4
مؤشر معهد إدارة الإمدادات للنشاط غير التصنيعي ارتفع بشكل غير متوقع في أبريل، حسبما ذكرت التقارير.,قال معهد إدارة الإمدادات إن مؤشر النشاط غير التصنيعي ارتفع إلى 50.7 من 47.9 في مارس.,0.68
"وافقت المتحدثة باسم منظمة الصحة العالمية ماريا تشنغ، قائلة: ""يبدو أنه حدث معزول"".","قالت المتحدثة باسم منظمة الصحة العالمية ماريا تشنغ: ""يبدو أنه حدث معزول"".",0.92
الشرطة قالت أن أطفالها الصغار كانوا وحيدين في الشقة لمدة يومين,قالت الشرطة أن أطفالها الصغار كانوا وحيدين هناك لمدة يومين بينما كانت ميتة.,0.65
الكاهن، القس (جون إف جونستون) ، 64 عاماً، من الجادة 35 في (جاكسون هايتس) ، اتُهم بالتحرش الشديد وحيازة سلاح.,القس (جون جونستون) البالغ من العمر 64 عاماً متهم بمضايقة بالغة في قضية المكالمة الهاتفية وحيازة سلاح جنائياً، وفقاً لبيان الشرطة.,0.75
التسوية تتضمن 4.1 مليون دولار في رسوم المحامين والنفقات.,محامو المدعين سيحصلون على 4.1 مليون دولار من التسوية,0.9
"ثلاثة أصوات ""لا"" ستقضي عليه الآن",سيستغرق الأمر ثلاثة أصوات لقتل توسع ACC.,0.73
حوالي 660 سجين من 42 دولة، بما في ذلك كندا، محتجزون، العديد منهم أسرى خلال الحرب في أفغانستان ضد شبكة القاعدة.,حوالي 660 سجين من 42 دولة محتجزون في القاعدة البحرية في خليج غوانتانامو الكثير منهم أسرى خلال الحرب ضد القاعدة في أفغانستان,0.67
للوصول إلى (جون أ. دفوراك) ، الذي يغطي (كانساس) ، اتصل بالرقم (816) 234-7743 أو أرسل بريد إلكتروني إلى jdvorak@kctar.com.,للوصول إلى براد كوبر، المراسل البلدي لمقاطعة جونسون، اتصل على (816) 234-7724 أو أرسل بريد إلكتروني إلى bcooper@kcstar.com.,0.2
المدعي (جيم هاردين) وصف القرار بأنه انتصار لعائلة (كاثلين بيترسون),أفراد عائلة (كاثلين بيترسون) لم يكونوا موجودين,0.2
"""والآن هو أي شيء يريد أن يقوله"" أليشا بادجلي، مديرة الإجتماعية لمركز التمريض وإعادة التأهيل في مقاطعة ستون، قالت هذا الأسبوع.","""والآن هو أي شيء يريد قوله"" أكدت المدير الاجتماعي لمركز التمريض وإعادة التأهيل في مقاطعة ستون أليشا بادجلي.",1.0
الطائفة الوطنية للكنيسة الأسقفية، مع 2.3 مليون عضو، هو فرع الولايات المتحدة من 77 مليون عضو الطائفة الأنجليكانية.,الكنيسة الأسقفية، مع 2.3 مليون عضو، هو الفرع الأمريكي من الطائفة الانجليكانية في جميع أنحاء العالم، التي لديها 77 مليون من الأعضاء.,1.0
"""أشعر بالثقة في القول بأن شركة ""إتش بي"" لم تعد قصة تكامل""، قالت فيورينا.","""لا يزال لدينا الكثير للقيام به، ولكن أشعر بالثقة بأن شركة ""إتش بي"" لم تعد قصة التكامل"".",0.68
اعتقلت الشرطة البريطانية 21 شخصاً في وقت مبكر من يوم الثلاثاء فيما يشتبه بأنه قتل طقوسي لصبي أفريقي عثر على جسده في نهر التايمز.,قامت الشرطة باعتقال 21 شخصاً على خلفية مقتل طفل نيجيري شاب تم العثور على جسده بدون رأس وأطراف عائماً في نهر التايمز.,0.7
في وقت متأخر من بعد الظهر، ارتفع مؤشر داو جونز الصناعي 12.81، أو 0.1 في المئة، إلى 9331.77، بعد أن ارتفع 201 نقطة يوم الاثنين إلى أعلى مستوى له منذ يوليو 2002.,في التداول الصباحي، انخفض متوسط مؤشر داو جونز الصناعي 8.76، أو 0.1 في المئة، إلى 9.310.20، بعد أن اكتسب 201 نقطة يوم الاثنين.,0.25
(إيريك غاني) رمى التاسع المثالي لإنقاذه الثالث والعشرين في نفس عدد الفرص,غاني ضرب اثنين في بداية التاسعة المثالية لإنقاذ 23 له.,0.65
أغلقت الأسهم في بورصة ناسداك أقل بقليل من أعلى مستوياتها في 52 أسبوعاً، عند 32.17 دولار، بزيادة 1.54 دولار.,"أغلق تداول أسهم ""إيكوستار"" الثلاثاء عند أعلى مستوى في 52 أسبوعاً عند 32.17 دولار، بزيادة 1.54 دولار.",0.65
(جانيس كيلي) قالت أن زوجها تلقى تأكيدات من كبار المسؤولين في وزارة الدفاع بأن اسمه لن يعلن.,قالت للمحققين أن زوجها تلقى تأكيدات من مدير خطه ومسؤولين كبار في الوزارة أنه عندما يتقدم لن يتم الإفصاح عن اسمه.,0.75
إذا تمت إدانتهم، فإنهم يواجهون ما يصل إلى خمس سنوات في السجن وغرامة 250،000 دولار على كل من 11 تهمة.,إذا تمت إدانتهم، يواجه كل منهم ما يصل إلى خمس سنوات في السجن وغرامة قدرها 250،000 دولار أو أكثر بناءً على مبلغ المكاسب المعنية.,0.65
انخفضت أسعار عائدات سندات الشركات الأمريكية في التداول المتقلب يوم الجمعة بينما عملت وول ستريت على الوقوف على قدميها بعد أكبر انقطاع للكهرباء في أمريكا الشمالية.,ارتفعت الأسهم الأمريكية قليلاً يوم الجمعة، مع إعادة تنظيم وول ستريت بعد أكبر انقطاع للكهرباء في أمريكا الشمالية.,0.72
تم الإخلاء بسلاسة، على الرغم من أن الركاب لم يُخبروا بما يجري، كما قال (هانت).,تم إجلاء الركاب بسلاسة، على الرغم من أنهم لم يُخبروا بما يجري، كما قال.,0.88
بين عامي 1993 و 2002، تم الإبلاغ عن 142 اتهامات بالاعتداء الجنسي.,بين عامي 1993 و 2002، تم الإبلاغ عن 142 اعتداء جنسي في الأكاديمية.,0.72
"(سميث) قال ببساطة ""يا إلهي"" في الثواني التي تلت ذلك، وفقاً لـ (واينشال).","في الثواني بعد التحطم، وأضافت، قال الكابتن سميث ببساطة، ""يا إلهي"".",0.75
قال (كولي) أنه يتوقع أن يتم استدعاء (محمد) على نحو مماثل كشاهد في جلسة استماع ما قبل المحاكمة لـ (مالفو).,سيتم استدعاء (لي بويد مالفو) كشاهد يوم الأربعاء في جلسة استماع ما قبل المحاكمة لزميله القناص المشتبه به (جون آلن محمد),0.5
"""لقد غادرنا حقاً بإبتسامة على وجهه وبدون كلمات أخيرة""، قالت ابنته ليندا هوب.","""لقد غادرنا حقاً مع ابتسامة على وجهه وبدون كلمات أخيرة ... لقد أعطى كل واحد منا قبلة وهذا كل شيء"" ، قالت.",0.65
ويمكن أيضا أن يمنع بشكل دائم من صناعة الأوراق المالية.,يواجه (يونغ) غرامة أو إيقاف أو إبعاد دائم عن صناعة الأوراق المالية,0.67
"""كانوا زوجين ملهمين، غير أنانيين وشجاعين""، قال مخرج الفيلم الحائز على جائزة الأوسكار.","قال: ""كانا زوجين ملهمين، غير أنانيين وشجاعين.",0.6
الضحية الثانية، (مايكل ووكر) ، 23 عامًا، أصيب في الجذع، الرصاصة ثقبت رئته.,الضحية الأخرى، (مايكل ووكر) من 550 شارع (باربي) ، أصيب في الرقبة,0.44
في مقابلة، اعترف هيللي، وهو خبير في علم الجريمة، بأن الكثير من المشاعر بين المشرعين هنا وفي جميع أنحاء البلاد كانت حذراً من عقوبة الإعدام.,في مقابلة، السيدة هيلي، التي هي عالمة جرائم، قال العديد من المشرعين هنا وفي جميع أنحاء البلاد تشارك الحذر نحو عقوبة الإعدام.,0.92
قالت القاضية التنفيذية في مقاطعة (فرانكلين) (تيريزا بارتون) أن رجل إطفاء أصيب بالبرق ونقل إلى مركز (فرانكفورت) الطبي الإقليمي,رجل إطفاء مقاطعة، أصيب بالبرق وكان في حالة مستقرة في المركز الطبي الإقليمي فرانكفورت.,0.64
أكد المتحدث باسم الشرطة اللواء إدوارد أريتونانغ يوم السبت أن اثنين آخرين تم اعتقالهم، أحدهما في جاكرتا والآخر في ماغلانغ، جاوة الوسطى.,أكد البريجادير جنرال إدوارد أريتونانغ، المتحدث باسم الشرطة، أمس أن اثنين آخرين قد ألقي القبض عليهم، أحدهما في جاكرتا والآخر في ماجلانج، جاوة الوسطى.,1.0
القاضي الفيدرالي (ويليام باربور) قال يوم الثلاثاء أنه فرض العقوبة القصوى لأن (أفانتس) لم يظهر أي ندم على القتل الوحشي,القاضي المقاطعي الأمريكي (ويليام باربور) قال أنه فرض الحد الأقصى لأن (أفانتس) لم يظهر أي ندم.,0.72
حوالي 120 من المحلفين المحتملين طُلب منهم ملء استبيان طويل,تم إحضار أعضاء هيئة المحلفين إلى قاعة المحكمة في مجموعات من 40 وطلب منهم ملء استبيان.,0.64
خمسة من أعضاء هيئة المحلفين البديلين تم اختيارهم أيضا، مع مجموعة واحدة نهائية ليتم اختيارها صباح الجمعة من لجنة التحكيم.,خمسة من أعضاء هيئة المحلفين البديلين تم اختيارهم أيضا، مع اختيار البديل السادس يوم الجمعة.,0.92
مكتب الزراعة في كاليفورنيا لم يرد على المكالمات للحصول على تعليق.,لم يكن لدى مكتب الزراعة في كاليفورنيا على الفور رد رسمي على حكم يوم الثلاثاء.,0.76
لكن رئيس الوزراء قال لبي بي سي أنه لا يزعج من استطلاعات الرأي وأنه سيستمر في فعل ما يعتقد أنه صحيح.,قال أنه لا يزعج من استطلاعات الرأي وأنه سيستمر في فعل ما يعتقد أنه صحيح، في كل من السياسة الخارجية والداخلية.,0.68
الجنرال (ساتلر) يقود قوة عمل مشتركة مقرها على سفينة في خليج عدن والمحيط الهندي,الجنرال (ساتلر) يقود قوة عمل مشتركة على متن سفينة القيادة (ماونت ويتني),0.72
"كان محللو ""وول ستريت"" يتوقعون 22 سنتاً للسهم، وفقاً لـ ""تومسون فيرست كول"".",كانت النتائج 3 سنتات للسهم أقل من توقعات المحللين الذين شملهم استطلاع Thomson First Call.,0.44
"الحكم القانوني يأتي بعد ثلاثة أيام من التكهنات المكثفة أن شركة ""هيوليت-باكارد"" قد تقدم عروضاً للشركة",القرار القانوني يأتي بعد ثلاثة أيام من التقلبات البرية في أسهم ريم على التكهنات بأن عملاق أجهزة الكمبيوتر الشخصية هيوليت-باكارد قد تكون العطاءات للشركة.,0.72
تم نشر النتائج في عدد 1 يوليو من Annals of Internal Medicine.,النتائج تنشر اليوم في مجلة الطب الداخلي,0.76
التدابير يمكن أن تتخذ من قبل مجلس الشيوخ بأكمله في وقت مبكر من يوم الجمعة.,قال (راتليف) إنه يأمل في تقديم الإجراءات إلى مجلس الشيوخ بحلول يوم الجمعة.,0.8
المتحدث باسم شركة (إنرون) (إريك ثود) رفض التعليق على أمر الوساطة,"""نعتقد أنها أخبار عظيمة""، قال المتحدث باسم شركة إنرون إريك ثود.",0.35
يعتقد محللو وزارة العمل أن إحصائيات الرواتب من مسح الشركات توفر صورة أكثر دقة للاقتصاد لأن أرقام المسح تستند إلى عينة أكبر.,قال المحللون إنهم يعتقدون أن إحصاءات الرواتب توفر صورة أكثر دقة للاقتصاد لأنها تستند إلى عينة أكبر.,0.8
يريد والداها أن تبقى على قيد الحياة؛ زوجها يقول أنها لم ترغب أبداً في أن تبقى على قيد الحياة بشكل اصطناعي.,(مايكل شيافو) جادل بأن زوجته لم ترغب أبداً بأن تبقى على قيد الحياة بشكل مصطنع,0.56
"في وقت سابق، قال لـ فرنسا إنتر راديو، ""أعتقد أننا الآن يمكن أن نصف ما يحدث بأنه وباء حقيقي"".","""أعتقد أنه يمكننا الآن أن نعتبر ما يحدث وباءً حقيقيًا""، قال وزير الصحة جان فرانسوا ماتاي على راديو فرانس إنتر.",0.64
تيري شيفو، 39، من المتوقع أن يموت في وقت ما في الأسبوعين المقبلين في مصحة تامبا المنطقة حيث أمضت السنوات القليلة الماضية.,تيري شيفو، 39، خضعت للعملية في ممرضة منطقة خليج تامبا حيث كانت تعيش لعدة سنوات، قال والدها، بوب شيندلر.,0.36
قبل الانضمام إلى كوداك، عمل بالومبو في شركة بروكتر آند غامبل، حيث كان يدير منتجات مثل فولجرز وشامبو بانتين.,قبل انضمامه لشركة إيستمان كوداك، شغل السيد بالومبو مناصب رئيسية في مجال التسويق في شركة بروكتر آند جامبل.,0.75
السيد (ماكديفيت) تم منحه السيطرة على ثلاثة جوانب حاسمة للشرطة في جزر (سولومون),السيد (ماكديفيت) مُنح السيطرة على ثلاثة جوانب للشرطة من قبل المفوض (ويليام موريل).,0.75
المسؤولون في سباق (نورث كارولينا) في (روكنجهام) لم يتمكنوا من الوصول إليهم,مسؤولي ناسكار لم يتمكنوا من الوصول للتعليق يوم الثلاثاء.,0.58
قالوا أن الطفل تم نقله إلى مركز (ناساو) الطبي للمراقبة,"تم نقل الصبي إلى مركز جامعة ناساو الطبي حيث قال الموظفون أنه ""بخير""",0.68
"تيشا كريسلر، المتحدثة باسم ""جلوبال كروسنج""، رفضت التعليق.","لم يكن لدى ممثل ""جلوبال كروسينج"" أي تعليق على الفور.",0.72
كما نظمت النقابات إضرابًا لمدة خمسة أيام في مارس أجبرت جميع قاعات تناول الطعام في جامعة ييل على الإغلاق باستثناء واحدة.,كما نظمت النقابات إضرابًا لمدة خمسة أيام في مارس/آذار؛ سبق الإضرابات ثمانية من آخر 10 عقود.,0.52
قال الحاكم ريك بيري أنه في حين أنه يعارض توسيع المقامرة، وقال انه سيكون مترددا في الفيتو استمرار لجنة اليانصيب.,"الحاكم ريك بيري يعارض التوسع في المقامرة لكنه قال أنه سيكون ""مضغوط بشدة"" للفيتو على مشروع قانون غروب اليانصيب.",0.76
في منتصف التداول بعد الظهر، ارتفع مؤشر ناسداك المركب 8.34، أو 0.5 في المئة، إلى 1.790.47.,"انخفض مؤشر ناسداك المركب .IXIC 8.59 نقطة، أو 0.48 في المئة، إلى 1,773.54.",0.32
في كنتاكي، الديمقراطي المدعي العام بن تشاندلر يواجه النائب ايرني فليتشر.,كنتاكي: الجمهوري إرني فليتشر، عضو مجلس النواب لثلاث فترات، يقاتل النائب العام الديمقراطي بن تشاندلر.,0.76
انخفض متوسط داو جونز الصناعي 98.32، أو حوالي 1.1 في المئة، إلى 9011.53.,المتوسط الصناعي لداو جونز أنهى اليوم بانخفاض 98.32 نقطة إلى 9.011.53,0.68
خطة إنرون 401 (ك) شملت حوالي 20000 من العمال والمتقاعدين والمستفيدين.,أسهم إنرون تضمنت ما يصل إلى 61% من محافظ 401 (ك) للعمال.,0.5
تجاوزت لجنة القضاء في مجلس الشيوخ الأمريكي عقبة كبيرة أمس في المعركة لإنشاء صندوق ائتماني لدفع تعرض ضحايا الأسبستوس.,لجنة القضاء في مجلس الشيوخ يوم الثلاثاء تجاوزت عقبة كبيرة في المعركة لإنشاء صندوق ائتماني لدفع ضحايا التعرض للأسبستوس ولكن العقبات الأكثر صعوبة تبقى.,0.75
لكنها لم تقل إن كانت ستشهد على موازنة السنتين 117.4 مليار دولار لعام 2004-05.,قالت أنها لم تعرف بعد ما إذا كانت ستشهد على الميزانية.,0.63
سيكون من الصعب المبالغة في تقدير المخاطر المحتملة لمكالمة الإجراءات عن بعد (RPC).,يتضمن الثغرة بروتوكول استدعاء الإجراء عن بعد (RPC) ، الذي يتعامل مع الاتصالات بين أجهزة الكمبيوتر.,0.5
على الرغم من أن السمنة يمكن أن تزيد من خطر المشاكل الصحية، يجادل المشككون، وكذلك التدخين وارتفاع الكوليسترول.,على الرغم من أن السمنة يمكن أن تزيد من خطر مجموعة من المشاكل الصحية، يجادل المشككون، وكذلك التدخين وارتفاع الكوليسترول، والتي لا تعتبر أمراض.,0.85
ميشيل وي تشيبس يوم الأحد أثناء فوزها 1-أعلى على فيراادا نيراباثبونغبورن في البطولة الأمريكية للسيدات الهواة للاتصالات العامة.,الآن لديها أول كأس لها بعد الفوز في الولايات المتحدة المرأة الهواة الروابط العامة هنا يوم الأحد.,0.55
قالت سوني إن جهاز PSP سيضم أيضًا شاشة LCD بحجم 4.5 بوصة، وفتحات توسيع Memory Stick.,كما يتميز بشاشة LCD مضاءة الخلفية 4.5 ووسائل توسيع الذاكرة.,0.55
في أحد مواقع أخذ العينات الثلاثة في شاطئ هنتنغتون، جاءت قراءة البكتيريا عند 160 في 16 يونيو و 120 في 23 يونيو.,القراءات عادت إلى 160 في 16 يونيو و 120 في 23 يونيو في واحد من ثلاثة مواقع أخذ العينات في شاطئ هنتنغتون.,0.65
وجدت الدراسة أن الأسلاك الطويلة التي كانت تصطاد 10 أسماك لكل 100 خطاف في العقود الماضية، أصبحت الآن محظوظة بالصيد لسمكة واحدة.,"""في حين أن الخطوط الطويلة اعتادت أن تصطاد 10 أسماك لكل 100 خطاف، الآن هم محظوظون للصيد واحد،"" قال مايرز.",0.84
كانت أسهم شركة كارنيفال تتداول عند 31.29 دولار خلال التداول في منتصف يوم الأربعاء، بانخفاض 72 سنتًا أو 2.25 في المئة.,انخفضت أسهم شركة (كارنيفال) بنسبة 2.5 بالمئة أو 81 سنتاً عند 31.20 دولار في بورصة نيويورك,0.64
لكن انتقاد مجلس الشيوخ لخطة مجلس النواب يوم الثلاثاء جاء على عدة جبهات.,والعديد من الجمهوريين في مجلس الشيوخ غاضبون من خريطة مجلس النواب,0.55
ونتيجة لذلك، سعى (مورفي) إلى استبدال شقيقة (ستراير) ، (إيثيل سيلنيك) ، كوصي.,قال (مورفي) أن أخت (ستراير) (إيثيل سيلنيك) كانت في قاعة المحكمة في ذلك الوقت لكن (ستراير) لم تكن موجودة,0.35
تمنع القاعدة المجموعات من بث الإعلانات التي تعزز أو تدعم أو تهاجم أو تعارض مرشحاً في أي وقت.,لقد أيدت القواعد الاحتياطية التي تمنع نفس المجموعات من بث الإعلانات التي تعزز أو تدعم أو تهاجم أو تعارض مرشحاً في أي وقت.,0.75
(سيسكو) خفضت الإنفاق لتعويض البيع البطيء,استجابة لتباطؤ المبيعات، خفضت سيسكو الإنفاق.,0.96
كريس لوبانسكي من مدرسة كينيدي كينريك الثانوية في بنسلفانيا مع الاختيار الخامس,اختار الـ (رويالز) (كريس لوبانسكي) لاعباً خارجياً في المدرسة الثانوية من (بنسلفانيا) الذي ضرب .528 مع الاختيار الخامس,0.68
انخفض الجنيه الإسترليني 0.8 بالمئة مقابل الدولار إلى 1.5875 دولار,ارتفع الدولار 0.15 بالمئة مقابل العملة اليابانية إلى 115.97 ين.,0.16
ارتفع متوسط مؤشر داو جونز الصناعي .DJI بنسبة 41.61 نقطة، أو 0.44 في المائة، إلى 9.415.82.,ارتفع مؤشر داو جونز 41.61 نقطة يوم الجمعة، بزيادة 0.4% لهذا اليوم و 0.7% لهذا الأسبوع.,0.8
"""منذ البداية، لم نكن نريد أن نرى أي شخص يأخذ تخفيضات في الأجور.","لكن السيد كروسبي قال لوكالة أسوشيتد برس: ""منذ البداية، لم نكن نريد أن نرى أي شخص يأخذ تخفيضات في الأجور.",0.8
"""كان هناك عدد من الإشارات البيروقراطية والإدارية المفقودة - لا يوجد شخص واحد مسؤول هنا"" ، قال Gehman.","في رفض عرض NIMA ، قال Gehman ، ""كان هناك عدد من الإشارات البيروقراطية والإدارية المفقودة هنا.",0.75
لقد قام (ديفريز) بإيقاف واحد في البلدة يوم الأربعاء لتسجيل نفسه كمجرم جنسي في قسم شرطة (سوليداد),المعتدي على الأطفال المحكوم عليه براين ديفريز تحدث رداً على غضب المجتمع بعد ظهر الأربعاء بعد تسجيله كمجرم جنسي في قسم شرطة سوليداد,0.65
في الساعة الخامسة مساءً بتوقيت شرق الولايات المتحدة، كان مركز غريس بالقرب من خط العرض 25.6 شمالاً، خط الطول 93.7 غرباً أو حوالي 280 ميلاً شرق جنوب شرق كوربوس كريستي.,في الساعة 11 صباحاً بتوقيت شرق الولايات المتحدة، كان مركز فابيان بالقرب من خط العرض 18.1 شمالاً وطول 53.2 غرباً، أو حوالي 550 ميلاً شرقاً لليوردز.,0.25
يوم السبت، خدمة 149mph ضد أغاسي مساوية روسيدسكي الرقم القياسي العالمي.,يوم السبت، مساوى روديك الرقم القياسي العالمي مع 149 ميلا في الساعة خدمة في التغلب على أندريه أغاسي.,0.7
ارتفع مؤشر ستاندرد آند بورز 500 SPX بنسبة 10 نقاط، أو 1.10 في المئة، إلى 943.,قفز مؤشر ناسداك المركب .IXIC 43.64 نقطة، أو 2.89 في المئة، إلى 1،553.73.,0.2
في شهر تشرين الاول/اكتوبر أسفل بـ .85 سنتاً عند 69.89 سنتاً للغالون,أكتوبر زيت التدفئة انتهى 0.41 سنت إلى 70.74 سنت للغالون.,0.5
السيد ليفين أكد أن السيدة كوهين ألون حاولت بيع القصة خلال كأس العالم.,محامي السيدة (كوهين ألون) ، (دونالد ليفين) ، أكد أنها حاولت بيع القصة في فبراير.,0.69
"السيد (بانكهيد) قال أن مسارح الجريمة تشير إلى أن القاتل كان ""منهجي جداً""",المتحدث باسم مكتب التحقيقات العامة (جون بانكهيد) قال أن مسارح الجريمة تظهر أن القاتل كان منهجياً جداً,0.8
"""هذا يقربنا كثيراً من القول بأن الرغوة يمكن أن تسبب هذا النوع من الضرر""، قال هوبارد، وهو عضو في لجنة التحقيق في حادث كولومبيا.","""أعتقد أن هذا يقربنا أكثر من القول بأن الرغوة يمكن أن تسبب هذا النوع من الضرر"" قال هوبارد",0.72
"قال المتحدث باسم مايكروسوفت شون ساندويل: ""لم يكن لدينا أي علاقة بقرار الموظفين الداخليين لـ @Stake"".","""مايكروسوفت لم يكن لها أي علاقة البتة مع قرارات الموظفين الداخلية في AtStake""، قال ساندوال.",0.84
يشكك علماء المصريات الثلاثاء في ادعاء بعثة استكشافية بأنها ربما وجدت مومياء الملكة نفرتيتي، واحدة من أكثر المصريين القدماء شهرة.,علماء المصريات يعتقدون أنهم قد يكونوا قد حددوا المومياء المطلوبة منذ فترة طويلة من الملكة نفرتيتي، واحدة من الجمال الأسطوري في العالم القديم.,0.52
خطة الخزانة طويلة المدى هي توفير المشترين بالتجزئة لجميع سندات الخزانة القدرة على إدارة حيازاتهم عبر الإنترنت في حساب واحد.,قالت وزارة الخزانة إنها تريد إعطاء المشترين بالتجزئة لجميع سندات الخزانة القدرة على إدارة الحيازات عبر الإنترنت في حساب واحد.,0.88
تم إدراجه ليلة أمس في حالة حرجة ولكن مستقرة في مركز مستشفى مقاطعة كينغز، قالت الشرطة.,تلك الضحية، مقيم نيوجيرسي، كان في حالة حرجة ولكن مستقرة في المستشفى.,0.65
ارتفع سعر السندات لمدة 30 عاما US30YT=RR 1-3/32 لتحصل على عائد قدره 4.30 في المائة، بانخفاض من 4.35 في المائة في وقت متأخر من يوم الأربعاء.,في الساعة 11 صباحًا (1500 بتوقيت جرينتش) ، ارتفعت سندات العشر سنوات US10YT = RR 11/32 لتحصل على عائد 3.36 في المائة من 3.40 في المائة يوم الأربعاء.,0.4
"أسهم شركة ""آي إيه سي"" أغلقت أمس بانخفاض 2.81 دولار أو 7.6 بالمئة إلى 34.19 دولار",أسهم إنتراكتيف كورب أغلقت عند 34.19 دولار، بانخفاض 2.81 دولار، أو 7.6 في المئة في سوق الأسهم ناسداك.,0.9
"بيرد، يتحدث من قاعة مجلس الشيوخ، قال انه يشكك ""دوافع رئيس مكتبي الذي يتخذ ثوب المحارب لأغراض خطاب"".","""لكنني أشك في دوافع رئيس مقيد بالمكتب الذي يرتدي زي المحارب لأغراض الخطاب""",0.68
وزارة الدفاع تواجه مطالبة بتعويض 20 مليون من مئات النساء الكينيات الذين يدعون أنهم تعرضن للاغتصاب من قبل الجنود البريطانيين.,مئات النساء الكينيات اللواتي زعمن أنهم تعرضن للهجوم والاغتصاب من قبل الجنود البريطانيين حصلن على المساعدة القانونية من الحكومة يوم الأربعاء لمتابعة قضيتهن ضد وزارة الدفاع.,0.6
ارتفعت أسهم الولايات المتحدة الأمريكية التفاعلية 2.28 دولارًا أو 7 في المائة إلى 34.96 دولارًا يوم الجمعة في التداول المركب في سوق Nasdaq للأوراق المالية وقد اكتسبت 53 في المائة هذا العام.,ارتفعت أسهم ليندينج تري 6.03 دولار، أو 41 في المئة، لإغلاق عند 20.72 دولار في سوق الأسهم ناسداك أمس.,0.2
مشاريع قوانين مماثلة مرت مرتين في مجلس النواب لكنها ماتت في مجلس الشيوخ,قبل عامين، مرر مجلس النواب نسخة مماثلة التي تعثرت في مجلس الشيوخ.,0.55
إغلاق العرض أثر على أرباح الربع الثالث للسهم بنس واحد,قالت الشركة أن هذا أثر على الأرباح بنس لكل سهم.,0.65
تم إدخال المرأة إلى المستشفى في 15 يونيو، حسبما قال مسؤولو الصحة في كانساس.,مسؤولو الصحة في ولاية ميسوري قالوا أنه لم يدخل المستشفى ويتعافى,0.2
انخفضت الشرائح الزرقاء بحلول منتصف يوم الأربعاء مع موجة من تحذيرات الأرباح استنزفت بعضا من التفاؤل الذي قاد الارتفاع خلال الأشهر الثلاثة الماضية.,انخفضت الأسهم الأمريكية في التداول في الصباح الباكر يوم الأربعاء حيث أدت موجة من تحذيرات الأرباح إلى استنزاف بعض التفاؤل الذي دفع إلى الارتفاع خلال الأشهر الثلاثة الماضية.,0.72
انخفض مؤشر ناسداك المركب المرتبط بالتكنولوجيا <.IXIC> بنسبة 5.91 نقطة، أو 0.29 في المائة، إلى 2.053.27.,ارتفع مؤشر ناسداك المركب الذي يركز على التكنولوجيا 6 نقاط، أو 0.30 في المائة، إلى 2053، مما أدى إلى محو الخسائر السابقة.,0.64
قال المسؤول إن اثنين من الكويتيين وستة فلسطينيين يحملون جوازات سفر أردنية كانوا من بين المشتبه بهم.,وقال المسؤول إن بينهم اثنين من الكويتيين وستة فلسطينيين يحملون جوازات سفر أردنية، والباقون عراقيون وسعوديون.,0.6
تم إعلان عيد ميلادها، 21 أبريل، عطلة رسمية وحضرت حفل استقبال وحفلة راقصة.,عندما بلغت جدته، الأميرة إليزابيث آنذاك، 21 عامًا في عام 1947، أعلن اليوم عطلة عامة، وحضرت حفل استقبال ورقصًا.,0.64
سوركين، الذي يواجه اتهامات بالتآمر لعرقلة العدالة والكذب على هيئة المحلفين الكبرى، كان من المفترض أن يحاكم بشكل منفصل.,كان من المفترض أن يحاكم (سوركين) بشكل منفصل بتهمة التآمر والكذب على هيئة المحلفين الكبرى,0.92
الرجل، الذي دخل مكتب البريد في (ليكسايد) قبل الساعة الثالثة بقليل، سلم نفسه للشرطة حوالي الساعة السادسة والنصف مساءً.,الرجل دخل مكتب البريد في جادة وودسايد في جادة ماين قبل الساعة الثالثة بقليل,0.56
"قالت وزارة العدل أن ""أقل من 10"" مكاتب مكتب التحقيقات الفيدرالي أجرت تحقيقات تتضمن زيارات إلى المساجد.","بالإضافة إلى ذلك، قالت وزارة العدل أن مكتب التحقيقات الفيدرالي أجرى ""أقل من 10"" تحقيقات تتضمن زيارات إلى المساجد.",0.84
خارج المحكمة، أنكر سريانتو، الذي يواجه حكم بالسجن لمدة تصل إلى 25 عاماً، أنه ارتكب أي خطأ.,خارج المحكمة، أنكر سريانتو لصحيفة العصر أنه فعل أي شيء خاطئ.,0.64
"قالت رئيسة جامعة ميشيغان ماري سو كولمان في بيان على موقع الجامعة على الإنترنت: ""قيمنا الأساسية لم تتغير.","""قيمنا الأساسية لم تتغير""، قالت ماري سو كولمان، رئيسة الجامعة، في بيان في آن أربور.",0.8
ارتفعت أسهم (كومكاست) من الدرجة الأولى 8 سنتات إلى 30.50 دولار في التداول الصباحي في بورصة (ناسداك).,ارتفع السهم 48 سنتا إلى 30 دولار أمس في سوق الأسهم ناسداك التداول.,0.44
انضم (توماس) بالكامل من قبل (رينكويست) و (أوكونور) و (سكاليا) في أجزاء.,انضم إليه رئيس القضاء ويليام ه. رينكويست والقضاة ساندرا داي أوكونور وأنطونين سكاليا.,0.56
"عندما تجاوزت الخط، انتهكت الحق الدستوري""، قال تشارلز فايسلبرغ، أستاذ القانون في جامعة كاليفورنيا.","عندما عبرت الخط، انتهكت الحق الدستوري، ""قال تشارلز فايسلبرغ، الذي يدرس القانون في جامعة كاليفورنيا، بيركلي.",1.0
التقارير الأولية كانت أن الرجال لم يُشاهدوا معاً في المطار، كما قالت المصادر.,الرجال لديهم جوازات سفر باكستانية وأفادت التقارير أنهم شوهدوا معاً في المطار في وقت سابق من المساء، حسب مصادر إنفاذ القانون.,0.4
كان لدى تورنتو أمس 64 حالة محتملة لSARS وتسعة حالات مشتبه بها.,اعتبارًا من يوم الأربعاء، كان هناك 65 حالة سارس محتملة في منطقة تورونتو.,0.65
ارتفع مؤشر ناسداك المركب 13.70 أو 0.8 في المائة إلى 1700.34.,فقد ارتفع مؤشر ناسداك المركب المرتبط بالتكنولوجيا .IXIC بنسبة 13.73 نقطة، أو 0.81 في المائة، ليصل إلى 1.700.34.,0.75
"""تول""، ثاني أكبر شركة نقل في أستراليا، عرضت الأسبوع الماضي على ""نيوزيلندا75"" حصة في ""ترانز ريل"".","عرضت ""تول"" الأسبوع الماضي شراء الشركة مقابل 75 سنت نيوزيلندي للسهم، أو 158 مليون دولار نيوزيلندي.",0.7
قالت شركة MessageLabs، التي تدير خوادم بريد إلكتروني خارجية لـ 700،000 عميل في جميع أنحاء العالم، إنها قامت بتصفية 27،000 رسالة بريد إلكتروني مصابة في 115 دولة حتى صباح يوم الخميس.,"وصفت شركة Messagelabs، التي تدير خوادم البريد الإلكتروني للعملاء البالغ عددهم 700000 في جميع أنحاء العالم، الدودة بأنها ""عالية الخطورة"" وأفادت بأكثر من 31000 إصابة في 120 دولة.",0.55
قال (كارلسون) يوم الثلاثاء أنه لن ينسحب من القضية,قال مسؤولو الخدمة أن (كارلسون) رفض أن ينسحب من القضية,0.8
كانت أسهم أوراكل أعلى أيضاً، حيث ارتفعت بـ 12 سنتاً إلى 13.60 دولار.,"أسهم شركة ""أوراكل"" التي تتخذ من ريدوود شورز مقراً لها ارتفعت 14 سنتاً إلى 13.62 دولار.",0.4
مع تقارير جميع المناطق فليتشر عضو الكونغرس لثلاث فترات من ليكسينغتون حصل على 57% من الأصوات,مع تقارير جميع المناطق، فليتشر كان 88.747 صوت، أو 57 في المئة من إجمالي الأصوات.,0.6
في هونغ كونغ، تم وضع 24 مريضاً في الحجر الصحي يوم الأربعاء بعد أن أصيب سبعة من العاملين في المستشفيات العامة بأعراض تشبه أعراض الإنفلونزا.,هذا بعد أن أصيب سبعة من العاملين في الرعاية الصحية في مستشفى عام بأعراض تشبه الأنفلونزا.,0.6
على الجانب الصعودي، أعلنت شركة كوكاكولا عن ارتفاع الأرباح للربع في وقت مبكر من يوم الخميس، مدعومة بالطلب الأوروبي.,أعلنت شركة كوكا كولا (KO) عن ارتفاع الأرباح للربع ، مدعومة بالطلب الأوروبي ، في وقت مبكر من يوم الخميس.,0.92
ارتفع معدل البطالة بمقدار عشرة نقاط مئوية إلى 6.1٪، وهو أعلى مستوى منذ يوليو 1994.,من المتوقع أن يرتفع معدل البطالة بنقطة مئوية إلى 6.1%.,0.64
كجزء من صفقة السيد (ديلايني) وافق على التعاون في التحقيق المستمر,(ديف ديليني) وافق على التعاون مع الادعاء الفيدرالي في مقابل الإعتراف,0.88
لكن مصادر أخرى قريبة من عملية البيع قالت أن فيفندي تبقي الباب مفتوحا لمزيد من العطاءات وتأمل أن ترى المزايدين المهتمين بالأصول الفردية يتعاونون.,لكن مصادر أخرى قريبة من عملية البيع قالت أن فيفندي أبقت الباب مفتوحاً لمزيد من العطاءات في اليوم التالي أو اليومين.,0.8
(ميكرون) أعلنت عن أول أرباحها الفصلية منذ ثلاث سنوات,أرقام ميكرون أيضاً كانت أول أرباح ربع سنوية في ثلاث سنوات لصانع ذاكرة الدرام,0.75
الغرامات هي جزء من جهود الجمهوريين الفاشلة لإجبار أو إغراء الديمقراطيين للعودة.,قال (بيري) أنه يدعم جهود مجلس الشيوخ بما في ذلك الغرامات لإجبار الديمقراطيين على العودة,0.56
ارتفع مؤشر ناسداك المركب 20.96 نقطة إلى 1595.91 و انتهى على أعلى مستوى له منذ 12 شهرًا.,ارتفع مؤشر ناسداك المركب <.IXIC> المرتبط بالتكنولوجيا 19.11 نقطة، أو 1.2 في المئة، إلى 1.615.02.,0.48
اعتقل ممثلو الادعاء في الولايات المتحدة أكثر من 130 شخصًا وصادروا أكثر من 17 مليون دولار في حملة مستمرة ضد الاحتيال والاستغلال على الإنترنت.,تم القبض على أكثر من 130 شخصًا ومصادرة ممتلكات بقيمة 17 مليون دولار في عملية تفتيش الاحتيال على الإنترنت أعلنتها الجمعة ثلاث وكالات حكومية أمريكية.,0.92
"قال شافيز المحققين يشعرون بالثقة لديهم ""على الأقل واحد من الحرائق حلت في هذا الصدد"".","قال رئيس بلدية ألبوكيركي مارتن تشافيز أن المحققين يشعرون بالثقة أنه مع الاعتقالات لديهم ""على الأقل واحد من الحرائق حلت"".",0.76
الرجل المتهم باستخدام قنابل يدوية مزيفة للاستيلاء على طائرة كوبية هبطت في كي ويست في أبريل حكم عليه الجمعة بالسجن 20 عاما,مُهندس معماري كوبي حُكم عليه بالسجن 20 عاماً يوم الجمعة لإستخدامه قنبلتين مزيفة لخطف طائرة ركاب من كوبا إلى فلوريدا في أبريل.,0.88
قال جيم ويليامز، مدير مشروع US-VISIT، أنه بحلول منتصف نوفمبر/تشرين الثاني، سيتم أخذ بصمات الأصابع والصور للكثير من الركاب القادمين إلى أتلانتا.,قال جيم ويليامز، مدير مشروع US-VISIT، أنه بحلول منتصف نوفمبر، سيأخذ المفتشون بصمات الأصابع ويصورون العديد من الركاب الأجانب الذين يصلون إلى أتلانتا.,0.84
حدثت الجلسة بعد يوم واحد من قيام البنتاغون لأول مرة بتحديد ضابط، (دلاجر) ، لعدم معالجة الفضيحة.,جاءت الجلسة بعد يوم واحد من قيام البنتاغون لأول مرة بتحديد ضابط - دالاجر - لفشله في معالجة الفضيحة.,1.0
الكنيسة الاسكوبالية ' ' تنفصل عن الكنيسة الانجليكانية' ' قال القس بيتر كارانجا رئيس كنيسة كل القديسين في نيروبي.,في نيروبي، رئيس كاتدرائية كل القديسين، القس بيتر كارانجا، قال أن الكنيسة الأسقفية الأمريكية تنفصل عن الكنيسة الأنجليكانية.,1.0
المقاطعات التي ستشهد انخفاضاً في عدد السكان ستكون (فيرميليون) و (بوزي) و (ماديسون),سكان مقاطعات (فيرميليون) و (بوزي) و (ماديسون) سيتناقصون,1.0
سوارتز، متهم في فبراير، جادل بأن نيو هامبشاير كان المكان الخطأ لتوجيه الاتهام له.,سعى (سوارتز) لإسقاط التهم قائلاً أن (نيو هامبشاير) كانت المكان الخاطئ لتوجيه التهم إليه,0.68
كانوا في مستشفى رافلز خلال عطلة نهاية الأسبوع لتقييم إضافي,خضعوا لمزيد من الفحوصات خلال عطلة نهاية الأسبوع، وهم الآن في مستشفى رافلز.,0.64
"عندما انفجرت القنبلة في ""كازا دي إسبانيا""، كان الزبائن يتناولون العشاء ويلعبون البنغو.",في كاسا دي إسبا، كان الزبائن يتناولون العشاء ويلعبون البنغو عندما انفجرت قنبلة.,1.0
قال (بلوفسكي) أنّ اللجنة لن تحقق لأنّ فترة التقادم التي كانت ثلاث سنوات قد انتهت.,اللجنة لن تبدأ تحقيقاً رسمياً لأن قانون التقادم قد انتهى، قال (بلوفسكي).,0.88
إذا أدين بتهمة التجسس، فقد يواجه عقوبة الإعدام.,اتهامات التجسس ومساعدة العدو يمكن أن تحمل عقوبة الإعدام.,0.72
الاهتمامات الراسخة تضع نفسها للسيطرة على نقاط الخناق في الشبكة وهي تضغط على هيئة الاتصالات الفيدرالية للمساعدة والتحريض عليها.,"قد يكون الموت بسبب مصالح راسخة وضع أنفسهم للسيطرة على نقاط اختناق الإنترنت وهم الضغط على FCC لمساعدتهم وتحريضهم "".",0.64
لكن أعضاء الكنيسة والمراقبين يقولون أنهم يتوقعون أن يكون القرار مشكلة للعديد من الأبرشيين.,لكن أعضاء الكنيسة والمراقبين يقولون أنهم يتوقعون أن القرار هنا قد يسبب مشاكل عقائدية لبعض الأبرشيين الذين يعتقدون أن الكتاب المقدس يحظر المثلية الجنسية.,0.76
سكوايرز هو الباحث الرئيسي لحمولة أثينا - مجموعة من الأدوات العلمية التي يحملها كل مركبة.,ستيف سكوايرز، عالم في جامعة كورنيل، هو المحقق الرئيسي لأدوات البعثة العلمية.,0.84
قال الجيش أنه قتل 12 متمردًا وأسر تسعة في الحملة حتى الآن، مقابل خسارة ستة جنود جرحى.,قال الجيش إنه قتل 16 من المتمردين وأسر تسعة في الحملة حتى الآن، حيث قتل جندي واحد وأصيب ستة آخرون.,0.6
أسهم Express Scripts ESRX.O انخفضت 3.6 في المائة لتغلق عند 66.89 دولارًا في بورصة ناسداك.,انخفضت أسهم إكسبريس سكريبتس ESRX.O حوالي 4 في المئة إلى 66.73 دولار في بورصة ناسداك في التداول في وقت متأخر من الصباح.,0.6
أطلقت الشرطة مطاردة دولية لـ (شيفون بينينغتون) بعد أن هربت مع (توبي ستودابيكر) البالغ من العمر 31 عاماً يوم السبت,(شيفون بينينغتون) إختفت صباح يوم السبت بعد ترتيب لقاء مع (توبي ستودابيكر) البالغ من العمر 31 عاماً,0.6
محامون وآخرون على دراية بالتحقيق الفيدرالي يقولون أنه لا يزال يركز على كامبل، على الرغم من أن المدعين رفضوا مناقشة التحقيق.,في حين أن المدعين الفيدراليين يرفضون مناقشة التحقيق المحامون وغيرهم على دراية به يقول أنه لا يزال يركز على كامبل.,0.96
انخفض متوسط مؤشر داو جونز الصناعي .DJI بنسبة 58.69 نقطة، أو 0.64 في المئة، إلى 9.137.86.,انخفض المتوسط الصناعي لداو جونز .DJI 86.56 نقطة، أو 0.94 في المئة، إلى 9109.99، بعد أن تراجع بأكثر من 1 في المئة في وقت سابق.,0.5
"قوانين السلام هزمت ""فاني سايد"" في لويزيانا ديربي",لكن لا هو ولا قواعد السلام تمكنوا من منع (فاني سايد) من الابتعاد,0.45
"قالت شركة ""بوينغ"" إنه من المتوقع توقيع الاتفاق النهائي خلال الأسابيع القليلة المقبلة.","من المتوقع أن يتم الانتهاء من صفقة الخطوط الجوية الكورية ""في الأسابيع القليلة المقبلة"" ، قال المتحدث باسم شركة بوينغ بوب سالينغ.",0.6
أسهم إدس أغلقت يوم الخميس عند 18.51 دولار، بزيادة 6 سنتات.,أسهم إدس أغلقت يوم الخميس عند 18.51 دولار ارتفعت 6 سنتات في بورصة نيويورك,0.73
قضت المحكمة العليا المنقسمة يوم الاثنين بأن الكونغرس يمكنه إجبار المكتبات العامة في البلاد على تزويد أجهزة الكمبيوتر بشاشات مضادة للمواد الإباحية.,قالت المحكمة العليا يوم الإثنين أن الحكومة يمكنها أن تطلب من المكتبات العامة تزويد أجهزة الكمبيوتر بشاشات مضادة للمواد الإباحية، ورفضت شكاوى أمناء المكتبات بأن القانون يعادل الرقابة.,0.72
يوجد الضعف في الطريقة التي ينظر بها VBA إلى خصائص المستندات المرسلة إليه عندما يتم فتح المستند بواسطة تطبيق مضيف.,توجد الثغرة في الطريقة التي يقوم بها Visual Basic for Applications من مايكروسوفت بالتحقق من خصائص الوثيقة التي تم نقلها إليه عند فتح الوثيقة.,0.76
"من أصل 24 مليون صوت، 50.28 في المئة كانت لصالح ستودارد، مما يجعله يتفوق بـ 130,000 صوت على آيكن.",من أصل 24 مليون صوت عبر الهاتف، كان (ستودارد) متقدماً بـ 130 ألف صوت فقط على (آيكن).,0.68
سيظل على المستهلكين الحصول على بطاقة أمان لفك تشفير الكمبيوتر من مشغل الكابل الخاص بهم لتوصيل المجموعة.,لمشاهدة التلفزيون المدفوع ، سيضع المستهلكون في المجموعة بطاقة أمان مقدمة من خدمة الكابل الخاصة بهم.,0.68
"ومع ذلك، قررنا اختيار محرك الاتحاد الأوروبي باعتباره الحل الأفضل بشكل عام وبسبب الجهود الكبيرة المبذولة في مجال الأسعار"".","ومع ذلك، قررنا اختيار محرك الكونسورتيوم الأوروبي باعتباره أفضل حل شامل"".",0.76
رفضت إدارة الغذاء والدواء طلب ImClone لعام 2001 لبيع Erbitux ، مشيرة إلى أبحاث رديئة.,رفضت إدارة الغذاء والدواء الأمريكية طلب ImClone الأصلي في ديسمبر 2001 ، قائلة إن التجربة قد أجريت بشكل مهمل.,0.56
يقول المنتقدون أن القانون ينتهك الحريات المدنية، وهو أمر يقول رئيس اللجنة القضائية في مجلس النواب جيمس سنسنبرينر، الجمهوري من ولاية ويسكونز، إنه حساس تجاهه.,رئيس اللجنة القضائية في مجلس النواب جيمس سنسنبرينر يقول أنه حساس لشكاوى الحريات المدنية,0.75
فاز فريق (دودجرز) بمباراتهم السادسة على التوالي وأطول سلسلة انتصارات منذ عام 2001 عندما هزموا (كولورادو) بنتيجة 3-2 يوم الأربعاء أمام 25332 متفرج في ملعب (دودجر).,فاز فريق الدودجرز بمباراتهم السادسة على التوالي والسابعة في آخر تسع مباريات عندما هزموا كولورادو 3-2 يوم الأربعاء أمام حشد من 25،332 في ملعب الدودجر.,0.88
حتى الآن، لقد بحثوا بنسلفانيا، أوهايو، ميشيغان، إلينوي وإنديانا، قالت السلطات في تلك الولايات.,حتى الآن، قامت السلطات بتفتيش مناطق في (بنسلفانيا) و (أوهايو) و (إنديانا) و (ميشيغان),0.75
ارتفع العائد على السندات لمدة 30 عامًا US30YT=RR في 31/32 إلى 4.16 في المئة - وهو مستوى قياسي آخر منخفض - من 4.22 في المئة.,ارتفع العائد على السندات لمدة 30 عاماً إلى 4.18 في المئة، بعد أن سجل أدنى مستوى قياسي آخر عند 4.16 في المئة.,0.55
جادل (لاي) بأن تسليم الوثائق سيكون انتهاكاً لحقوقه في التعديل الخامس ضد التهمة الذاتية.,رفض (لاي) تسليم الأوراق، مدعياً حقه في التعديل الخامس ضد التهمة الذاتية.,0.76
قال (سترايهورن) إنها المرة الأولى في تاريخ (تكساس) التي لم يشهد فيها المراقب على قانون التخصيصات,في بيان صحفي يوم الخميس، قال سترايهورن أن هذه هي المرة الأولى التي يرفض فيها مراقب ميزانية.,0.64
باستثناء التكاليف، المحللين، في المتوسط، توقع خسارة 11 سنتا للسهم.,"المحللون الذين استطلعتهم ""تومسون فاينانشيال فيرست كول"" توقعوا خسارة بحوالي 11 سنتاً للسهم من استمرار العمليات.",0.76
خبراء الأمن يحذرون من أن دودة البريد الجماعي الجديدة تنتشر على نطاق واسع في جميع أنحاء الإنترنت، في بعض الأحيان يتظاهر بريد إلكتروني من مؤسس مايكروسوفت.,وردة جديدة تنتشر بسرعة عبر الإنترنت، وتتظاهر أحيانًا بأنها رسالة بريد إلكتروني من رئيس شركة مايكروسوفت بيل غيتس، حسبما قال بائعو برامج مكافحة الفيروسات يوم الاثنين.,0.96
قال السيد (سهيل) أن الشرطة حددت جثث سبعة من الخلية المكونة من 14 شخصاً يُعتقد أنهم نفذوا الهجمات الخمسة المتزامنة تقريباً يوم السبت.,قال أن الشرطة حددت جثث سبعة من المفجرين الأربعة عشر الذين شنوا خمس غارات متزامنة تقريباً ليلة الجمعة.,0.8
فقط ولاية نيوجيرسي تمنع الآن حاملي تصاريح التعلم أو التراخيص الوسيطة من استخدام الهواتف المحمولة أو أجهزة الاستدعاء أو الأجهزة اللاسلكية الأخرى أثناء القيادة.,بالإضافة إلى ذلك ، أوصى NTSB أيضًا لـ NHTSA بسن تشريع الولاية لحظر حاملي تصاريح المتعلمين والترخيصات المتوسطة من استخدام الهواتف المحمولة أثناء القيادة.,0.28
أصدرت جامعة ميشيغان اليوم سياسة قبول جديدة بعد أن ألغت المحكمة العليا الأمريكية في يونيو/حزيران الطريقة التي أقرت بها سابقاً الطلاب الجامعيين.,تخطط جامعة ميشيغان لإصدار سياسة قبول جديدة للطلاب الجامعيين يوم الخميس بعد رفض متطلبات القبول من قبل المحكمة العليا الأمريكية في يونيو.,0.84
يبدو أن الشريط الصوتي الذي بثته شبكة الجزيرة التلفزيونية العربية الأسبوع الماضي هو محاولة للتحريض على الهجمات.,شريط صوتي بثته الأسبوع الماضي شبكة التلفزيون العربية الجزيرة قد يكون أقوى دليل حتى الآن أن صدام نجا من الحرب.,0.36
الشركة لم تفصل تكاليف الإستبدال والإصلاح,لكن مسؤولي الشركة يتوقعون أن تكاليف العمل البديل ستصل إلى ملايين الدولارات.,0.4
"أخبر (دين) الصحفيين المسافرين في جولته في 10 مدن ""صيف بلا نوم"" أنه يعتبر الحملة في تكساس تحدياً.","اليوم، (دين) ينهي جولته التي استمرت أربعة أيام في 10 مدن ""صيف بلا نوم"" في (شيكاغو) و (نيويورك).",0.52
"""شعرت أنني إذا اختلفت كثيرا مع روزي سأفقد وظيفتي،"" قالت.","قال كافيندر: ""شعرت أنني إذا اختلفت كثيراً مع روزي فسوف أفقد وظيفتي"".",0.65
"أثار القرار الأمريكي رد فعلًا غاضبًا من المفوضية الأوروبية، التي وصفت هذه الخطوة بأنها ""غير مبررة من الناحية القانونية، لا أساس لها من الناحية الاقتصادية وغير مفيدة من الناحية السياسية"".","ووصفت المفوضية الأوروبية، وهي الهيئة التنفيذية القوية للاتحاد الأوروبي، هذه الخطوة بأنها ""غير مبررة من الناحية القانونية، وغير مبررة من الناحية الاقتصادية وغير مفيدة سياسياً"".",0.75
السيدة (كريبس براواك) غادرت الجمعة الماضية بعد يومين من إدخال القسم خطة لتوزيع الماريجوانا الطبية من خلال مكاتب الأطباء,مديرة مكتب الوصول الطبي، سيندي كريبس براواك، تركت وظيفتها بعد أن قدمت الإدارة خطة لتوزيع الماريجوانا من خلال مكاتب الأطباء.,0.85
خلال عامي 2001 و 2002، قال مورجنثاو، التحويلات البنكية من أربعة فقط من حسابات بيكون هيل 40 بلغت أكثر من 3.2 مليار دولار.,التحويلات البنكية من أربعة من الحسابات الـ 40 المفتوحة في بيكون هيل بلغت أكثر من 3.2 مليار دولار من عام 2001 إلى عام 2002، كما قال مورجنثاو.,0.95
العام الماضي، قام بمحاولة فاشلة لترشيح الديمقراطيين للحاكم,لقد ترشح العام الماضي لترشيح الحزب الديمقراطي لحاكم ولاية تكساس لكنه خسر الانتخابات التمهيدية أمام المليونير توني سانشيز,0.65
أكبر متجر للبيع بالتجزئة في البلاد أبلغ 100 من أكبر الموردين أن عليهم البدء في استخدام العلامات الإلكترونية على جميع منصات البضائع بحلول 25 يناير 2005.,"قال ""وول مارت"" لأكبر 100 مورد بأنّهم سيحتاجون إلى أن يكون لديهم أنظمة تحديد التردد الراديوي في مكانهم لتتبع حزم البضائع عبر سلسلة التوريد بحلول 25 يناير 2005.",0.75
تم نقله إلى المستشفى لإجراء أشعة سينية احترازية على رقبته.,تم نقل (هارفي) إلى مستشفى (سانت لوك) لإجراء أشعة سينية احترازية على الرقبة والتي كانت سلبية,0.65
مشروع القانون يقول أن المرأة التي تخضع لهذا الإجهاض لا يمكن مقاضاتها.,المرأة التي خضعت لهذا الإجهاض لا يمكن مقاضاتها بموجب مشروع القانون.,1.0
هناك 103 ديمقراطيين في الجمعية و 47 جمهوري.,الديمقراطيون يسيطرون على الجمعية بينما الجمهوريون يسيطرون على مجلس الشيوخ.,0.4
"""لقد جئت إلى واشنطن بشكل أساسي لإقامة علاقات والتأكد من أننا نحصل على المزيد من الأموال الفيدرالية إلى كاليفورنيا"" ، قال شوارزنيجر بعد اجتماع مع الجمهوريين في الكونغرس.","""جئت إلى واشنطن في الأساس لإقامة علاقات والتأكد من أننا نحصل على المزيد من الأموال الفيدرالية""، قال شوارزنيجر بعد اجتماع واحد.",0.84
أحدث صورة لأسواق العمل كانت أفضل قليلاً مما كان يتوقعه الاقتصاديون، كانوا يتوقعون أن الطلبات لن تنخفض إلى أقل من 410،000 في الأسبوع الماضي.,على الرغم من المشاكل في سوق العمل، كانت اللقطة الأخيرة لأسواق العمل أفضل قليلاً مما توقعه الاقتصاديون.,0.68
(تشانت جوان مالارد) ، 27 عاماً، تمت محاكمته يوم الإثنين بتهمة القتل من الدرجة الأولى.,(تشانت جاوون مالارد) ، 27 عاماً متهمة بالقتل والتلاعب بالأدلة,0.6
(ليندا ساندرز) أقرّت بالذنب في المحكمة الفيدرالية بتهمة الابتزاز وغسل الأموال والتآمر,مساعدي (فيبس) السابقين (ليندا ساندرز) و (بوبي ماكلامب) أقرّا بالذنب في اتهامات فدرالية بما في ذلك الابتزاز,0.55
أسهم فيفندي أغلقت 3.8 في المئة في باريس عند 15.78 يورو.,ارتفعت أسهم فيفندي 0.3 في المئة إلى 15.62 يورو في باريس في الساعة 0841 بتوقيت جرينتش.,0.52
لقد حددت مايكروسوفت برمجيات لينكس الموزعة بحرية كأحد أكبر التهديدات لمبيعاتها.,الشركة حددت علنا لينكس باعتبارها واحدة من أكبر التهديدات التنافسية.,0.68
أنطونيو مونتييرو دي كاسترو (58 عاماً) ، المدير حالياً لعمليات المجموعة في أمريكا اللاتينية ومنطقة البحر الكاريبي، سيصبح الرئيس التنفيذي للعمليات اعتباراً من نفس التاريخ.,وقالت بي تي أي أيضا أن أنطونيو مونتيرو دي كاسترو، مدير أمريكا اللاتينية ومنطقة البحر الكاريبي، سيصبح رئيسا للعمليات في 1 يناير 2004.,0.72
"""التلاعب والتلاعب بالعلاقات العامة والدعاية ليست الحل""، قالت.","وأضاف التقرير أن ""التلاعب"" والتلاعب بالعلاقات العامة ""ليس هو الحل"" ، ولكن هذا لا يعني تجنب النقاش.",0.72
إطلاق نار آخر مرتبط بالشغب وقع في 11 نوفمبر في مدرسة هاميلتون المركزية في أوبيتز، على بعد حوالي ميلين من الطريق السريع.,أحدث إطلاق نار مرتبط بالشغب كان إطلاق النار في 11 نوفمبر في مدرسة هاميلتون تاونشيب الابتدائية في أوبيتز، على بعد حوالي ميلين من الطريق السريع.,0.96
يوم الثلاثاء ، ترك البنك المركزي أسعار الفائدة ثابتة ، كما هو متوقع ، لكنه أعلن أيضًا أن المخاطر الإجمالية كانت متزنة نحو الضعف وحذر من مخاطر الانكماش.,مجلس السياسة في البنك المركزي ترك أسعار الفائدة ثابتة في الوقت الحالي، كما كان متوقعا على نطاق واسع، ولكن فاجأ السوق من خلال إعلان أن المخاطر الإجمالية كان يزن نحو الضعف.,0.8
اندلع القتال بعد أن واجه أربعة صحفيين من كوريا الشمالية عشرات الناشطين من كوريا الجنوبية الذين احتجوا على انتهاكات حقوق الإنسان في الشمال خارج مركز الإعلام الرئيسي.,اشتعلت المشاكل عندما هرع أربعة مراسلين كوريين شماليين على الأقل من مركز تايغو الإعلامي لمواجهة عشرات النشطاء الذين يحتجون على انتهاكات حقوق الإنسان في الشمال.,0.68
كان داستي يحارب سرطان الكلى لأكثر من سنة,لقد خضعت (داستي) لعملية جراحية بسبب السرطان في عام 2001 وأزيلت منه كلية.,0.48
لم يصب قديروف، لكن أربعة من حراسه كانوا بين القتلى.,لكن وكالة إيتار تاس للأنباء قالت أن أربعة من حراسه الشخصيين كانوا من بين القتلى بسبب القنبلة.,0.6
تشير تقديرات اللجنة إلى أن كاليفورنيا خسرت 1.34 مليار دولار -- أكثر من أي ولاية أخرى -- بسبب الملاجئ الضريبية في عام 2001.,تقدّرت اللجنة خسارة كاليفورنيا 937 مليون دولار لملاجئ الضرائب للشركات في عام 2001.,0.55
لم يذكر المسؤولون ما إذا كانت القوات الأمريكية عبرت إلى الأراضي السورية ولم يكونوا واضحين حول كيفية تورط حرس الحدود السوريين.,لم يذكر المسؤولون الأمريكيون ما إذا كانت القوات الأمريكية، التي كانت تعمل بناءً على المعلومات الاستخباراتية، قد عبرت إلى الأراضي السورية ولم يكونوا واضحين حول كيفية تورط الحراس السوريين.,0.8
أطلقت شركة VeriSign خدمة البحث عن المواقع في 15 سبتمبر.,"المعركة حول خدمة ""فيريسين"" للبحث عن المواقع التي بدأت منذ ثلاثة أسابيع مستمرة",0.35
قالت أن دروس لا يزال محتجزًا في السجن وهو الآن في عزلة.,(دروس) أمس تم احتجازه في الحبس الانفرادي في نفس السجن,0.9
وقد سلم قائدهم أبو بكر العزدي نفسه في يونيو/حزيران، وقتل نائبه في تبادل لإطلاق النار مع القوات السعودية.,استسلم زعيمهم أبو بكر العزدي في يونيو/حزيران، وقتل نائبه في تبادل لإطلاق النار مع القوات السعودية مؤخراً.,1.0
بعد البيان الافتتاحي لـ (فريتاس) ، قاضي المحكمة العليا في مقاطعة (كينغ) ، (تشارلز ميرتل) ، أوقف المحاكمة حتى نهاية أسبوع عيد الشكر.,قاضي المحكمة العليا في مقاطعة (كينغ) (تشارلز ميرتل) سيؤجل المحاكمة حتى يوم الإثنين,0.6
وأشارت الصحيفة إلى أن مستثمري جوجل يشملون شركات VC البارزة Kleiner Perkins Caufield & Byers و Sequoia Capital.,ومن بين الداعمين الأوائل لشركة جوجل جامعة ستانفورد ومقرها كاليفورنيا وشركات VC Kleiner Perkins و Sequoia Capital.,0.56
الأول من يوليو هو الذكرى السادسة لعودة هونغ كونغ إلى الحكم الصيني.,طغت المسيرة على الاحتفالات بمناسبة الذكرى السنوية السادسة لعودة هونغ كونغ إلى الصين في 1 يوليو 1997.,0.53
أعلنت شركة Palm Wednesday عن خطط لاستحواذها على Handspring، وهي شركة أنشأها جيف هوكينز، والذي يعتبره الكثيرون أباً لأجهزة Palm المحمولة.,"قالت شركة ""بالم"" يوم الأربعاء إنها تخطط لشراء ""هاندسبرينج""، الشركة التي أنشأها المؤسس المشارك لشركة ""بالم"" المتمرد ""جيف هوكينز"".",0.8
أوقفت الحكومة مؤخراً محادثات السلام مع الجبهة، التي توسطت بها ماليزيا، بعد سلسلة من الهجمات، بما في ذلك ثلاثة تفجيرات، في مينداناو.,أوقفت الحكومة مؤخرًا محادثات السلام التي توسطت بها ماليزيا المجاورة بعد سلسلة من الهجمات على مينداناو ، بما في ذلك ثلاثة تفجيرات مميتة ، والتي ألقت باللوم فيها على الجبهة.,0.85
أعلنت الشركة أرباحاً بلغت 54.3 مليون دولار، أو 22 سنتاً للسهم الواحد، في نفس الفترة من العام الماضي.,كان هذا ارتفاعاً عن الربع السابق من العام الماضي، عندما حققت الشركة أرباحاً بقيمة 54.3 مليون دولار، أو 22 سنتاً للسهم.,0.84
انضمت إلى (بوسطن) يوم الإثنين مجتمعات (ماساتشوستس) في (واتيرتاون) و (سوجوس) و (فريمنغهام),جنبا إلى جنب مع بوسطن، ووتيرتاون، ساوغوس وفريمنغهام أيضا الذهاب خالية من التدخين الاثنين.,0.6
أسقط الجنود الإسرائيليون المنازل المتنقلة الفارغة وأبراج المياه في 10 مستوطنات صغيرة في الضفة الغربية خلال الليل كجزء من خطة السلام في الشرق الأوسط المدعومة من الولايات المتحدة.,بدأ الجنود الإسرائيليون في هدم المواقع الاستيطانية في الضفة الغربية أمس - وهو التزام إسرائيلي بموجب خطة سلام جديدة في الشرق الأوسط.,0.76
لم تكشف النقابة بعد عن السلسلة التي ستكون مستهدفة,قالت النقابة أنها ستكشف لاحقاً أي سلسلة ستكون مستهدفة,0.92
"أخرج كل شيء ، ""يقول هوارد ديفيدويتز ، رئيس ديفيدويتز وشركاء ، شركة استشارية وطنية للبيع بالتجزئة مقرها في مدينة نيويورك.","سواء كانت بريئة أم لا، ""إنها بضاعة تالفة""، قالها هوارد دافيدويتز، رئيس شركة دافيدويتز وشركاؤها، وهي شركة استشارية وطنية للبيع بالتجزئة في نيويورك.",0.28
وتشمل المنتجات المحدثة Pylon Pro و Pylon Conduit و Pylon Anywhere و Pylon Application Server.,المنتجات الجديدة على جانب سطح المكتب تتضمن أحدث إصدارات Pylon Conduit و Pylon Pro.,0.56
السلطات التركية قالت أن جميع الانتحاريين كانوا أتراك,أنقرة تقول أن جميع الانتحاريين الأربعة كانوا أتراك,0.84
في أبريل، كان قد توقعت أرباح التشغيل في نطاق 60 إلى 80 سنتا للسهم.,"""كوداك"" تتوقع أرباحاً تتراوح بين 5 و 25 سنتاً للسهم الواحد خلال الربع.",0.2
من (فلوريدا) إلى (ألاسكا) ، آلاف المحتفلين تعهدوا بالضغط من أجل المزيد من الحقوق القانونية، بما في ذلك زواج المثليين.,الآلاف من المحتفلين، يحتفلون بالقرار، وتعهدوا بالضغط من أجل المزيد من الحقوق القانونية، بما في ذلك زواج المثليين.,0.84
مصر وإسرائيل وأستراليا,دول مثل إسرائيل وأستراليا لديها بالفعل هذا الوضع.,0.5
تظهر النتائج في مجلة الجمعية الطبية الأمريكية يوم الأربعاء.,سيتم نشر النتائج في عدد الأربعاء من مجلة الجمعية الطبية الأمريكية,0.7
بالإضافة إلى ذلك ، فإن مهد h2210 ⁇ s لديه مساحة لشحن بطارية ثانية.,المهد لH2200 لديه مساحة لإعادة شحن البطارية الثانية.,0.95
"أحد الأكراد الأربعة عشر أشار إلى كلمة ""لاجئ"" في قاموس إنجليزي تركي.","كان هناك رجل يحمل قاموسًا إنجليزيًا تركيًا وأشار إلى كلمة ""لاجئ"".",0.7
"""التعاون الوثيق بين وكالات إنفاذ القانون وأجهزة الاستخبارات يقع في قلب المعركة المستمرة ضد الإرهاب""، قال السيد هوارد.",وقال إن التعاون الوثيق بين وكالات إنفاذ القانون الإقليمية وأجهزة الاستخبارات كان في صميم مكافحة الإرهاب.,0.8
في عام 2006، تقول المجموعة أن السوق سوف ترتفع 29.6 في المئة إلى 21.3 مليار دولار في المبيعات.,في عام 2006 ، ستبلغ آسيا والمحيط الهادئ عن نمو بنسبة 7.9 في المئة إلى 81.8 مليار دولار.,0.4
قال الكابتن روبرت رامزي من الفرقة المدرعة الأمريكية الأولى إن شاحنة انفجرت خارج المبنى حوالي الساعة الحادية عشر صباحاً وأن أحد الجدران الخارجية للمجمع قد انهار.,الكابتن (روبرت رامزي) من الفرقة المدرعة الأمريكية الأولى قال أن شاحنة انفجرت خارج المبنى حوالي الساعة الحادية عشر صباحاً,0.64
هذا الخريف الشمالي مدربون أمريكيون سيعملون مع جنود من أربع دول شمال أفريقيا في الدوريات وجمع المعلومات,في وقت لاحق من هذا العام، سوف ترسل القيادة مدربين مع جنود من أربع دول شمال أفريقيا في مهمات دورية وجمع المعلومات الاستخباراتية.,0.76
"""الأرقام تصبح كارثية""، قال الدكتور باتريك بيلوكس، رئيس جمعية أطباء غرفة الطوارئ.","هذا غير مقبول""، قال باتريك بيلوكس، رئيس جمعية أطباء الطوارئ في فرنسا.",0.5
"""مهما حدث لك كعقاب فمن المؤكد أنه أكثر من كاف""، قال كوفيلو للشاب البالغ من العمر 49 عاماً، الذي ملأت عائلته وأصدقائه ومؤيديه نصف قاعة المحكمة.","""ما حدث لك ، يا سيدي ، على سبيل العقاب ، هو بالتأكيد أكثر من كافية ،"" وقال كوفيلو.",0.6
كما زعمت الأم في الدعوى أنها تعرضت للاعتداء الجنسي من قبل أحد الحراس.,كما زعمت الأم أنها تعرضت للاعتداء الجنسي من قبل أحد الحراس خلال المواجهة في عام 1998.,0.8
نعم، من اليوم فلاش الذاكرة التي تم شراؤها من أم دي أو فوجيتسو سيكون العلامة التجارية سبانشن.,تتوفر حلول ذاكرة Spansion Flash في جميع أنحاء العالم من AMD و Fujitsu.,0.53
أكبر مصنعي السيارات في العالم قالوا أن مبيعاتهم في الولايات المتحدة انخفضت أكثر مما كان متوقعاً الشهر الماضي حيث تسببت جنون المبيعات في أواخر الصيف في رد فعل صناعي أكثر من المتوقع.,انخفضت المبيعات المحلية في كل من جنرال موتورز و رقم 2 فورد للسيارات أكثر مما كان متوقعاً,0.64
عاصفة استوائية تطورت بسرعة في خليج المكسيك يوم الأحد وكان من المتوقع أن تضرب في مكان ما على طول سواحل تكساس أو لويزيانا بحلول ليلة الاثنين.,عاصفة استوائية تطور بسرعة في خليج المكسيك يوم الأحد ويمكن أن يكون الرياح إعصار قوة عندما يضرب الأرض في مكان ما على طول ساحل لويزيانا ليلة الاثنين.,0.8
قد يزداد الضغط يوم الخميس مع التغطية الوطنية للدورة النهائية المخطط لها من قبل شبكة ESPN الرياضية.,الضغط سيزداد اليوم مع التغطية الوطنية للجولة النهائية التي خططت لها شبكة (إيه إس بي إن) والكلمات التي أصبحت أكثر صعوبة.,0.64
أشاد باتاكي بقرار إبراهيم، وقال رئيس LIPA ريتشارد كيسيل أن الكابل يجب أن يظل قيد التشغيل بشكل دائم.,"رئيس ليبا ريتشارد كيسيل قال أن هذا يعني أن الكابل يمكن استخدامه ""كما نراه مناسبا.",0.48
جاء دينيس إلى جامعة كاليفورنيا في سان دييغو في عام 1991 بعد 22 عامًا كفيزيائي مع مختبرات AT&T بيل.,كان دينيس في جامعة كاليفورنيا في سان دييغو منذ عام 1991 بعد أن أمضى 22 عامًا مع مختبرات AT&T بيل ، حيث عمل على الموصلات الفائقة وغيرها من المواد.,0.72
التهاب السحايا هو عدوى لسائل الحبل الشوكي والأنسجة المحيطة بالدماغ.,التهاب السحايا هو عدوى السائل في الحبل الشوكي للشخص وحوله الدماغ.,0.92
قال العمدة (جو تي باركر) في وقت متأخر يوم الخميس أن العمال الثلاثة كانوا رجلان وامرأة كانوا داخل المبنى عندما وقع الانفجار الأول.,العمال المفقودون، رجلين وامرأة، كانوا داخل المبنى عندما وقع الانفجار الأول، قال العمدة جو تي باركر.,0.88
"قال علي صفوي المسؤول في المجلس الوطني للمحققين في لندن لرويترز: ""نحن ندين هذه الغارة، التي هي في نظرنا غير قانونية وغير مبررة من الناحية الأخلاقية والسياسية"".","""نحن ندين هذه الغارة التي هي في نظرنا غير قانونية وغير مبررة أخلاقيا وسياسيا""، قال مسؤول NCRI في لندن علي صفوي لرويترز عبر الهاتف.",0.92
لقد انفجرت في يديه لكن رئيس الوزراء الإيطالي السابق لم يتأذى,رسالة القنبلة التي أرسلت إلى برودي انفجرت في يديه لكنه لم يصب بأذى,0.72
محامي حلبي العسكري، الرائد جيمس كاي، نفى التهم، التي يمكن أن تحمل عقوبة الإعدام.,المحامي الذي يمثل الحلبي، الرائد جيمس كي الثالث من القوات الجوية، نفى الاتهامات، وفقًا لوكالة أسوشيتد برس.,0.64
"وقالت واكسال في رسالة إلى المحكمة: ""لقد مزقت عائلتي.",في طلب التساهل، اعتذر واكسال للمحكمة، موظفيه وعائلته.,0.4
منذ بداية شهر مايو، تلقت المدينة 1400 تقرير عن جثث طيور الجايز الزرقاء والغربان، كما قال جايرو.,منذ بداية شهر مايو، تلقت المدينة 1400 تقرير، كما قال.,0.56
"لكن فورست، منظمة الحرية من أجل الحق في التمتع بالتدخين، قالت: ""ذكر كلمة الحظر وكل شخص يعرف ما حدث هناك.","وقال ""فورست""، منظمة الحرية من أجل الحق في التمتع بالتبغ، أنها استقبلت دعوة ""لانسيت"" بـ""التسلية والكفر"".",0.32
"بمجرد تحويلها، ستمتلك ""بايستار"" إجمالي حوالي 2.95 مليون سهم من أسهم شيكاغو العادية أو 17.5 في المائة من أسهم الشركة القائمة.","هذا الاستثمار يمنح ""بايستار"" التي تتخذ من ""لاركسبور"" مقراً لها أكثر من 2.9 مليون سهم من الأسهم العادية لشركة ""إس سي أو"" أو 17.5 في المائة من الأسهم القائمة في الشركة.",0.8
من المقرر أن يضغط منتجو أوبك في اجتماع يوم الأربعاء على مصدري النفط المستقلين للمساهمة في خفض الإمدادات القادم للكارتل للسماح بعودة النفط العراقي.,ومن المقرر أن تضغط أوبك هذا الأسبوع على المصدرين المستقلين لدعم خفض الإمدادات التالي للكارتل لمنع استئناف الصادرات العراقية التي تخفض أسعار النفط.,0.56
طلبت لجنة التجارة الفيدرالية (FTC) من الكونغرس اليوم سلطة إضافية لمكافحة البريد المزعج غير المرغوب فيه على الإنترنت، والذي يمثل الآن ما يصل إلى نصف جميع حركة البريد الإلكتروني.,طلبت لجنة التجارة الفيدرالية من الكونغرس أمس سلطات أوسع لمهاجمة مشكلة البريد العشوائي المتزايدة بسرعة، والتي أظهرت دراسات جديدة أن نصف جميع رسائل البريد الإلكتروني.,1.0
اتهمتهم هيئة محلفين فيدرالية يوم الثلاثاء؛ تم إغلاق الوثيقة حتى أمس للسماح للسلطات بإجراء الاعتقالات.,قال مسؤولون اتحاديون أن الوثيقة بقيت مختومة حتى صباح الخميس للسماح للسلطات بإجراء الاعتقالات في خمس ولايات غربية.,0.68
"الأشخاص الذين عارضوا هذه الإجراءات طوال الوقت يحاولون الآن إيجاد أسباب جديدة لقول أن هذا لم يكن الشيء الصحيح الذي يجب القيام به. ""","""ما يحدث هنا هو أن الناس الذين عارضوا هذا الإجراء طوال الوقت يحاولون إيجاد أسباب جديدة لماذا لم يكن الشيء الصحيح الذي يجب القيام به"".",0.8
(ريتشارد ميلر) بقي في المستشفى بعد خضوعه لعملية زرع كبد، لكن زوجته تعافيت.,(ريتشارد ميلر) البالغ من العمر 57 عاماً نجا من عملية زراعة الكبد التي أنقذت حياته لكنه لا يزال في المستشفى,0.64
لم يكن من الممكن الوصول إلى الممثلين التاليين للتعليق على إعلان منظمة شنغهاي للتعاون.,المتحدث باسم منظمة شنغهاي للتعاون لم يستطع الوصول للتعليق بعد ظهر اليوم,0.76
انخفضت نسبة الأشخاص الذين يغطيهم أرباب العمل من 62.3 في المائة في عام 2001 إلى 61.3 في المائة العام الماضي.,انخفضت نسبة الأمريكيين الذين لديهم تأمين من أرباب العمل إلى 61.3 في المئة، من 62.6 في المئة في عام 2001 و 63.6 في المئة في عام 2000.,0.64
الليتون هيويت اتهم جمعية محترفي التنس بالخيانة بما في ذلك محاولة مزعومة العام الماضي لخداعه في رفض اختبار المخدرات,الليتون هيويت اتهم زملائه المهنيين بالخيانة منذ فترة طويلة بما في ذلك محاولة العام الماضي لخداعه في رفض اختبار المخدرات,0.8
سيكون MSN Messenger 6 متاحًا للتنزيل بدءًا من الساعة 6 مساءً بتوقيت جرينتش يوم الأربعاء من http://messenger.msn.com/download/v6preview.asp.,سوف يكون برنامج MSN Messenger 6 متاحًا من الساعة 11 صباحًا بالتوقيت المحلي يوم الأربعاء ، وفقًا لمايكروسوفت.,0.65
"فيما يتعلق بالحادث، لقد اعترفت بأنني تصرفت بشكل غير لائق"".","""لقد اعترفت بأنني تصرفت بشكل غير لائق،"" قال.",0.85
"قال متحدث: ""منذ نوفمبر، تعاوننا بشكل كامل مع الشرطة.","وأضاف أنه ""تعاون بشكل كامل"" مع الشرطة منذ نوفمبر/تشرين الثاني.",0.85
يعتقد الباحثون في ملبورن أن النساء اللواتي يأكلن البطاطا وغيرها من الخضروات المثمرة أثناء الحمل قد يكونن عرضة لخطر الإصابة بمرض السكري من النوع الأول لدى أطفالهن.,يعتقد الباحثون الأستراليون أنهم وجدوا سببًا لداء السكري من النوع الأول لدى الأطفال، وهو أن أمهاتهم تناولن البطاطا وغيرها من الخضروات المثمرة أثناء الحمل.,0.85
مؤشر ستاندرد أند بورز 500 العريض (SPX) ارتفع 3 نقاط، أو 0.32 في المئة، إلى 970.,فقد مؤشر ناسداك المركب المرتبط بالتكنولوجيا .IXIC نقطتين، أو 0.18 في المائة، إلى 1.649.,0.15
الأشخاص الذين كانوا يعتقدون أن ضغط الدم لديهم جيد في الواقع قد يكونون في طريقهم إلى ارتفاع ضغط الدم بموجب المبادئ التوجيهية الجديدة للولايات المتحدة التي نشرت يوم الأربعاء.,الأشخاص الذين كانوا يعتقدون أن ضغط الدم لديهم على ما يرام في الواقع بحاجة إلى البدء في ممارسة الرياضة وتناول الطعام بشكل أفضل، وفقاً للمبادئ التوجيهية الجديدة للولايات المتحدة التي نشرت يوم الأربعاء.,0.6
أوردت أمازون أيضًا أن مكتب المدعي العام في نيويورك قد توصل إلى تسوية في اتهامات الاحتيال المدني مع أحد المزيفين الذين حددتهم.,أمازون ومكتب المدعي العام في نيويورك قد توصلوا بالفعل إلى تسوية مع أحد المزيفين المزعومين لرسائل البريد الإلكتروني,0.75
حصلت الممثلة البارزة على الممثلة الجديدة ماريسا جاريت وينوكور بدور تريسي ابنة إدنا,(ماريسا جاريت وينوكور) بدور (ترايسي) فازت بجائزة أفضل ممثلة في مسرحية موسيقية,0.8
"""يبدو من تقريرنا الأولي أن هذا كان هبوط كتابي بالنظر إلى الظروف""، قال بورك.","قال السيد (بورك): ""كان هبوطاً كتابياً بالنظر إلى الظروف""",0.8
ارتفعت أسهم ألليجانت 4 دولارات، أو 17.2 بالمائة، إلى 27.43 دولار في التداول صباح الخميس في بورصة ناسداك.,أسهم (الليجانت) أغلقت يوم الأربعاء عند 23.40 دولار، بزيادة 64 سنتاً، في التداول في سوق (ناسداك).,0.4
بموجب قانون الولاية، مكالمات 911 ليست معلومات عامة ولم يتم نشرها.,بموجب القانون، مكالمات 911 ليست معلومات عامة في رود آيلاند.,0.68
انخفضت أسعار الـ (ADRs) 10 سنتات إلى 28.95 دولار في الساعة 10: 06 صباحاً في التداول المركب في بورصة نيويورك اليوم.,انخفضت أسهم فوكس إنترتينمنت جروب إنك، الذراع الإعلامية والترفيهية الأمريكية لشركة نيوز كورب، 45 سنتًا إلى 26.85 دولارًا في التداول المركب في بورصة نيويورك.,0.28
قال بريمر أن إحدى المبادرات هي إطلاق برنامج وطني بقيمة 70 مليون دولار في الأسبوعين المقبلين لتنظيف الأحياء وبناء مشاريع المجتمع.,قال بريمر إنه سيطلق برنامجاً بقيمة 70 مليون دولار في الأسبوعين المقبلين لتنظيف الأحياء في جميع أنحاء العراق وبناء مشاريع مجتمعية، لكنه لم يذكر أي تفاصيل.,0.68
وأضاف مؤشر ناسداك المركب 30.46 نقطة، أو 2 في المئة، إلى 1.520.15.,شهد مؤشر ناسداك زيادة أسبوعية بلغت 17.27، أو 1.2 في المئة، حيث أغلق عند 1.520.15 بعد زيادة 30.46 أمس.,0.48
وزارة الخارجية البريطانية قالت يوم الاثنين أن سلطات التحالف في العراق كانت سعيدة بأن الرجال أطلق سراحهم.,وزارة الخارجية البريطانية قالت أنها وساطت في إطلاق سراح الرجلين.,0.52
"وتقدر شركة ""وول مارت"" أن أكثر من 100 مليون أمريكي يزورون متاجرها كل أسبوع.",كل أسبوع 138 مليون متسوق يزورون 4750 متجر وول مارت,0.56
"أضاف السيد برودي: ""ربما، لكن الشيخوخة تساعدنا على فهم نقاط قوتنا وضعفنا"".",ربما، لكن الشيخوخة تساعدنا على فهم قوتنا وضعفنا وحقيقة العالم.,0.64
"""أنا فخور بأنني وقفت ضد ريتشارد نيكسون، وليس معه""، قال كيري.","""لقد سارّت في الشوارع ضد (ريتشارد نيكسون) وحرب فيتنام""، قالت.",0.48
"أسهم ""كوريكسا"" ارتفعت بـ 71 سنتاً، أو 10%، إلى 7.91 دولار في بورصة ""ناسداك"".",في التداول في وقت متأخر من الصباح في بورصة ناسداك، ارتفعت كوريكسا 74 سنتا، أو 10٪، إلى 7.94 $.,0.65
رفض المتحدثون باسم مكتب التحقيقات الفيدرالي، وكالة المخابرات المركزية، وأجهزة الاستخبارات الأمنية الكندية والشرطة الملكية الكندية التعليق على إقامة الشكريومة في كندا.,رفض مكتب التحقيقات الفيدرالي، وكالة المخابرات المركزية، ووكالة المخابرات الأمنية الكندية والشرطة الملكية الكندية التعليق على تقرير صحيفة واشنطن تايمز.,0.55
"""لقد كانت هذه مشكلة مستمرة لم يتم حلها""، قال عضو لجنة التحقيق ستيفن والاس.","""كانت هذه مشكلة مستمرة التي لم يتم حلها، ميكانيكيا وجسديا""، قال عضو مجلس الإدارة ستيفن والاس.",0.8
"""الأميركيون لا يهربون، علينا أن نرى هذه المغامرة السيئة"" قالت.","وتعهدت أيضاً بإحلال السلام في العراق: ""الأميركيون لا يقطعون ويهربون، علينا أن نرى هذه المغامرة السيئة"".",0.72
"وقال ""لا يوجد شك حول البرنامج الكيميائي، البرنامج البيولوجي، في الواقع البرنامج النووي، في الواقع كل ما تم توثيقه من قبل الأمم المتحدة"".","وأضاف: ""لا يوجد شك حول البرنامج الكيميائي والبرنامج البيولوجي وبالفعل برنامج الأسلحة النووية.",0.76
ريدج) قال أنه لن يتم استخدام المتفجرات الحقيقية أو الأجهزة الضارة في التمرين),ريدج) قال أنه لن يتم استخدام المتفجرات الفعلية) أو أي مواد ضارة أخرى,0.92
"هذه هي أمريكا، أصدقائي، وهذا لا ينبغي أن يحدث هنا، ""قال للتصفيق الصاخب.","""هذه هي أمريكا، أصدقائي، وهذا لا ينبغي أن يحدث هنا"".",0.65
في الأول من مايو، زحف عبر وادي ضيق وملتوي، نزلت من على منحدر يبلغ طوله 60 قدماً مشيت نحو ستة أميال أسفل الوادي.,لقد زحف عبر وادي ضيق ومتعرج، ونزل من على منحدر يبلغ ارتفاعه 60 قدماً، وسار حوالي ستة أميال أسفل الوادي بالقرب من حديقة كانيونلاندز الوطنية في جنوب شرق يوتا.,0.75
قالت منظمة العفو الدولية أنه على مدى السنوات العشرين الماضية جمعت معلومات عن 17000 حالة اختفاء في العراق ولكن الرقم الفعلي قد يكون أعلى بكثير.,قالت منظمة العفو الدولية أنه على مدى السنوات العشرين الماضية جمعت معلومات عن 17000 حالة اختفاء في العراق.,0.8
"صعدت ""تكساس إنسترومنتس"" 1.37 دولار إلى 19.25 دولار أمس و ""نوفيلوس سيستمز"" تقدمت 1.76 دولار إلى 36.31 دولار","ارتفعت أدوات تكساس 1.37 دولارًا إلى 19.25 دولارًا أمريكيًا وقدمت Novellus Systems 1.76 دولارًا أمريكيًا إلى 36.31 دولارًا أمريكيًا ، حيث رفع كل منها إلى ""زيادة الوزن"" من قبل ليمان.",0.75
لقد طلبت الإعفاء من جلسة مجلس الوزراء الأسبوع الماضي لتحضير لقاء مع رؤساء رواندا وأوغندا.,لقد اتخذت خطوة غير عادية للغاية لتخطي مجلس الوزراء لحضور اجتماع مع رؤساء رواندا وأوغندا.,0.69
في خليط من الطقوس الوثنية القديمة والمسيحية الحديثة، قامت القرويين بسلسلة من الاحتفالات على أمل محو المصائب التي يعتقدون أنها أبقتهم فقراء.,في خليط من الطقوس الوثنية الميلانيزية القديمة والمسيحية الحديثة حاول الناس مرة أخرى محو المصائب التي يعتقدون أنها أبقتهم فقراء منذ تلك الوجبة منذ فترة طويلة.,0.8
متوسط داو جونز الصناعي .DJI ارتفع 13.33 نقطة، أو 0.15 في المئة، إلى 9،196.55.,انخفض متوسط مؤشر داو جونز الصناعي إلى 7.75 نقطة، أو 0.08 في المائة، إلى 9.175.47 نقطة.,0.5
عادة ما توجد الجدري فقط في وسط وغرب أفريقيا.,كلاب البراري، عادة ما توجد في الولايات الجنوبية الغربية والغربية، ليست من السكان الأصليين في ويسكونسن.,0.05
الفيلم هو الثاني من ثلاثية، والتي ستختتم في نوفمبر مع ثورات المصفوفة.,"""Reloaded"" هو الجزء الثاني من ثلاثية؛ ""The Matrix Revolutions"" من المقرر أن يبدأ في نوفمبر.",0.77
"بالإضافة إلى ذلك، قالت وزارة العدل أن مكتب التحقيقات الفيدرالي أجرى ""أقل من 10"" تحقيقات تتضمن زيارات إلى المساجد.","بالإضافة إلى ذلك، قالت وزارة العدل أن ""أقل من 10"" مكاتب مكتب التحقيقات الفيدرالي أجرت تحقيقات تتضمن زيارات إلى المساجد الإسلامية.",0.75
يتزامن الإطلاق مع مؤتمر مطوري JavaOne في سان فرانسيسكو هذا الأسبوع.,تأتي الأخبار أيضًا بالتزامن مع مؤتمر Sun السنوي لمطوري JavaOne في سان فرانسيسكو.,0.65
واجب ملكي مبني على تجاربه مع ديانا، أميرة ويلز والرسائل المزعومة من وإليها.,العائلة المالكة كانت تستعد لمزيد من الكشوفات في واجب ملكي، استنادا إلى وقت الخادمة السابقة مع ديانا، أميرة ويلز.,0.55
قال الجيش إن الغارة، التي جاءت بعد أيام قليلة من إطلاق القوات الإسرائيلية النار وقتل عبد الله كواسمي، زعيم حماس في المدينة، استهدفت المسلحين في حماس.,وجاءت الاعتقالات بعد أيام قليلة من إطلاق القوات الإسرائيلية النار وقتل عبد الله كواسمي، زعيم الجماعة المتشددة في الخليل.,0.6
ذهب سارس إلى المطالبة بحياة 44 شخص في منطقة تورونتو، بما في ذلك اثنين من الممرضات وطبيب.,قتل الفيروس 44 شخصًا في منطقة تورونتو، بما في ذلك طبيب وممرضين.,0.64
أعلنت شركة أبل كومبيوتر يوم الاثنين أن خدمة الموسيقى الجديدة على الإنترنت باعت أكثر من مليون أغنية خلال أسبوعها الأول من التشغيل.,أعلنت شركة أبل للكمبيوتر يوم الاثنين أنها تجاوزت توقعات صناعة التسجيلات من خلال بيع أكثر من مليون أغنية منذ إطلاق متجر الموسيقى على الإنترنت قبل أسبوع.,0.92
كان قد تم اعتقاله مرتين من قبل بتهمة التسلل و منع من دخول المجمع - موطن لوالدته و طفليه,لقد تم اعتقاله مرتين من قبل بتهمة التسلل و تم منع دخوله للمجمع,0.72
الرئيس والمدير التنفيذي لشركة أوراكل لاري إليسون لم يستبعد تيسير عرض الشركة غير المرغوب فيه,رئيس شركة أوراكل لاري إليسون ألمح إلى أن الشركة قد تزيد مرة أخرى من عرضها على منافستها بيبلسوفت,0.88
قالت دائرة الأرصاد الجوية البرتغالية أن موجة الحرارة في أوروبا ناجمة عن كتلة من الهواء الجاف الساخن تتحرك من الجنوب الشرقي.,وقال ماريو ألميدا من خدمة الطقس البرتغالية أن موجة الحرارة كانت بسبب كتلة من الهواء الحار والجاف من الجنوب الشرقي.,0.81
"""إن إنفاق أموال دافعي الضرائب لإنشاء صالات للمراهنات الإرهابية هو إهدار كما هو مثير للاشمئزاز""، أعلنوا في مؤتمر صحفي أمس.","""إن إنفاق دولارات دافعي الضرائب لإنشاء صالات للمراهنات الإرهابية هو إهدار كما هو مثير للاشمئزاز""، قال وايدن ودورغان يوم الاثنين في رسالة إلى البنتاغون.",0.7
"ومع ذلك ، فإن ""الحكم الغامض إلى حد ما"" قد يكون نكسة لـ Static Control اعتمادًا على كيفية تطوير منتجها المنافس ، كما قال محلل Merrill Lynch ستيفن ميلونوفيتش.","لكن المحلل في ميريل لينش ستيفن ميلونوفيتش قال أن ""الحكم الغامض إلى حد ما"" من قبل الجهات التنظيمية قد يكون نكسة لشركة ستاتيك كونترول اعتمادا على كيفية تطوير منتجاتها المنافسة.",1.0
يمكن للقردة تتبع تقدمها من خلال مشاهدة تمثيل مخطط للذراع وحركاته على شاشة الفيديو.,تم الاحتفاظ بالذراع في غرفة منفصلة، لكن القرود يمكنها تتبع تقدمها من خلال مشاهدة تمثيل للذراع وحركاته على شاشة فيديو.,0.8
هذا أدى إلى مواجهة الشرطة لمدة 47 ساعة والتي أثارت إزعاج آلاف الركاب، حيث تراجعت حركة المرور في وسط مدينة واشنطن وشمال فيرجينيا.,احتجاجه أدى إلى مواجهة لمدة 47 ساعة مع الشرطة التي تسببت في ازدحام مرور ضخم في وسط مدينة واشنطن وشمال فيرجينيا.,0.8
مؤشر ستاندرد أند بورز 500 ارتفع 6.48 أو 0.7 في المائة إلى 990.51,ارتفع مؤشر ستاندرد آند بورز 500 SPX بنسبة 6.48 نقطة، أو 0.66 في المائة، إلى 990.51 نقطة.,0.95
من المتوقع أن يحضر وزراء الزراعة من أكثر من مائة دولة المؤتمر الوزاري والتعرض الذي يستمر ثلاثة أيام حول العلوم والتكنولوجيا الزراعية والذي ترعاه وزارة الزراعة الأمريكية.,وزيرة الزراعة الأمريكية آن فينمان تبدأ المؤتمر الوزاري والمعرض لمدة ثلاثة أيام حول العلوم والتكنولوجيا الزراعية يوم الاثنين.,0.75
ما يعقد الوضع هو وجود الليبيريين المتمرسين في المعركة الذين كانوا يقاتلون في كلا الجانبين.,استمر القتال بشكل متقطع في الغرب، حيث يتعقد بسبب وجود الليبيريين المتمرسين في المعركة على كلا الجانبين.,0.8
"هذه السنة جمعية ""أودوبون"" تستضيف مرة أخرى إحصاء الطيور السنوي لعيد الميلاد",إنه إحصاء الطيور السنوي لجمعية (أودوبون) الوطنية، الآن في موسمها الـ104.,0.7
قبل إزالتها، أدرج الموقع باللغة الإنجليزية المكسورة القواعد للقراصنة الذين قد يشاركون.,قام المنظمون بإنشاء موقع على شبكة الإنترنت، http://defacerschallenge.com، قائمة باللغة الإنجليزية المكسورة قواعد القراصنة الذين قد يشاركون.,0.6
يعتقد الأطباء أن هرمون الاستروجين الخاص بالجسم يحمي من تلف الخلايا ويحسن تدفق الدم.,اعتقادهم كان مبنيًا على تكهنات بأن هرمون الاستروجين يمنع تلف الخلايا ويحسن تدفق الدم.,0.84
كما وجدوا أن القصر كان مرتبطًا بتاريخ عائلي لفقدان السمع.,تم العثور على القصر مرتين أكثر في أولئك الذين يعانون من فقدان السمع.,0.68
قال المديرون التنفيذيون في سيسكو إنهم يشجعهم التدفق النقدي البالغ 1.3 مليار دولار وزيادة صافي الدخل، لكنهم يأملون في انتعاش.,"تم تشجيع المديرين التنفيذيين في سيسكو من خلال 1.3 مليار دولار في التدفق النقدي وزيادة في صافي الدخل، لكنهم قالوا أنهم ما زالوا ""متفائلين بحذر"" حول انتعاش.",0.92
"في بيان عبر البريد الإلكتروني لـ""نوكسفيل نيوز سينتينيل""، قال شوماكر، ""أنا لا أضع أي اعتبار للاستقالة.","أنا لا أضع أي اعتبار للاستقالة"" قال شوماكر في بيان.",0.8
استطلاع رأي أظهر أن التنصت من مكتب التحقيقات الفيدرالي على العمدة قد أعطى دفعة لجهود إعادة انتخابه ضد منافسه الجمهوري سام كاتز.,استطلاع رأي صدر هذا الأسبوع أظهر أن تراقب مكتب التحقيقات الفيدرالي للعمدة قد أعطى دفعة لجهود إعادة انتخابه.,0.8
الراكب المصاب في مستشفى جون بيتر سميث توفي في وقت لاحق من صباح الجمعة، قال جونز.,"الراكب المصاب في جون بيتر سميث توفي في وقت لاحق من الصباح; اسمه لم يتم الإفراج عنه, جونز قال.",0.73
كان الأطباء يخططون لإنجابه قبل أسبوعين، في أو حول 14 نوفمبر.,كان قد تم التخطيط للقيصرية في منتصف نوفمبر، قبل أسبوعين.,0.72
"ينتشر Sobig.F عندما يفتح مستخدمو الكمبيوتر غير المتوقعين ملفات مرفقة في رسائل البريد الإلكتروني التي تحتوي على عناوين مألوفة مثل ""شكرًا لك!"" أو ""إعادة: التفاصيل"" أو ""إعادة: هذا الفيلم"".","ينتشر الفيروس عندما يفتح مستخدمو الكمبيوتر غير المتيقنين ملفات مرفقة في رسائل البريد الإلكتروني التي تحتوي على عناوين مألوفة مثل ""شكرًا لك!"" و ""إعادة: التفاصيل"".",0.8
"ارتفع مؤشر ناسداك المركب .IXIC المرتبط بالتكنولوجيا 17.26 نقطة، أو 1.06 في المائة، إلى 1,640.06، بناءً على أحدث البيانات.",فقد ارتفع مؤشر ستاندرد آند بورز 500 الأوسع نسبة 5.51 نقطة، أو 0.56 في المائة، إلى 981.73 نقطة.,0.2
مؤسسو المجموعة هم ماتسوشيتا إلكتريك ، سوني ، هيتاشي ، NEC ، Royal Philips Electronics ، سامسونج ، شارب وتوشيبا.,الأعضاء المؤسسين لـ CELF هم Hitachi و Matsushita و NEC و Philips و Samsung و Sharp و Sony و Toshiba.,0.68
"هل هو في مخزون الغذاء؟"" يقول ديفيد روبيك، مدير إعلام المخاطر في مركز هارفارد لتحليل المخاطر.","""إنه ليس صفر""، قال ديفيد روبيك، مدير إعلام المخاطر في مركز هارفارد لتحليل المخاطر.",0.35
خلال مباراة صراخ في عام 1999، أخبرت كارولين جون أنها لا تزال تنام مع بيرجين.,هي بدورها أخبرت (جون) أحياناً بأنها ما زالت تنام مع صديقها السابق (مايكل بيرجين) من مسلسل (باي ووتش),0.6
"من ناحية أخرى، إذا كان هذا سيساعد في إثبات براءة ستيف، فإننا نرحب به"".","""إذا كان تجفيف البرك في (ماريلاند) سيساعد في إثبات براءة (ستيف) ، فنحن نرحب بذلك""",0.65
قال (فليتشر) أنه يتوقع الحصول على دعم المشرعين من الولايات الزراعية، والكثير منهم في اللجنة.,قال إنه يتوقع أيضاً أن يحصل على دعم المشرعين من الولايات الزراعية الأخرى.,0.68
سبعة طلاب في العشرينات والحادية والعشرينات من العمر حُرموا من قبل الشرطة بسبب شربهم الكحول في غرفة فندق خارج الحرم الجامعي في وقت مبكر من يوم السبت مع امرأتين شابات في السادسة عشر والثامنة عشرة من العمر.,سبعة طلاب ذكر بعمر 20 و 21 تم القبض عليهم في غرفة فندق خارج الحرم الجامعي في وقت مبكر من يوم السبت مع اثنتين من المراهقات بعمر 16 و 18,0.64
مثل هذه الخطوة قد تضع المسألة أمام مجلس الأمن التابع للأمم المتحدة.,ثم يمكن إرسال المسألة إلى مجلس الأمن التابع للأمم المتحدة.,0.56
لقد خطط للبقاء طوال اليوم حتى يصل النهر إلى قمة، والتي كان من المتوقع أن تصل في وقت متأخر من الليلة الماضية.,هو والمحامون الآخرون خططوا للبقاء حتى يبدأ النهر بالتراجع,0.48
وفقًا لموقع المخيم الإلكتروني، يُقيم المخيم في الصيف رحلات دينية للأطفال وغيرها من الفعاليات على مدار السنة.,وفقًا لموقعها على الإنترنت، يستضيف مخيم القديسة صوفيا اعتصامات دينية للأطفال خلال أشهر الصيف بالإضافة إلى أحداث أخرى على مدار السنة.,0.68
قال المتداولون إن الزخم الهبوطي للعملة المشتركة مقابل الدولار قد يكتسب سرعة إذا انخفضت إلى أقل من 1.15 دولار.,قال المتداولون أن الزخم الهبوطي لليورو قد يكتسب سرعة إذا انخفض إلى أقل من 1.15 دولار.,0.72
ارتفعت أسهم (جيمستار) بنسبة 2.6 بالمئة، مضيفة 14 سنتاً إلى 5.49 دولار عند الإغلاق.,"ارتفعت أسهم ""جيمستار"" بعد الإخبار، بإغلاقها بنسبة 2.6 بالمئة عند 5.49 دولار في ""ناسداك"".",0.76
جنبا إلى جنب مع الشركة المصنعة للشرائح Intel ، تشمل الشركات Sony Corp. و Microsoft Corp. و Hewlett-Packard Co. و IBM Corp. و Gateway Inc. و Nokia Corp.,جنبا إلى جنب مع الشركة المصنعة للشرائح Intel ، تشمل الشركات Sony و Microsoft و Hewlett-Packard و International Business Machines و Gateway و Nokia وغيرها.,0.96
"شركة ""كروجر"" التي تملك ""رالفز"" وشركة ""ألبرتسونز"" تتفاوض مع ""سيفواي"" ويقفلون على عمال النقابة في اليوم التالي","في إظهار تضامن الشركات، شركة ""كروجر"" التي تملك ""رالفز""، وشركة ""ألبرتسون"" أغلقت أبواب عمالها في الصباح التالي.",0.76
وفقا لمكتب التعداد، ازداد عدد السكان من أصل أسباني بنسبة 9.8 في المئة من أرقام التعداد في أبريل 2000.,ارتفع عدد السكان من أصل أسباني بنسبة 9.8 في المائة من أرقام تعداد أبريل 2000، على الرغم من الظروف الاجتماعية والاقتصادية الأقل ملاءمة مما كانت عليه في التسعينيات.,0.67
قفزت أسهمها إلى 54.50 دولارًا في التداول قبل الافتتاح من 50.90 دولارًا في إغلاق يوم الأربعاء.,قفزت الأسهم ما يقرب من 7 في المئة في التداول قبل الافتتاح، حيث ارتفعت إلى 18.26 دولار من 17.05 دولار في إغلاق يوم الثلاثاء.,0.5
انخفض متوسط مؤشر داو جونز الصناعي إلى 58.69 نقطة، أو 0.64 في المائة، إلى 9.137.86.,انخفض متوسط داو جونز الصناعي .DJI بنسبة 79.43 نقطة، أو 0.86 في المئة، إلى 9117.12 يوم الجمعة.,0.48
محاميته (باميلا ماكي) قالت أن (براينت) يتوقع أن يبرئ تماماً,"""السيد (براينت) بريء ويتوقع أن يبرئ تماماً""، قال (ماكي) في بيان.",0.76
كان هذا أفضل تقدم منذ الأول من أكتوبر عندما ارتفع المؤشر إلى 22.25.,ارتفع مؤشر ستاندرد أند بورز 500 بنسبة 15.66 إلى 1.046.79، وهو أفضل تقدم له منذ 1 أكتوبر، عندما ارتفع بنسبة 22.25.,0.6
السيد (ماسك) قال أن السيد (كولين) سيتم أخذه من سجن مقاطعة (سومرست) بحلول يوم الخميس ويتم نقله إلى مستشفى (آن كلاين) الطب الشرعي خارج (ترينتون) للعناية النفسية,تم نقل (تشارلز كولين) البالغ من العمر 43 عاماً من سجن مقاطعة (سوميرسيت) في (سوميرفيل) إلى مركز (آن كلاين) الطب الشرعي,0.74
يعتقد العلماء أن الغبار النجمي يحوي آلاف الجسيمات من الغبار,تم تصميم (ستاردوست) لجمع الآلاف من جسيمات الغبار المتدفقة من (وايلد 2),0.6
ويهدف تقرير لجنة الخبراء المستقلين إلى تبديد أي شكوك حول تعامل حكومة هونغ كونغ مع أزمة سارس.,تم إصدار تقرير طال انتظاره حول كيفية تعامل حكومة هونغ كونغ مع تفشي مرض السارس.,0.55
ينفذ كلا الجهازين مرفق eSCO من معيار v1.2 لتوفير الأساس لتطبيقات الهاتفية اللاسلكية الجديدة.,يطبق BlueCore3 أيضًا مرفق eSCO v1.2 لتوفير الأساس لتطبيقات الهاتف اللاسلكي المتقدمة لنقل Bluetooth.,0.65
انخفاض أسعار الجملة الأساسية في أبريل عكس انخفاض أسعار السيارات والشاحنات وملابس الرجال والفتيان والسجائر.,كان هذا أكبر انخفاض منذ أغسطس 1993 ويعود إلى انخفاض أسعار السيارات والشاحنات وملابس الرجال والفتيان والسجائر.,0.7
عمال الإنقاذ الدوليين يبحثون عن الناجين من الحطام المسطح في مدينة بام الإيرانية التي تحطمت على طريق الحرير القديم بعد أن قتل زلزال عنيف أكثر من 20000 شخص.,عمل عمال الإنقاذ الدوليين يائسين من خلال الحطام المسطح للبقاء على قيد الحياة والمقابر التي غمرت في مدينة بام القديمة في طريق الحرير في إيران أمس.,0.6
غريفيث، من مواليد جبل إيري، يعيش الآن على ساحل كارولينا الشمالية في مانتيو.,(غريفيث) ، 77 عاماً، نشأ في (ماونت إيري) ويعيش الآن في (مانتيو),0.8
أعلن مجلس المؤتمرات أن مؤشر ثقة المستهلك في الولايات المتحدة تراجع إلى 83.5 في يونيو من 83.6 في مايو.,وقال مجلس المؤتمرات إن مؤشر ثقة المستهلك وصل إلى 83.5 في يونيو، بانخفاض طفيف عن 83.6 في مايو.,0.93
"""ألاحظ تغييراً في مزاجهم في أولوياتهم""، قال رجل سياسي.","""لقد لاحظت تغييرا في مزاجهم في أولوياتهم""، قال أحد السياسيين العراقيين بعد لقاء مع السيد بريمر.",0.67
هيذر، 35 عاما، التي فقدت ساقها في حادث سير، يعتقد أن لديها لوحات فولاذية مثبتة في وركها، مما من شأنه أن يجعل الولادة الطبيعية مستحيلة.,عارضة الأزياء السابقة (ليدي مكارتني) فقدت ساقها في حادث سير في عام 1993 و من المفهوم أن لديها لوحات فولاذية مثبتة في وركها مما يجعل الولادة الطبيعية صعبة.,0.48
"الشبكة ستسقط أيضاً إصدار ليلة الجمعة لـ ""ديت لاين""","الشبكة ستسقط إصداراً واحداً من ""ديتلاين""، مجلتها الإخبارية.",0.77
نائب الرئيس (ديك تشيني) والمرشح الجمهوري لحكم ولاية (ميسيسيبي) (هايلي باربور) يعترفون بالحشد المبتهج,نائب الرئيس ديك تشيني يقول أن جمهورية ميسيسيبي هيلي باربور ستكون حاكمة جيدة بسبب حكمه ومهارته في مجال الأعمال,0.48
تعمل الممرضة البالغة من العمر 51 عاماً في مستشفى نورث يورك العام، مركز تفشي المرض الأخير.,أصيب إيميل لاروزا (51 عاماً) بفيروس سارس أثناء عمله كممرضة في مستشفى نورث يورك العام، مركز تفشي فيروس سارس الثاني.,0.6
كما سمح (راش) بخمسة أو أكثر من الرسوم المكتسبة في كل من آخر ثلاث مبادرات له.,لقد سمح (ريدمان) بضربتين مستحقات أو أقل في ستة من بدايته التسعة,0.4
السيد (تيرنر) نقل حوالي 10 ملايين سهم إلى مؤسسة خيرية قبل أن يتم بيعها,مبيعات ترك السيد تيرنر مع حوالي 45 مليون سهم في AOL.,0.32
كما قام بتجنيد آخرين للمشاركة في الخطة عن طريق إقناعهم بتلقي البضائع التي حصل عليها بطريقة احتيالية والتي طلبها لنفسه.,كما قام بتجنيد أشخاص آخرين لتسليم البضائع التي حصل عليها بطريقة احتيالية التي طلبها.,0.8
ثم اختار فريق نيويورك ميتس لاستينغز ميلدج من مدرسة ليكوود رانتش الثانوية في فلوريدا.,"""المتس"" اختاروا ""لاستينغز ميلدج"" لاعب خارج من ""فلوريدا"" مع الاختيار الثاني عشر",0.76
عضو مجلس الشيوخ بولاية فلوريدا بوب جراهام لم يتم التعرف عليه من قبل 61 في المئة من الذين شملهم الاستطلاع,كيري كان ينظر إليه بإيجابية من قبل 66 في المئة من الذين شملهم الاستطلاع؛ دين في 57 في المئة.,0.25
ارتفع مؤشر ستاندرد آند بورز 500 الأوسع نسبة 3.47 نقطة، أو 0.36 في المائة، إلى 977.59 نقطة.,انخفض مؤشر ناسداك المركب المملوء بالتكنولوجيا .IXIC 8 نقاط، أو 0.45 في المئة، إلى 1645 نقطة.,0.2
ونتيجة لذلك، 24 لاعبا كسروا المعدل في الجولة الأولى.,أربعة وعشرون لاعباً حطموا المباراة في الجولة الأولى، ثالث أعلى رقم في تاريخ البطولة الأمريكية المفتوحة.,0.6
"سلسلة ""ألبرتسونز"" و ""كروجرز رالفز"" أغلقت أبواب عمالها رداً على ذلك","سلسلة ""كروجر رالفز"" و ""ألبرتسونز"" قفلوا على الفور عمال محلات البقالة لإظهار التضامن.",0.8
انخفض مؤشر ناسداك المركب المليء بالتكنولوجيا <.IXIC> بنسبة 37.78 نقطة، أو 1.94 في المائة، إلى 1.912.36 نقطة.,انخفض مؤشر ناسداك المركب 2.95، أو 0.2 في المئة، للأسبوع إلى 1.912.36 بعد تعثر 37.78 أمس.,0.4
أغلقت أسهم شركة شيكاغو عند 10.93 دولار، بانخفاض 28 سنتا، في التداول يوم الاثنين في بورصة ناسداك.,أسهم آي بي إم أغلقوا 1.75 دولار، أو 2.11 في المئة، عند 84.50 دولار في بورصة نيويورك.,0.2
صوت مجلس النواب بأغلبية 425 صوتاً مقابل 2 لصالح مشروع القانون الأول من 13 مشروع قانون يجب على الكونغرس إقراره كل عام لتمويل الحكومة الفيدرالية,مشروع القانون هو من بين أول 13 مشروع قانون يجب على الكونغرس إقراره كل عام لتمويل الحكومة الفيدرالية.,0.6
"وافق (نايت) على عقد لمدة عامين بقيمة 2.38 مليون دولار والذي يتضمن مكافأة توقيع بقيمة 300,000 دولار.","ذكرت شبكة ESPN أن صفقة نايت لمدة عامين تساوي 2.38 مليون دولار، بما في ذلك مكافأة توقيع بقيمة 300,000 دولار.",0.95
مقابل العملة اليابانية، كان اليورو عند 135.92/6.04 ين مقابل مستوى نيويورك في وقت متأخر من 136.03/14.,كان الدولار عند 117.85 ين مقابل العملة اليابانية، بزيادة 0.1 في المئة.,0.55
يتم إجراء العملية بشكل عام في الثلث الثاني أو الثالث من الحمل.,تستخدم هذه التقنية خلال الثلث الثاني، وأحيانا الثالث من الحمل.,0.9
بالإضافة إلى هامبتون ونيوبورت نيوز، تمول المنحة اختبار المياه في يوركتاون، مقاطعة كينغ جورج، نورفولك وفيرجينيا بيتش.,المنحة تمول أيضا اختبار الشاطئ في مقاطعة الملك جورج، نورفولك وفيرجينيا بيتش.,0.6
"قال أن المهاجمين تركوا خلفهم منشورات تحث موظفي فندق ""إشتار شيراتون"" على التوقف عن العمل في الفندق وتطالب القوات الأمريكية بمغادرة العراق.",قال أن المهاجمين تركوا خلفهم منشورات تحث العمال في فندق (إشتار شيراتون) على التوقف عن العمل في الفندق.,0.6
مع تسخين الدبلوماسية في الأزمة النووية التي استمرت قرابة 10 أشهر، من المقرر أن يزور وزير الخارجية الصيني لي تشاو تشينغ كوريا الجنوبية من 13 إلى 15 أغسطس.,مع ارتفاع درجة الحرارة الدبلوماسية في الأزمة التي استمرت قرابة 10 أشهر، سافر وزير الخارجية الصيني لي تشاو تشينغ إلى اليابان يوم الأحد في طريقه إلى كوريا الجنوبية في 13 أغسطس.,0.6
السندات الثورية ترغب في الاحتياطي الفيدرالي للاعتراف بأن المخاطر منحازة نحو الضعف الاقتصادي.,قال بنك الاحتياطي الفيدرالي أيضا أن المخاطر على الاقتصاد كانت متحيزة نحو الضعف,0.52
"""هناك إمكانية حقيقية للانهيار الثانوي""، قال الحاكم جيمس ماكغريفي.","المنطقة المتضررة من المرآب لم تكن مستقرة، مع ""إمكانية حقيقية للانهيار الثانوي""، كما قال ماكغريفي.",0.72
في المرتبة الثانية، شهدت شركة (إتش بي) انخفاض مبيعات خوادم (يونيكس) بنسبة 3.6 بالمئة إلى 1.36 مليار دولار.,"تراجعت شركة ""إتش بي"" إلى المركز الثاني مع نمو مبيعات الخوادم بنسبة 0.4 في المائة إلى 2.9 مليار دولار.",0.47
"قال الدكتور جيم يونج، مفوض أونتاريو للسلامة العامة: ""من الواضح أن الناس يعانون من الإزعاج"".","قال الدكتور جيمس يونغ، مفوض أونتاريو للسلامة العامة: ""نحن في حالة حذر شديد"".",0.45
"تم إعطاء الآخرين نسخ من ""الثورة الغذائية الجديدة للدكتور أتكينز"" وقيل لهم أن يتبعوها.","أعطى الباحثون نسخ من ""دكتور أتكينز ثورة النظام الغذائي الجديد"" لقطع الكربوهيدرات.",0.5
محامي المغني (مارك جان) لم يرد على المكالمات للتعليق,محامي مغني الراب البالغ من العمر 27 عاماً في القضية المدنية، (مارك جان) ، لم يرد على المكالمات للتعليق.,0.9
أيضاً أثرت على السوق أنباء أن جنرال موتورز تخطط لإصدار 10 مليارات دولار من الديون، جزئياً لسد ثغرة في خطة تقاعدها.,أيضاً جرحت الأخبار أن شركة جنرال موتورز ستصدر 10 مليارات دولار من الديون جزئياً لتغطية ثغرة في خطة معاشاتها,0.95
لم يعلق روسين؛ محاميه لم يحضر الجلسة ولم يرد على الرسائل الهاتفية.,محاميه، ابن عمه، باسل روسين، لم يحضر الجلسة ولم يرد على الرسائل الهاتفية.,0.68
ومع ذلك، انخفضت إيرادات الترخيص بنسبة 21 في المائة إلى 107.6 مليون دولار.,انخفضت مبيعات التراخيص، وهو مقياس رئيسي للطلب، بنسبة 21 في المائة إلى 107.6 مليون دولار.,0.8
السكان من أصل إسباني، وهي أسرع المجموعات العرقية نمواً في الولايات المتحدة، تجاوزوا السود ليصبحوا أكبر أقلية في الولايات المتحدة، وفقاً للأرقام الحكومية التي تم إصدارها حديثاً.,تخطى اللاتينيون رسمياً الأمريكيين الأفارقة كأكبر مجموعة أقلية في الولايات المتحدة، وفقاً لتقرير صدر عن مكتب الإحصاء الأمريكي.,0.7
أسقف أرميديل، بيتر برين، كان صريحاً.,"""ليس لديه خيار آخر"" قال أسقف أرميديل، بيتر برين",0.4
عندما يبدأ العمل بالكامل، من المتوقع أن توظف المنشأة ما يصل إلى 1000 شخص.,ستوظف المصنع 1000 شخص عندما يتم بناؤه بالكامل ، حسبما قالت الشركة.,0.8
مؤشر التكنولوجيا الحيوية في البورصة الأمريكية ارتفع بنسبة 5%,"مؤشر أشباه الموصلات في بورصة ""فيلادلفيا"" قفز 6.10 بالمئة",0.28
"""لقد أحببته حقاً ولازلت أحببه"" كوهين ألون قال لصحيفة هيرالد أمس.",وأنا حقاً أحببته، وما زلت أحبّه.,0.64
لفترة كاملة من 12 شهرًا انتهت في 30 يونيو 2003 ، زادت خطوط الخدمات المتقدمة لـ ADSL بنسبة 37 في المائة وزادت اتصالات مودم الكابل بنسبة 75 في المائة.,خلال فترة 12 شهراً انتهت في 30 يونيو/حزيران، ارتفع عدد الخطوط السريعة المثبتة في المنازل والشركات بنسبة 45 في المائة.,0.36
المفوض التعليمي للولاية (كنت كينغ) قال الأربعاء أن النتائج في اختبارات برنامج التقييم في ولاية (ميسوري) خاب أمله.,مفوض التعليم في ولاية (ميسوري) (كنت كينغ) قال أنه يشعر بخيبة أمل بسبب النتائج,0.64
وجد العملاء أكثر من ألف بطاقة ائتمان وأجهزة تكرار بطاقات الائتمان أثناء البحث عن عنوان (راجين).,عندما تمت مداهمة عنوان (راجين) عثرت السلطات على أكثر من ألف بطاقة ائتمان وأجهزة نسخ.,0.96
لويس، مع حوالي نصف عدد المتاجر، أبلغ عن زيادة 33 في المئة في الربع الثالث من الربح وراء قفزة 12 في المئة في مبيعات نفس المتجر.,"أعلنت ""هوم ديبوت"" عن زيادة بنسبة 22% في أرباح الربع الثالث وراء زيادة بنسبة 8% تقريباً في مبيعات نفس المتجر.",0.28
استحوذت كاليدرا على برنامج خادم يونيكس لشركة SCO الأصلية وغيرت اسمها إلى مجموعة SCO.,غيرت SCO اسمها إلى Tarantella، وCaldera غيرت اسمها لاحقًا إلى مجموعة SCO.,0.52
ألقاه الضباط على الأرض وربطوه بالأصفاد و (راينا) أسقطت ركبة في ظهره، وفقاً لشهادة,عندها قام الضباط بإلقائه على الأرض وربطوه بالأصفاد وفقاً للشهادة,0.65
أفضل الأسهم الأداء كانت مجموعة ألتريا التي ارتفعت بأكثر من 27 في المئة لتغلق عند 42.31 دولار للسهم.,مجموعة ألتريا انخفضت 50 سنتاً، أو 1.2 بالمئة، إلى 41.81 دولار.,0.35
"يحاول المسؤولون انتشال الجثث من الماء""، قال ضابط الشرطة جي دي تامبي لرويترز، مضيفا أن 26 من القتلى كانوا نساء.","""المسؤولون يحاولون انتشال الجثث من الماء""، قال مسؤول الشرطة جي دي تامبي لرويترز.",0.6
وفقًا لأبحاث السوق من مجموعة NPD ، انخفض عدد الأشخاص الذين يقومون بتنزيل الموسيقى من 14.5 مليون في أبريل إلى 10.4 مليون في يونيو.,انخفض عدد الأسر التي تشتري الموسيقى من 14.5 مليون في أبريل إلى 12.7 مليون في مايو و 10.4 مليون في يونيو ، وفقا لـ NPD.,0.7
"""هذه قضية سهلة من وجهة نظري وبدون أي أساس، من الناحيتين الفعلية والقانونية""","""هذه القضية عديمة الجدوى تماماً، من الناحية الفعلية والقانونية على حد سواء""، قال القاضي (ديني تشين) بسخرية.",0.65
أبلغت دائرة الأرصاد الجوية عن أقصى سرعة رياح مستمرة تبلغ 105 ميلاً في الساعة مع هبوب أقوى,أقصى رياح مستمرة كانت حوالي 40 ميلاً في الساعة، مع هبوب أقوى.,0.45
كان من المفترض أن يتم الكشف عن أوعية الواي فاي هذا الصيف، في مهرجانات الموسيقى في بريطانيا.,كان سيتم قريباً إطلاق أول حمام بوابة في العالم في المهرجانات الصيفية في بريطانيا العظمى.,0.8
أظهرت دراسة تاريخية أجريت في واشنطن أن الأشخاص الذين يشربون الشاي، وخاصة الشاي الأخضر، يمكنهم تقليل خطر الإصابة بسرطان البروستاتا إلى حد كبير.,[الصورة في الصفحة ٢٣],0.85
قال خبراء الأرصاد الجوية أن التحذيرات قد ترتفع في كوبا في وقت لاحق من يوم الخميس.,يمكن إصدار تحذيرات أو تحذيرات لشرق كوبا في وقت لاحق يوم الخميس.,0.8
يشكل الشيعة 20 في المئة من سكان البلاد.,السنة يشكلون 77 بالمئة من سكان باكستان، الشيعة 20 بالمئة.,0.6
الاتحاد، الذي يمثل أكثر من 2300 موظف في كومكاست، وصف ذلك بأنه مبالغ فيه عندما يحصل موظف النقابة النموذجي على حوالي 27000 دولار سنوياً.,اتحاد عمال الاتصالات، الذي يمثل أكثر من 2300 موظف في كومكاست، وصف حزمة الأجور التنفيذية بأنها مفرطة عندما يحصل موظف النقابة النموذجي على حوالي 27000 دولار سنوياً.,0.68
حققت مجموعة المستهلكين أرباحاً بقيمة 4.47 مليار دولار و إيرادات بقيمة 20 مليار دولار من يناير إلى يونيو، 53% من أرباح و إيرادات سيتي جروب.,لقد حققت أرباحاً بقيمة 4.47 مليار دولار و إيرادات بقيمة 20 مليار دولار في النصف الأول من العام، 53% من إجمالي إيرادات سيتي جروب.,0.76
(أنيكا سورنستام) جذبت الحشود و (ميشيل وي) حصلت على الدعاية و لكن (أنجيلا ستانفورد) حصلت على أول فوز لها في الجولف,(أنيكا سورينستام) و (ميشيل وي) جذبوا الحشود لكن (أنجيلا ستانفورد) فازت بأول بطولة لها على الجولف,0.8
رحلات الخطوط الجوية البريطانية من نيويورك إلى لندن ستنتهي في أكتوبر.,الخطوط الجوية البريطانية تخطط لتقاعد سبع طائرات كونكورد في نهاية أكتوبر.,0.5
السياسة الجديدة تعطي أهمية أكبر للدرجات، ودرجات الاختبارات وبرنامج دراسة الطالب في المدرسة الثانوية.,الإنجاز الأكاديمي -- بما في ذلك الدرجات، ودرجات الاختبارات وبرنامج دراسة المدارس الثانوية -- يعطى أعلى أولوية.,0.9
"كان النسخة الجديدة، W32/Sobig.C-mm، قد وصلت بالفعل إلى حالة تفشي ""المستوى العالي"" بحلول يوم الاثنين، وفقاً لمحللي الأمن.","قال محللون أمنيون إن النسخة الجديدة، W32 / Sobig.C-mm، وصلت بالفعل إلى حالة تفشي ""مستوى عال"" بحلول منتصف فترة ما بعد الظهر يوم الاثنين.",0.9
الشخص الآخر الوحيد الذي لم يتم تسجيله يوم الأحد كان رجلاً من فورت وورث، تكساس,شخص آخر، رجل من فورت وورث، تكساس، أيضاً مفقود.,0.72
فقد انخفض مؤشر ستاندرد آند بورز 500 الأوسع نسبة 11.91 نقطة، أو 1.19 في المائة، إلى 986.60 نقطة.,انخفض مؤشر ناسداك المركب المرتبط بالتكنولوجيا .IXIC بنسبة 16.68 نقطة، أو 1.01 في المئة، إلى 1.636.94.,0.16
وافق أعضاء AFTRA على الاندماج بأغلبية 75.88% مقابل 24.12%.,"من ناحية أخرى، وافقت ""أفترا"" على الاندماج بنسبة 75 بالمئة.",0.82
تراجعت العملة قليلاً لفترة وجيزة يوم الاثنين لتتداول عند 55.34/39 ، ليس بعيداً عن أدنى مستوى قياسي لها عند 55.75.,انخفضت العملة لفترة وجيزة صباح يوم الاثنين لكنها انتعشت لتتداول عند 55.25/29، مع تغيير ضئيل عن يوم الجمعة.,0.45
في حين أن بعض الأجزاء الأخرى من أفريقيا قد استخدمت كأراضي للمجموعة الإرهابية، لم تكن ملاوي في السابق محورًا رئيسيًا للتحقيقات في تنظيم القاعدة.,في حين أن بعض الأجزاء الأخرى من أفريقيا قد استخدمت كأرض تنظيم القاعدة، لم تكن ملاوي في السابق محورًا رئيسيًا للتحقيقات في المجموعة.,1.0
يوم الأحد، قتل جندي أمريكي وجرح آخر في جنوب العراق عندما انفجرت مستودع الذخائر.,يوم الأحد، قتل جندي أمريكي وأصيب آخر عندما انفجرت مستودع الذخائر الذي كانوا يحرسونه في جنوب العراق.,0.75
"""أنا متحمس جداً لأكون ""كليفلاند كافاليير"" قال جيمس","""أنا متحمس جداً للذهاب إلى كليفلاند""، قال جيمس لـ ESPN.com.",0.73
وفقًا لمسؤولي إنفاذ القانون، الشخص المعتقل كان مخترقًا متطورًا معروفًا.,وفقًا لمسؤولي إنفاذ القانون، فإن الفرد فك شفرة كلمات المرور على الخادم.,0.53
باستثناء تكاليف الدعاوى القضائية، ضاقت خسارة ريم أكثر إلى 1 سنت للسهم.,باستثناء قضايا براءات الاختراع، خسارة ريم للربع كانت 700،000 دولار، أو 1 سنت للسهم الواحد.,0.67
سجل مؤشر ستاندرد آند بورز 500 واسع النطاق (SPX) ارتفاعاً بنسبة 19.72 نقطة، أو 1.98 في المائة، إلى 1.015.69.,متوسط مؤشر داو جونز الصناعي قفز 2.09 في المئة، في حين أن مؤشر ستاندرد آند بورز 500 قفز 2.23 في المئة.,0.6
كما سيساعد على إصلاح شرطة جزر سليمان الملكية، وتعزيز نظام المحاكم والسجون وحماية المؤسسات الرئيسية مثل وزارة المالية من التخويف.,ستقوم قوة التدخل بمصادرة الأسلحة وإصلاح الشرطة وتعزيز المحاكم ونظام السجون وحماية المؤسسات الرئيسية مثل وزارة المالية.,0.69
"وقال السيد عليبيك: ""نتائجنا مشجعة للغاية.","""نتائجنا مشجعة جداً""، قال باحث جورج ميسون كين عليبيك.",0.76
هيئة المحلفين أدانت مغني الراب (سي-موردر) المعروف أيضاً بـ (كوري ميلر) بجريمة قتل من الدرجة الثانية ليلة الثلاثاء في إطلاق النار على شاب يبلغ من العمر 16 عاماً في ملهى ليلي في منطقة (جيفرسون),"تمت إدانة مغني الراب ""سي-موردر"" بجريمة قتل من الدرجة الثانية جريمة تنطوي على حكم بالسجن مدى الحياة",0.72
تشمل المسلسلات الأخرى لـ ويلز NBC's ER و Third Watch.,"تشمل المسلسلات الأخرى لـ ويلز ""ER"" و ""الحراسة الثالثة"" من NBC.",1.0
وقال دانيال بوغدن، المدعي العام الأمريكي في نيفادا، أن 33 من أصل 42 رجلاً قد ألقي القبض عليهم مساء الأربعاء.,34 من الرجال تم اعتقالهم والباقون مطلوبون، قال المحامي الأمريكي دانيال بوغدن أمس.,0.6
لانس أرمسترونغ الفائز بخمس جولات فرنسا والناجي من السرطان كان لديه بعض النصائح لغيره من الناجين من السرطان في دنفر يوم الجمعة,لانس أرمسترونغ الفائز بخمس جولات فرنسا في دنفر اليوم للاجتماع حول النجاة من السرطان,0.68
ونجت منه كما نجت من أبنائهم الأربعة -- الأبناء (أنتوني) و (كيلي) ، والبنات (ليندا هوب) و (نورا سومرز) -- وأربعة أحفاد,ترك هوب زوجته؛ الأولاد أنتوني وكيلي؛ البنات ليندا ونورا سومرز؛ وأربعة أحفاد.,0.76
اعتقلت الشرطة باستخدام رذاذ الفلفل 12 شخصًا مساء الاثنين في مسيرة وتجمع حوالي 400 ناشط احتجاجًا على ندوة تدريبية سنوية لوحدة استخبارات إنفاذ القانون.,استخدمت الشرطة رذاذ الفلفل والرصاص المطاطي لتفريق مسيرة وسط المدينة ومظاهرة الليلة الماضية من قبل النشطاء الذين يحتجون على ندوة تدريبية للشرطة السنوية,0.72
"أمرت الإدارة بتخفيض 18.2 بالمئة لشركة ""أول ستيت تكساس لويدز"" وتخفيض 12 بالمئة لشركة ""ستيت فارم لويدز"".","أمرت الإدارة بتخفيض بنسبة 12 في المائة لشركة ""ستيت فارم لويدز""، أكبر شركة تأمين في الولاية، وتخفيض بنسبة 18.2 في المائة لشركة ""أول ستيت تكساس لويدز""، ثالث أكبر شركة تأمين.",0.72
"أسهم ""كولجيت"" أغلقت يوم الإثنين عند 56.30 دولار في بورصة نيويورك","أسهم ""كولجيت"" انخفضت 30 سنتاً إلى 56 دولاراً في التداول الصباحي في بورصة نيويورك",0.48
أطلقت عدة طلقات في الظلام لكن تم قتل تمساح واحد فقط بحلول الساعة 11 مساءً,أطلقت عدة طلقات ليلة الأربعاء، لكن لم يقتل أي تمساح حينها.,0.48
كان مؤشر ستاندرد آند بورز 500 الأوسع نسبة 0.46 نقطة أقل، أو 0.05 في المائة، عند 997.02.,ارتفع مؤشر ناسداك المركب المرتبط بالتكنولوجيا .IXIC بنسبة 7.42 نقطة، أو 0.45 في المائة، إلى 1.653.44 نقطة.,0.18
"تعهد الجمهوريون بإكمال حزمة دواء ""ميدكير"" بحلول أغسطس، ثم تمديد الموعد النهائي إلى 17 أكتوبر، وما زالوا يعملون على ذلك.","تعهد الجمهوريون بإكمال حزمة دواء ""ميدكير"" بحلول أغسطس، ثم تمديدها حتى 17 أكتوبر.",0.95
ارتفع المؤشر، الذي يقيس النشاط في قطاع الخدمات، إلى 50.7 في الشهر الماضي من 47.9 في مارس.,ذكرت صحيفة ISM ومقرها أريزونا يوم الاثنين أن مؤشرها غير التصنيعي ارتفع إلى 50.7 في الشهر الماضي، من 47.9 في مارس.,0.7
يخطط بوش للقاء رئيس الوزراء الإسرائيلي آرييل شارون ورئيس الوزراء الفلسطيني الجديد محمود عباس في ميناء العقبة الأردني يوم الأربعاء.,يوم الأربعاء الأسبوع القادم، سيجتمع السيد بوش مع رئيس الوزراء الإسرائيلي آرييل شارون والزعيم الفلسطيني الجديد محمود عباس في العقبة، الأردن.,1.0
"""على عكس العديد من شركات الإنترنت في المرحلة الأولى، يُعتقد أن جوجل مربحة.",يُعتقد أن شركة جوجل المملوكة للقطاع الخاص مربحة.,0.72
"""من الآمن أن نفترض أن مجلس الشيوخ مستعد لتمرير شكل من أشكال الحد الأقصى""، قال كينغ.",من الآمن أن نفترض أن مجلس الشيوخ مستعد لتمرير شكل من أشكال الحد الأقصى ....,0.6
"وعندما سُئل إن كان يشعر بالندم أو بالذنب حيال الهجوم كانت إجابته ""لا"" حازمة","عندما سُئل عما إذا كان يشعر بأي ندم على هجوم 12 أكتوبر، كان الجواب ""لا"" قاطعًا.",0.76
شركة (رامبوس) الأخرى التي حققت أرباحاً كبيرة ارتفعت بنسبة 32 بالمائة.,شركة رامبوس ارتفعت بنسبة 38 بالمئة مما يجعلها أكبر نسبة ارتفاع في بورصة ناسداك,0.6
(روس بريت) هو رئيس مكتب (لوس أنجلوس) لـ (سي بي إس) و (ماركت ووتش).,(إميلي تشيرش) هي رئيسة مكتب لندن لـ (سي بي إس) و (ماركيت ووتش).,0.36
"""إذا مررتم بهذا القانون، سيراقبكم الأخ الأكبر""، قال النائب (جون مابري) من ولاية (واكو) الديمقراطية.","""إذا مررتم بهذا القانون"" قال النائب (جون مابري جونيور) الديمقراطي لزملائه ""سوف يراقبكم الأخ الأكبر""",0.96
(دوغلاس روبنسون) ، نائب الرئيس المالي، سيتولى منصب المدير المالي على أساس مؤقت.,(دوغلاس روبنسون) ، نائب الرئيس التنفيذي لشركة (كاليفورنيا) للشؤون المالية سيشغل هذا المنصب مؤقتاً,0.76
العديد من الولايات والحكومة الاتحادية في وقت لاحق أصدرت حظرا مماثلا أو أكثر صرامة.,بعد قيادة كاليفورنيا، أقرت العديد من الولايات والحكومة الفيدرالية حظراً مماثلاً أو أكثر صرامة.,0.8
ومع ذلك، أشار إلى أن على ميامي أن تقرر ما إذا كانت ستسعى للحصول على عضوية ACC للعام الدراسي المقبل بحلول 30 يونيو للانضمام إلى إرشادات Big East.,ومع ذلك، أشار إلى أن على ميامي أن تقرر ما إذا كانت ستسعى للحصول على عضوية ACC بحلول 30 يونيو للالتزام بتوجيهات الشرق الكبير.,0.92
"إيرادات فيلم ""هالك"" كانت أقل بكثير من إيرادات فيلم ""إكس2: إكس مين يونايتد"" الذي حصل على 85.6 مليون دولار في عطلة نهاية الأسبوع الأولى.",هولك يتبع تحويل مارفل كوميكس الشهر الماضي، إكس 2: إكس مين يونايتد، الذي حقق 85.6 مليون دولار في عطلة نهاية الأسبوع الافتتاحية.,0.96
"ارتفعت أسهم شركة ""إيكو ستار"" التي تتخذ من ليتلتون، كولورادو مقراً لها 1.63 دولار، أو 5.3 في المائة، إلى 32.26 دولار في الساعة 10:55 صباحاً.",يوم الاثنين، تراجعت أسهم إيكوستار 1.40 دولار، أو 4.4 في المئة، إلى 30.63 دولار.,0.4
"التوقيعات الصحيحة لـ 897,158 من الناخبين المسجلين في كاليفورنيا يجب أن يتم جمعها وتسليمها إلى مسؤولي الانتخابات في المقاطعة بحلول 2 سبتمبر.",لفرض إعادة انتخاب (ديفيس) ، يجب تسليم توقيعات 897158 من الناخبين المسجلين في كاليفورنيا إلى مسؤولي الانتخابات.,0.64
خسرت سندات الـ 10 سنوات المرجعية US10YT=RR 11/32 في السعر، مما أدى إلى ارتفاع عائدها إلى 3.21 في المائة من 3.17 في المائة في وقت متأخر من يوم الاثنين.,وبعدها، انخفضت سعر سندات الـ 10 سنوات المرجعية US10YT=RR بنسبة 18/32، ليصل عائدها إلى 3.24 في المائة من 3.17 في المائة.,0.44
دعت الحركة الديمقراطية إلى الإضراب لإجبار السيد موغابي إما على الاستقالة أو التفاوض على تسوية لأزمة زيمبابوي.,دعت الحركة الديمقراطية الديمقراطية إلى الاحتجاج لمدة أسبوع لحث موغابي إما على الاستقالة أو التفاوض على تسوية للأزمة التي تعصف بالبلاد.,0.8
ارتفعت الإيرادات 3.9 بالمئة، إلى 1.63 مليار دولار من 1.57 مليار دولار.,قالت الشركة التي تتخذ من ولاية فيرجينيا مقراً لها أن إيرادات الصحف زادت بنسبة 5 في المائة إلى 1.46 مليار دولار.,0.24
في يناير 2000، تمثل الحواسيب المحمولة أقل من 25 في المئة من حجم المبيعات.,هذا مقارنة مع يناير 2000، عندما تمثل أجهزة الكمبيوتر المحمولة أقل من 25 في المئة من حجم المبيعات، قال NPD.,0.8
الأرجنتيني (جيليرو كوريا) والهولندي (مارتن فيركيرك) في النصف الآخر,النصف النهائي الآخر بين غيليرمو كوريا من الأرجنتين و مارتن فيركيرك من هولندا هو أيضا مقنعة.,0.6
"""ما الذي يمكنني أن أقوله لكم؟"" قال للجمهور في مقبرة مع ألف من قبور، وكثير منهم وضع علامة على قبور العائلات بأكملها.",أخبر السيد (باول) حشدًا في مقبرة بها آلاف من أحجار القبور، العديد منها تحدد قبور عائلات بأكملها.,0.56
كان لديها شرط واحد فقط، أن الكتاب لا ينشر حتى وفاتها.,لكنها أصرّت على عدم نشرها حتى بعد وفاتها.,0.88
نُشرت النتائج في عدد 6 نوفمبر من مجلة Nature.,"نُشرت الدراستان يوم الخميس في مجلة ""نيتشر"" البريطانية الأسبوعية للعلوم.",0.52
"انخفض متوسط دخل الأسرة بنسبة 1.1 في المائة بين عامي 2001 و 2002 إلى 42,409 دولار، بعد حساب التضخم.",وجد نفس الاستطلاع أن متوسط دخل الأسرة ارتفع بمقدار 51 دولارًا ، عند حساب التضخم ، إلى 43،057 دولارًا.,0.28
تعهد زعماء الولايات المتحدة وأوروبا يوم الأربعاء بالعمل معًا لمنع إيران من تطوير أسلحة نووية، لتقديم جبهة موحدة بعد أشهر من التوتر المرير بشأن العراق.,قال بوش إن قادة الولايات المتحدة والاتحاد الأوروبي، في قمة واشنطن السنوية، اتفقوا على ضرورة منع إيران من تطوير أسلحة نووية.,0.64
ترك الجيش وذهب إلى سوريا حيث تلقّى التدريب الديني.,انتقل إلى سوريا، حيث خضع لمزيد من التدريب الديني في المعتقدات الإسلامية التقليدية.,0.6
كان من المقرر أن ينتهي الاجتماع مساء الأربعاء، مع المشاركين الموافقة على القرارات التي تعبر عن وجهة نظر الطائفة حول القضايا ولكن ليست ملزمة على الكنائس.,يوم الأربعاء، سيصوت الحضور على القرارات التي تعبر عن وجهة نظر الكنيسة المعمدانية الجنوبية بشأن القضايا، لكنها ليست ملزمة على الكنائس الفردية.,0.65
لكن الأداء غير الكافي للطلاب في مجموعات فرعية مختلفة وصفت الولاية بأنها ناقصة بموجب القانون الفيدرالي لعدم ترك أي طفل وراءه.,لكن الأداء غير الملائم للطلاب في مجموعات فرعية مختلفة، مثل العرق، دفع الولاية إلى قائمة احتياجات التحسين بموجب قانون عدم ترك أي طفل وراءه.,0.8
أدى ذلك إلى استعادة مذبح كانكوان الذي يزن 270 كيلوغراماً، والذي أعلنت عنه يوم الأربعاء جامعة فاندربيلت في ناشفيل والجمعية الجغرافية الوطنية.,أدى ذلك في الشهر الماضي إلى استعادة مذبح كانكون الذي يزن 600 رطل، أعلنت جامعة فاندربيلت في ناشفيل وجمعية الجغرافيا الوطنية الأربعاء.,0.65
"في ضربة غير خفية على (دين) ، توقع أن الأمريكيين لن ينتخبوا ديمقراطيًا ""يُصدر صوتًا غير مؤكد في هذه الأوقات الخطيرة"".","لن ينتخبوا رئيساً ديمقراطياً يُصدر قراراً غير مؤكد في هذه الأوقات الخطيرة"".",0.7
"يتوقع التقرير أن يكون هناك 71,079 نقطة ساخنة في جميع أنحاء العالم هذا العام، ارتفاعا من 14,752 فقط في عام 2002 و 1,214 في عام 2001.",ويدعي التقرير أيضاً أنه سيكون هناك ما يصل إلى 9.3 مليون زائر إلى المناطق الساخنة هذا العام، بزيادة أخرى من 2.5 مليون ضئيلة في عام 2002.,0.35
"دراسة جديدة، أجريت في أوروبا، وجدت أن الدواء عمل بنفس القدر الذي عملت به دراسة سابقة مثيرة للجدل، برعاية شركة ""إم كلون سيستمز"".","خلص الأطباء إلى أن ""إربيتوكس""، دواء السرطان الذي تورط ""إمكلون سيستمز"" في فضيحة التجارة الداخلية، عملت بنفس القدر الذي ذكرته دراسة سابقة برعاية الشركة.",0.54
قال محاميها دونالد ليفين لصحيفة التلغراف إنه تم تقديم 250،000 دولار أمريكي لإخبار قصتها حصريًا للتلفزيون الأسترالي.,السيد ليفين قال أنها عرضت 400000 دولار لتروي قصتها لشبكة تلفزيون أسترالية.,0.75
(بيري) دعا المشرعين إلى جلستين خاصتين لمناقشة إعادة تقسيم المناطق في الكونغرس.,منذ ذلك الحين، دعا (بيري) لجلستين تشريعيتين خاصتين في محاولة لإجبار خطة إعادة تقسيم المقاطعات.,0.75
"رفض مسؤولو شركة ""إيرتران"" ومسؤول من شركة ""بوينغ"" التعليق أمس.",ترش يورك، المتحدثة باسم بوينغ، رفضت التعليق على الصفقة.,0.8
الدعوى تُذكر اسم (شيلي) ، الديمقراطي، والمسجلين في مقاطعات (لوس أنجلوس) و (أورانج) و (سان دييغو).,الدعوى القضائية سميت وزير الخارجية كيفن شيلي، وهو ديمقراطي، ومسجلات الناخبين في مقاطعات لوس أنجلوس وأورانج وسان دييغو.,0.84
قال المفاوضون يوم الجمعة أنهم أحرزوا تقدما جيدا خلال جولتهم الأخيرة من المحادثات حول إنشاء اتفاقية التجارة الحرة لأمريكا الوسطى.,قال المفاوضون يوم الجمعة أنهم أحرزوا تقدماً خلال الجولة الأخيرة من مفاوضات التجارة الحرة بين الولايات المتحدة وخمس دول أمريكية وسطية هذا الأسبوع في هيوستن.,0.75
"يقول أحد المصرفيين ""من الصعب جداً تقديم قروض كبيرة في اليابان"" حيث يوجد نقص في الخبرة.","""من الصعب جداً الحصول على قروض كبيرة في اليابان""، يقول أحد المصرفيين.",0.76
"القضية تأتي من إلينوي وتتضمن شركة ربحية تسمى ""شركة التسويق عن بعد""",قضية قررت يوم الإثنين تدور حول جمع التبرعات في إلينوي، شركاء التسويق عن بعد.,0.88
"حث الكونغرس على ""إرسال مشروع القانون النهائي لي في أقرب وقت ممكن حتى أتمكن من توقيعه ليصبح قانونًا"".","""أحث الكونغرس على حل أي خلافات بسرعة وإرسال مشروع القانون النهائي لي في أقرب وقت ممكن حتى أتمكن من توقيعه في القانون""، قال.",0.92
السيد (بينغيون) هو مدير الدعاوى القضائية لـ (ماساتشوستس) للخدمات القانونية الإصلاحية، وهي مجموعة حقوق السجناء.,"قال (بينغيون) أن محامياً لمنظمته، ""خدمات قانونية لإصلاحات ماساتشوستس""، أجرى مقابلة مع (أسان) يوم الثلاثاء.",0.33
يي هو خريج عام 1990 من الأكاديمية العسكرية الأمريكية في ويست بوينت، نيويورك.,نشأ يي في الولايات المتحدة وتخرج من الأكاديمية العسكرية الأمريكية في ويست بوينت.,0.8
"قال الرئيس والمدير التنفيذي جيمس رور في بيان ""إن شركة PNC تندم على تورطها"" في الصفقات.",(جيمس رور) ، الرئيس والمدير التنفيذي، قال أن شركة (بي إن سي) تأسف لهذا الحادث.,0.87
دعمت CCAG بيل كاري ، خصم رولاند في انتخابات 2002 للحاكم.,مجموعة السيد سوان دعمت خصم الحاكم الديمقراطي بيل كاري في انتخابات 2002,0.6
بعد ذلك تفرقوا ودعموا سلسلة من الميليشيات الكونغولية المتنافسة في السنوات الأخيرة.,سقطت الدولتين الغازيتين في وقت لاحق ، ومنذ ذلك الحين دعمت الفصائل المتنافسة.,0.7
وقال آخر إن أعضائها سيواصلون الاتصال بأكثر من 50 مليون رقم هاتف على قائمة لجنة التجارة الفيدرالية.,في غضون ذلك، قالت جمعية التسويق المباشر أن أعضائها لا ينبغي أن يتصلوا بأكثر من 51 مليون رقم على القائمة.,0.4
"الفنان المخضرم ""بوب هوب"" يحتفل بعيد ميلاده المئوي والعديد من السنوات في مجال الترفيه يوم الخميس",(هوليوود) والعالم يستعدون للاحتفال بعيد ميلاد الفنان الأسطوري (بوب هوب) المئوي يوم الخميس,0.75
النسخ المتراجعة تفوق العدد المتقدم تقريبا 2 إلى 1 في بورصة نيويورك.,المتقدمون يفوقون المتراجعين بحوالي 8 إلى 3 في بورصة نيويورك وأكثر من 11 إلى 5 في ناسداك.,0.36
مطار عائم مع سطح طيران يغطي 4.5 فدان، استغرقت السفينة حوالي خمس سنوات لبناء.,ريغان، مطار عائم مع سطح طيران يغطي 4.5 هكتار، هي الناقلة التاسعة من فئة نيميتز التي سيتم بناؤها في حوض بناء السفن نيوبورت نيوز.,0.53
أنا فخور جداً بمواطني هذه الولاية، قال الحاكم جون بالداشي، عدو الكازينو.,"""أنا فخور جداً بمواطني هذه الولاية""، قال الحاكم جون بالداشي بعد إحصاء الأصوات من الاستفتاء يوم الثلاثاء.",0.76
إمرأة مصابة من زملائها في العمل تم نقلها للمستشفى و تم إدراجها في حالة جيدة,امرأة كانت مدرجة في حالة جيدة في الحرم الجامعي لحديقة الصحة التذكارية، قال.,0.44
تم نقل ضحية إطلاق النار إلى مركز مستشفى مقاطعة كينجز، حيث توفي لاحقاً، حسبما ذكرت الشرطة.,الضحية، الذي لم يتم التعرف عليه، تم نقله إلى مستشفى مقاطعة كينجز حيث تم الإعلان عن وفاته.,0.87
أبلغوا عن أعراض الحمى والصداع والطفح الجلدي وألم العضلات.,تشمل الأعراض صلابة في الرقبة و حمى و صداع و حساسية للضوء,0.47
"""لقد أصبحنا مثل الغرباء الكاملين""، نقل كلاين قوله.","""لقد أصبحنا كغرباء"" قال جون لصديقه قبل يومين من وفاته",0.65
ديفي تخرجت السبت من كلية نورث ويست، التي ترتبط بمجلس الله، مع درجة البكالوريوس في الفنون في الدين والفلسفة.,بدأ ديفي الدراسة في كلية نورث ويست ، التابعة لمجلس الله ، في عام 1999 مع خطط لتصبح وزيرًا.,0.45
انخفض مؤشر ناسداك المركب المرتبط بالتكنولوجيا .IXIC بنسبة 23.54 نقطة، أو 1.42 في المائة، إلى 1.630.08.,فقد انخفض مؤشر ستاندرد آند بورز 500 الأوسع نطاقاً إلى 11.91 نقطة، أو 1.19 في المائة، عند 986.60 نقطة.,0.15
كان اختباراً نهائياً قبل تسليم الصاروخ للقوات المسلحة,راديو الدولة قال أنه كان آخر اختبار قبل تسليم الصاروخ للقوات المسلحة.,0.8
انسحابك من بلادنا أمر لا مفر منه سواء حدث اليوم أو غداً و غداً سيأتي قريباً,"""إن انسحابكم من بلدنا أمر لا مفر منه، سواء حدث اليوم أو غدا""، أضاف الصوت، الذي وقع على إعطاء التاريخ ""وسط سبتمبر"".",0.7
وفقًا لبيان صحفي أرسلته مؤسسة تيري شيندلر-شيفو، فإن رئيس مجلس نواب فلوريدا (جوني بيرد) سيقدم مشروع قانون (تيري) خلال الجلسة الخاصة يوم الاثنين.,"رئيس مجلس النواب في ولاية فلوريدا (جوني بيرد) من المتوقع أن يقدم ""قانون (تيري) "" خلال جلسة خاصة لمدة يوم واحد في المجلس التشريعي للولاية التي عقدت اليوم في (تالاهاسي)",0.75
أيضاً، الشركات في جميع أنحاء ولاية (يوتا) تتطوع لعرض تنبيهات (آمبر) على لافتاتها.,شركات أخرى تطوعت لوضع التنبيهات على اللافتات الإلكترونية واللوحات الإعلانية.,0.75
بفضل ارتفاع اليورو مقابل العملة اليابانية، كان الدولار عند 117.24 ين، وهو أعلى بكثير من أدنى مستوى في 10 أشهر عند 116 ين.,ارتفاع اليورو مقابل الين وتكهنات بالتدخل الياباني ساعد الدولار على الارتفاع إلى 117.25 ين، وهو أعلى بكثير من أدنى مستوى في 10 أشهر عند 116 ين يوم الخميس.,0.85
انخفضت الأسهم الروسية بعد اعتقال ميخائيل خودوركوفسكي السبت الماضي، الرئيس التنفيذي لشركة يوكوس للنفط، بتهمة الاحتيال والتهرب الضريبي.,اعتقال أغنى رجل في روسيا، ميخائيل خودوركوفسكي، الرئيس التنفيذي لشركة النفط الكبرى يوكوس، بتهمة الاحتيال والتهرب الضريبي أثار قلق الأسواق المالية.,0.8
بالنسبة للسنة، تتوقع مبيعات 94 مليون دولار و ربح 26 سنتاً للسهم من العمليات المستمرة,هذه زيادة من 22.5 مليون دولار و 5 سنتات للسهم المتوقع سابقاً,0.15
بعد أن رفض (هيوز) إعادة توظيف (هيرنانديز) ، قام بالشكوى إلى لجنة تكافؤ فرص العمل.,(هيرنانديز) قدمت شكوى إلى لجنة تكافؤ فرص العمل ورفعت دعوى قضائية.,0.68
"اقتراح ديهورست يدعو إلى نهاية مفاجئة لخطة ""روبن هود"" المثيرة للجدل لتمويل المدارس.","اللجنة ستقترح بديلاً لنظام تمويل المدارس ""روبين هود""",0.52
الدول الأخرى والدائنين الخاصين مدينون بـ 80 مليار دولار إضافية على الأقل,الدول الأخرى مدينة ما لا يقل عن 80 مليار دولار (108.52 مليار دولار).,0.68
التسويق عن بعد الذين يتصلون بأرقام على القائمة بعد 1 أكتوبر قد يواجهون غرامات تصل إلى 11000 دولار لكل مكالمة.,بموجب القانون، التجار الذين يتصلون بأرقام على القائمة يمكن أن يدفعوا غرامة تصل إلى 11000 دولار لكل انتهاك.,0.72
وأوضح أنه وجد أنتيتونيتروس عندما جاء إلى ويتس في عام 2001 كمساعد بحث ما بعد الدكتوراه في جامعة بريستول في إنجلترا.,وأوضح أنه وجد أنتيتونيتروس عندما جاء إلى ويتس في عام 2001 بينما كان مساعد بحث ما بعد الدكتوراه في جامعة بريستول في بريطانيا.,1.0
طيران كندا، أكبر شركة طيران في كندا ورقم 11 في العالم، تحت حماية المحكمة من الدائنين منذ 1 أبريل.,شركة الطيران رقم 11 في العالم، طيران كندا كانت تحت حماية المحكمة من الدائنين منذ 1 أبريل.,0.85
هيئة المحلفين أيضاً وجدت (غونزاليس) مذنباً بإستخدام القوة المفرطة من خلال غسل (أولفيرا كاريرا) بالبخاخ الفلفلي,تمّ إدانة (غونزاليس) بإستخدام القوة المفرطة من خلال رشّ (أولفيرا) بخاخ الفلفل,0.85
جثث بعض القتلى، التي تم سحبها من تحت القطار، تم وضعها بجانب السكك الحديدية بينما أحضرت خدمات الطوارئ التوابيت الخشبية.,جثث العديد من القتلى، التي تم سحبها من تحت القطار الذي خرج جزئياً عن مساره، تم وضعها بجانب السكك الحديدية في انتظار التعرف عليها.,0.65
قال جارنر أن رئيس بلدية بغداد المعلن، محمد محسن الزبيدي، أطلق سراحه بعد يومين من احتجازه من قبل قوات التحالف.,قال جارنر إن رئيس بلدية بغداد المعلن عن نفسه محمد محسن الزبيدي أطلق سراحه بعد 48 ساعة من اعتقاله في أواخر أبريل/نيسان.,0.85
"""المديرون التنفيذيون لشركة إنرون شاركوا في عملية احتيال واسعة النطاق ومنتشرة""، قال المدعي العام صامويل بويل لوكالة أسوشيتد برس.","""المديرون التنفيذيون لشركة (إنرون) انخرطوا في عمليات احتيال واسعة النطاق للتلاعب بنتائج أرباح الشركة""، قال (بيويل).",0.75
العملاء الذين يدفعون 1219 دولار رسوم الدخول يحصلون على رسالة SMS 2003 مع 10 تراخيص وصول العميل الجهاز.,سعر البيع بالتجزئة لـ SMS 2003 مع 10 تراخيص وصول العميل إلى الأجهزة هو 1219 دولارًا.,0.87
نتائج مسح السكان الأصليين لعام 2001 التي أصدرتها إحصاءات كندا أمس تشير إلى أن مستويات المعيشة قد تحسنت ولكن لا تزال متأخرة بالنسبة لأولئك خارج المحميات.,يقول مسح الشعوب الأصلية لعام 2001 الذي أصدرته إحصاءات كندا يوم الأربعاء إن مستويات المعيشة قد تحسنت ولكن لا تزال متأخرة بالنسبة للإنويت والذين يغادرون محمياتهم الفقيرة في كثير من الأحيان.,0.78
"""التحول الأخير في سوق الأسهم والتخفيف في طلبات البطالة يجب أن يبقي توقعات المستهلكين على المستويات الحالية ويمكن أن يشير إلى أوقات اقتصادية أكثر ملاءمة في المستقبل"".","التحول الأخير في سوق الأوراق المالية وتخفيف طلبات البطالة ""قد يشير إلى أوقات اقتصادية أكثر ملاءمة في المستقبل""، قالت.",0.79
في حين أن تداولات اليوم كانت قاتمة، كان مؤشر ستاندرد أند بورز 500 يستعد لإغلاق أفضل فترة ثلاثة أشهر منذ الربع الرابع من عام 1998.,مؤشر ستاندرد أند بورز 500 أسهم انتهى الربع مع ارتفاع 120 نقطة، بزيادة قدرها 14 في المئة، وهو أفضل أداء لهذا المعيار السوقي الواسع منذ عام 1998.,0.75
أعلنت ONA صراحة أنها لم تتلق مواد استخباراتية تشير إلى أن شبكة الجماعة الإسلامية الإرهابية كانت تخطط لتنفيذ عملية في بالي.,"""لكن في أي مرحلة لم تتلقى ONA المواد الاستخباراتية التي تشير إلى أن جماعة الإسلامية كانت تخطط لتنفيذ عملية في بالي"".",0.85
تم إنكار هذه التقارير من قبل وزير الداخلية الأمير نايف.,لكن وزير الداخلية السعودي، الأمير نايف، نفى هذه التقارير.,0.85
قال (براينت) سابقاً أن الزيادة كان لها تأثير أكبر على الطلب مما توقعه المسؤولون,المدير المالي (آندي براينت) قال أن زيادة حجم التأثير أكبر مما توقعه المسؤولون,0.7
يمكن للقاضي ليروي ميليت جونيور تخفيض العقوبة إلى السجن مدى الحياة بدون إطلاق سراح مشروط عندما يتم الحكم رسميا على محمد في 12 فبراير ، ولكن نادراً ما يتخذ قضاة فرجينيا مثل هذا الإجراء.,على الرغم من أن القاضي يمكنه تخفيض العقوبة إلى السجن مدى الحياة دون إطلاق سراح مشروط، يقول الخبراء أن قضاة فرجينيا نادراً ما يستغلون هذه الفرصة.,0.65
متحدثة باسم مستشفى (ستروغ ميموريال) قالت أن (داود) كان في حالة مرضية ليلة الثلاثاء,قال متحدث باسم مستشفى (ستروغ ميموريال) أن (داود) كان تحت التقييم مساء الثلاثاء في غرفة الطوارئ.,0.6
(راي برنت مارش) ، 29 عاماً، يواجه تهم متعددة بالاحتيال على خدمات الدفن وإدلاء إفادات كاذبة وإساءة معاملة جثة وسرقة,(راي برينت مارش) ، 29 عاماً يواجه أيضاً اتهامات بإساءة معاملة الجثة والسرقة,0.76
بعد ذلك، قال له رئيس الجامعة (بول بريبينوف) أن يختتم خطابه.,بعد أن تم فصل ميكروفون هيدجز للمرة الثانية، أخبر (بريبنو) أن ينهي خطابه.,0.68
خلال فترة 12 شهراً انتهت في 30 يونيو/حزيران، ارتفع عدد الخطوط السريعة المثبتة في المنازل والشركات بنسبة 45 في المائة.,خلال الفترة السنوية المنتهية في 30 يونيو 2003، زادت خطوط السرعة العالية بنسبة 45 في المئة.,0.77
مهنة (ريكي كليمونز) المضطربة في كرة السلة في ولاية (ميسوري) انتهت,(ميسوري) طردت (ريكي كليمونز) من فريقها، لانهاء مسيرته المضطربة هناك.,0.8
المسؤولون العسكريون الأمريكيون يقولون أن غسيل الدوار من المروحية ربما أدى إلى سقوط العلم,"قال مسؤولون أمريكيون إن ""غسل الدوار"" الناتج عن الطائرة الهليكوبتر التي تحوم حولها خلع العلم من البرج.",0.68
التسوية التي دخلت حيز التنفيذ هذا الأسبوع تم التوصل إليها بعد أقل من شهرين من تولي أومالي قيادة رابع أكبر أبرشية في البلاد.,تم التوصل إلى اتفاق بقيمة 85 مليون دولار في سبتمبر ، بعد أقل من شهرين من تولي رئيس الأساقفة شون أومالي رئاسة رابع أكبر أبرشية في البلاد.,0.6
تم إخلاء مبنى الكابيتول الأمريكي أمس بعد أن اكتشفت السلطات مادة قد تكون خطرة في الطابق السفلي لجناح مجلس الشيوخ، حسبما ذكرت شرطة الكابيتول.,شرطة الكابيتول الأمريكية أخلت الكابيتول أمس بعد أن رصدت أجهزة الاستشعار خطرًا بيولوجيًا محتملًا في جناح مجلس الشيوخ، لكن السلطات قالت في وقت لاحق أنه كان إنذارًا كاذبًا.,0.64
كما ألقى الرئيس السابق العديد من الخطابات في عام 2002 دون تعويض، قال متحدثه جيم كينيدي.,قال متحدثه جيم كينيدي إن الرئيس السابق ألقى أكثر من 70 خطابًا في عام 2002 دون تعويض.,0.72
انخفض مؤشر ستاندرد آند بورز 500 الأوسع نسبة 0.04 نقطة، أو 0 في المئة، إلى 971.52.,تراجعت العقود الآجلة لمؤشر ستاندرد آند بورز 500 لشهر يونيو بنسبة 2.60 نقطة إلى 965.70، في حين تراجعت عقود ناسداك الآجلة بنسبة 7.50 نقطة إلى 1.183.50.,0.32
يُدعى مشروع Mad Hatter ، وهو سطح المكتب القائم على Linux الذي يتم الترويج له من قبل Sun كبديل أكثر أمانًا وأقل تكلفةً لـ Windows.,تم تصميم Project Mad Hatter للتنافس مع Microsoft Corp ، حيث تم وضعها من قبل Sun كنظام تشغيل بديل أرخص وأكثر أمانًا لمختلف عروض سطح المكتب من Microsoft.,0.76
شخصية رئيسية في مخطط الرشوة لوزير الخزانة السابق بول سيلفستر اتهم يوم الأربعاء بتغيير قصته عن معاملات سيلفستر الفاسدة المزعومة مع شركة استثمارية في بوسطن,لاعب رئيسي في مخطط فساد وزير الخزانة السابق بول سيلفستر شهد يوم الثلاثاء عن الرشاوى والرشاوى سيلفستر تداول لأعمال الدولة.,0.4
"""مهمة نظام CAPPS II كانت وستظل دائماً أمن الطيران"" ، قالت الإدارة ، وهي جزء من وزارة الأمن الداخلي.","""مهمة نظام CAPPS II كانت وستظل دائماً أمن الطيران""، قالوا.",0.72
"(هوفان) لم يتحدث، لكن محاميه (جون سبيرانزا) قال أن موكله ""لم يستيقظ في ذلك اليوم""","قال محامي الدفاع (جون سبيرانزا) أن (هوفان) ""لم يستيقظ في ذلك اليوم"" بقصد إيذاء أي شخص.",0.9
"""نعتقد أنه ليس من الضروري أن يكون هناك معركة تأكيد مثيرة للانقسام حول تعيين المحكمة العليا""، كتب داشل.","""نعتقد أنه ليس من الضروري أن يكون لدينا معركة تأكيد تقسيمية"" كتب داشل من جنوب داكوتا للرئيس الجمهوري.",0.8
"ووجد المسح أن ياهو تمثل 159,354 من مواقع BSD، مع 152,054 من NTT/Verio و 129,378 من Infospace.","152,054 آخرون من شركة خدمات IP NTT/Verio، و 129,378 من InfoSpace، كما وجد المسح.",0.6
"في أحدث تحوّل رفيع المستوى في ""سي إن إن""، تيا رايان"" ستترك منصبها كمديرة عامة للبرامج الأمريكية""، أعلنت الشبكة",في الخطوة الأخيرة لـ (سي إن إن) لتجديد التقييمات، قامت الشبكة بطرد (تيا رايان) ، المدير العام للبرامج الأمريكية.,0.75
يشتبه بأنه شخصية رئيسية في جماعة الجماعة الإسلامية، الجماعة الإرهابية المرتبطة بتنظيم القاعدة والتي اتهمت بتنفيذ التفجيرات.,سامودرا، 32 عاماً، يشتبه بأنه شخصية رئيسية في جماعة الجماعة الإسلامية المرتبطة بتنظيم القاعدة، والتي اتهمت بتنفيذ التفجيرات.,0.68
حوالي 100 من رجال الإطفاء في الغابة اليوم، قال رئيس إطفاء ألبوكيركي روبرت أورتيغا.,"""كنا على بعد ثوانٍ من حدوث ذلك""، قال رئيس إطفاء ألبوكيركي روبرت أورتيغا.",0.36
"""لقد تم حل المسألة"" قال رئيس مارلينز ديفيد سامسون من خلال متحدث باسم النادي","(مارلينز) قالوا فقط: ""لقد تم حل المسألة""",0.6
وقالت وزارة الصحة الصينية إن خمسة أشخاص آخرين لقوا حتفهم بسبب مرض سارز وأصيب 159 آخرين.,يوم الاثنين، قالت الصين إن تسعة أشخاص آخرين لقوا حتفهم بسبب مرض سارس وأن 160 آخرين أصيبوا بالفيروس.,0.6
ارتفعت أسهم ماكدونالدز بمقدار 1.83 دولار، أو 8.3 في المئة، لتغلق عند أعلى مستوى في اليوم عند 23.89 دولار.,ارتفعت أسهم ماكدونالدز 1.83 دولارًا لتغلق يوم الجمعة عند 23.89 دولارًا في بورصة نيويورك.,0.85
قال أن إدارة الأغذية والأدوية تأمل أن الكونغرس والمحاكم سوف تجلب الوضوح إلى الوضع وبعض الإغاثة المالية للمستهلكين.,وقال ان ادارة الاغذية والعقاقير تأمل ان الكونغرس والمحاكم سوف تجلب الوضوح الى الوضع وبعض الراحة المالية للمستهلكين ربما قبل انتخابات 2004,0.8
(إرنست آند يونغ) لم تعترف بأي مخالفة في التسوية,(كينيث كيريجان) المتحدث باسم شركة (إرنست أند يونغ) قال أن الشركة لا تعترف بأي مخالفات,0.8
الشاهد، موظف موقف سيارات كوسوفي يبلغ من العمر 27 عاماً مع إدانات جنائية لعدم النزاهة، دفعت له 10000 دولار من قبل نيوز أوف وورلد.,"الشاهد كان موظف موقف سيارات كوسوفي يبلغ من العمر 27 عاماً، والذي دفعت له صحيفة ""نيوز أوف وورلد""، حسبما سمعت المحكمة.",0.72
الاختلافات بين (غراسلي) و (توماس) حول الطاقة والرعاية الطبية أصبحت حادة جداً لدرجة أن أعضاء آخرين يقولون أن علاقتهم الشخصية الغاضبة تحرج الحزب,خلافاتهم حول الطاقة والرعاية الطبية أصبحت حادة جداً بعض الأعضاء الآخرين يقولون أنها محرجة للحزب,0.7
جرح حارس أمن ثم هرب طعن مرتين بينما كان يركض على طول الممشى,ثم طعن اثنين من المارة بينما هرب على طول المتنزه بجانب البحر الأبيض المتوسط,0.64
هو وزملاؤه يعزو بعض الفجوة في التواصل إلى الأطباء الذين يشعرون بالضغط على الوقت.,ويعزو بعض الفجوة في التواصل إلى الأطباء الذين يشعرون بالضغط على الوقت؛ ذكر المرضى عدم الراحة في مناقشة القضايا المالية.,0.68
قالت شرطة الولاية أن ما يصل إلى 30 عاملًا حوصروا بعد انهيار المرآب مباشرةً.,يُعتقد أن ما يصل إلى 30 شخصًا كانوا محاصرين في الداخل في البداية، حسبما ذكرت شرطة الولاية.,0.8
"(أوس أنجليس) - ""الـ (هولك) "" كان وحشاً في شباك التذاكر في عطلة نهاية الأسبوع الأولى، حيث حقق رقماً قياسياً في شهر يونيو بقيمة 62.6 مليون دولار.","حصد ""الهلك"" 62.6 مليون دولار في شباك التذاكر، افتتاح وحشية وسجل جديد في يونيو.",0.96
تهانينا على إختيارك لشخصية السنة من قبل مجلة تايم,أعلنت مجلة (تايم) أن الجندي الأمريكي هو شخصية السنة لعام 2003,0.48
قالت لائحة الاتهام أنه حضر اجتماعات مهمة لتخطيط الهجمات وتجنيد زملاء المفجرين وتنسيق العملية.,لم يكن سامودرا موجوداً في بانكوك لكن حضر سلسلة من الاجتماعات قبل الهجمات لتجنيد زملائه المفجرين وتنسيق العملية,0.64
كما ستمنح مايكروسوفت فرصة للتعليق على العلاجات المقترحة من قبل المفوضية.,من بين أمور أخرى، على مايكروسوفت التعليق على العلاجات المقترحة في ردها.,0.84
سكّان تكساس المثقلون بأقساط مالكي المنازل المرتفعة قد يحصلون أخيراً على الراحة,الإغاثة في الأفق للكسكان الذين يحملون أعباء التأمين المنزلي المتصاعد,1.0
ستة من الديمقراطيين يتنافسون لخلافة جاك وقد تأهلوا للانتخابات التمهيدية في الثالث من فبراير,ستة من الديمقراطيين واثنين من الجمهوريين يترشحون لمقعدها وقد تأهلوا للانتخابات التمهيدية في 3 فبراير.,0.68
"أعلنت شركة هالبرتون الثلاثاء أن ""كيه بي آر"" قد سلمت الوقود إلى العراق بأفضل قيمة وأفضل سعر وأفضل شروط","""نعتقد أن KBR سلمت الوقود إلى العراق بأفضل قيمة وأفضل سعر وأفضل شروط""، قالت المتحدثة باسم هالي بيرتون وندي هول.",0.8
(إليشا باتل) من (كليفلاند) أخبرت الشرطة أنها أسقطت حقيبتها عندما غادرت متجر الأطعمة السريع الأسبوع الماضي بعد شراء التذكرة,(إليشا باتل) أسقطت محفظتها بعد شراء تذكرة اليانصيب في الأسبوع الماضي وتعتقد أن التذكرة اختفت,0.67
يتضمن العملاء ميتسوبيشي ، سيمنز ، DBTel ، Dell ، HP ، Palm ، Philips ، Sharp ، و Sony.,يتضمن عملاء MediaQ منتجي الأجهزة المحمولة الرئيسيين Mitsubishi و Siemens و Palm و Sharp و Philips و Dell و Sony.,0.64
(كليفلاند كافالييرز) فازوا بحق إختيار (جيمس) بفوزهم باليانصيب السنوي لـ (إن بي إيه) ليلة الخميس,"كان هذا هو الحال ليلة الخميس عندما فاز فريق كليفلاند كافالييرز بـ ""يانصيب ليبرون جيمس""، والمعروف أيضاً باسم اليانصيب في مسابقة كرة السلة الأمريكية.",0.8
بين العمال، وجد الباحثون أن العمال القصيرين لديهم سمع أسوأ مما كان متوقعاً بالنسبة لعمرهم.,"""كان لدى العمال القصيرين سمع أسوأ مما كان متوقعًا حسب العمر - ثلاث مرات أكثر من العمال الأطول"" ، يكتب باريناس.",0.76
السيد كولبن لم يحدد ما إذا كان هذا النظام هو الذي كان في مركز التحقيق.,لم تحدد مكتب مكافحة الارهاب او الادعاء البلجيكي ما اذا كان هذا النظام هو الذي كان في مركز التحقيق.,0.44
حتى الآن ، كانت مبيعات أجهزة الكمبيوتر الشخصية الموجهة للترفيه تقتصر على الولايات المتحدة وكندا وكوريا.,يتم بيع أجهزة الكمبيوتر حاليًا في كندا والولايات المتحدة وكوريا.,0.75
بالمر كان صريحا في الماضي يحذر من أن لينكس تهديد لشركة مايكروسوفت.,في المذكرة، كرر بالمر تهديد المصدر المفتوح لميكروسوفت.,0.6
وارتفع مؤشر ستاندرد آند بورز الواسع للأسهم 500 بنسبة 4.83 نقطة أو 0.49 في المائة إلى 980.76.,تراجعت العقود الآجلة لمؤشر ستاندرد آند بورز 500 4.40 نقطة إلى 983.50، في حين انخفضت عقود ناسداك الآجلة 6.5 نقطة إلى 1.206.50.,0.25
"قال له طالباني إن مجلس الإدارة ""يحتاج إلى مساعدة ومشورة الأمم المتحدة في تنفيذ القرارات الجديدة التي اتخذت"".","قال له طالباني أن القادة العراقيين ""يحتاجون إلى مساعدة الأمم المتحدة ومشورة في تنفيذ القرارات الجديدة التي اتخذت"" بشأن تنظيم حكومة عراقية مؤقتة بحلول يونيو.",0.65
ستانفورد (46-15) تلعب مع كارولينا الجنوبية (44-20) اليوم في مباراة الجولة الأولى في ملعب روزنبلات في أوماها، نب.,ستانفورد (46-15) تلعب ضد كارولينا الجنوبية (44-20) يوم الجمعة في المباراة الافتتاحية من البطولة المزدوجة.,0.67
نفس الاستطلاع قبل شهر كان ستريت يقود كاتز 42 في المئة إلى 34 في المئة، مع 21 في المئة غير حازم.,قبل شهر واحد في نفس الاستطلاع، كان كاتز يقود 46 إلى 40 في المئة.,0.4
مؤشر ستاندرد أند بورز 500 العريض ارتفع 11 نقطة، أو 1.25 في المئة، إلى 931.,ارتفع مؤشر ستاندرد آند بورز 500 10.89، أو 1.2 في المئة، إلى 931.12 اعتبارا من 12:01 مساء في نيويورك.,0.6
لكنهم لا يدركون ذلك حتى يفوت الأوان (بالطبع) لأنهم ضحايا محتملين في فيلم رعب.,لكنهم لا يدركون ذلك حتى يفوت الأوان (بالطبع) لأنهم ضحايا محتملون.,0.73
(آرثر بينسون) ، محامي الطلاب المدعين في القضية، قال أنه سيستأنف.,قال محامي أطفال المدارس المدعين أنه يعتزم الاستئناف,0.73
انخفض اليورو ما يقرب من أربعة في المئة منذ أن بلغ ذروته القياسية عند حوالي 1.1935 دولار فقط الأسبوع الماضي وبلغ أعلى مستوى له على الإطلاق عند 140.90 ين في أواخر مايو.,انخفض اليورو بما يصل إلى أربعة سنتات منذ أن بلغ أعلى مستوى قياسي بالقرب من 1.1935 دولارًا الأسبوع الماضي وبلغ أعلى مستوى قياسي عند 140.90 ينًا في أواخر مايو.,0.87
بنسلفانيا، التي لديها برنامج العلاج الأكثر عدوانية، يعالج 548 من 8030 سجين.,"تكساس، التي لديها أكثر من ثلاثة أضعاف عدد السجناء في ميشيغان، تعالج 328 من بين 16,298 سجين مصاب.",0.27
ارتفع مؤشر ناسداك المركب 20.96 نقطة إلى 1595.91 ليصل إلى أعلى مستوى له منذ 12 شهرًا.,ارتفع مؤشر ناسداك المركب <.IXIC> المرتبط بالتكنولوجيا 19.11 نقطة، أو 1.2 في المئة، إلى 1.615.02.,0.44
مع ميزة Expose، تتقلص جميع النوافذ المفتوحة لتناسب الشاشة ولكنها لا تزال واضحة بما يكفي للتعرف عليها.,مع ميزة Expose (ex-poh-SAY) ، تتقلص جميع النوافذ المفتوحة على سطح المكتب على الفور لتناسب الشاشة ولكنها لا تزال واضحة بما يكفي للتعرف عليها.,0.88
بدلاً من ذلك، رفض الادعاء التهم و غادر روكر قاعة المحكمة رجلاً حراً,بدلاً من ذلك غادر قاعة المحكمة رجلاً حراً بعد أن ألغت السلطات التهم الجنائية.,0.68
"""كانت هذه القضية صعبة عقلياً ومرهقة عاطفياً""، قال رئيسها جيم وولفكيل، وهو وزير يبلغ من العمر 41 عاماً.","قال جيم ولفكيل رئيس هيئة المحلفين ووزير: ""هذه القضية كانت تحدياً عقلياً ومرهقاً عاطفياً"".",0.84
يصل في وقت لاحق من هذا الأسبوع في أول زيارة رسمية لرئيس الولايات المتحدة.,السيد (بوش) يصل يوم الثلاثاء في أول زيارة رسمية لرئيس أمريكي,0.6
الصفقة، التي وافق عليها مجلس إدارة الشركتين، من المتوقع أن تكتمل في الربع الثالث من الربع الثالث المالي لنفيديا.,تمت الموافقة على عملية الاستحواذ من قبل مجلس إدارة الشركتين ومن المتوقع أن يتم إغلاقها في الربع الثالث من هذا العام.,0.68
قال رئيس مجلس الشيوخ جيم كينغ أن المزيج المتقلب يمكن أن يطيل الجلسة أكثر من الأيام الأربعة التي خصصها بوش.,مجلس الشيوخ قد يدعم الحد الأقصى للأضرار غير الاقتصادية التي تتجاوز 250 ألف دولار والحاكم جيب بوش يقترح، قال رئيس مجلس الشيوخ جيم كينغ.,0.55
أكثر من 100 ضابط شرطة شاركوا في عمليات الاعتقال التي كانت تتويجاً لعملية استمرت عامين للتحقيق في عصابة استيراد الكوكايين وغسل الأموال.,أكثر من 100 ضابط أطلقوا الغارات على لندن في المرحلة الأخيرة من عملية استمرت عامين للتحقيق في عصابة كوكايين وغسيل الأموال,0.8
بإزالة البنود الاستثنائية، أرباح الربع الرابع كانت 64 سنتا للسهم مقارنة بـ 25 سنتا للسهم في العام السابق.,الأرباح كانت 59 سنتا للسهم لمدة ثلاثة أشهر انتهت 25 مايو مقارنة مع 15 سنتا للسهم قبل عام.,0.2
لكن في سن الـ 15، بلغت وزنها 260 باوند وقررت قراراً صعباً: حان الوقت لتجربة الجراحة.,ولكن في سن الخامسة عشر، كان وزنها 117 كيلوغراماً وصلت إلى قرار صعب: حان الوقت لتجربة الجراحة.,0.85
"""إذا استطعنا فعل ذلك في جميع أنحاء العالم، يمكننا إنهاء الإرهاب""، قال.","هذا مستشفى يعامل الجميع كأشخاص، وإذا استطعنا فعل ذلك في جميع أنحاء العالم، يمكننا إنهاء الإرهاب"".",0.7
إن كان (بيل غيتس) يلقي خطاباً رئيسياً في مؤتمر (كومديكس) ، فربما حان الوقت لأجهزة الكمبيوتر اللوحية الجديدة.,إذا كانت ليلة الأحد قبل (كومديكس) ، فمن المؤكد أن الوقت قد حان لحديث (بيل غيتس) الرئيسي,0.61
وفقًا للتقارير، يُزعم أن نايت ضرب موظف موقف سيارات خارج نادي ليلي في لوس أنجلوس.,لقد ألقي القبض عليه الأسبوع الماضي بتهمة ضرب موظف موقف سيارات خارج نادي ليلي في لوس أنجلوس,0.65
من بين الذين ينتظرون دورهم جودي سينجر طالبة من الصف السادس من واشنطن العاصمة,جودي سينجر، طالبة في الصف السادس من واشنطن العاصمة، انتظرت بقلق دورها في الميكروفون.,0.75
لكن جمعية السرطان قالت أن دراستها أساءت الاستخدام,الجمعية الأمريكية للسرطان والعديد من العلماء قالوا أن الدراسة كانت معيبة في عدة طرق.,0.45
كلاهما محتجزان في سجن مقاطعة (أرمسترونغ),(تاتار) كان محتجزاً بدون كفالة في سجن مقاطعة (أرمسترونغ) اليوم,0.5
على بعد بضعة كيلومترات إلى الشرق تقع تيهواكان، حيث ربما تمت تربية الذرة لأول مرة منذ 4000 سنة.,على بعد بضعة أميال غرباً تقع أهرامات تيوتيهواكان، حيث ربما تمت تربية الذرة لأول مرة منذ 4000 سنة.,0.75
كان الارتباك نهاية أسبوع مضطرب للقائمة، والتي تهدف إلى منع حوالي 80 في المئة من مكالمات التسويق عبر الهاتف.,الخدمة المجانية كانت في الأصل تهدف إلى منع حوالي 80 في المئة من مكالمات التسويق عبر الهاتف.,0.65
"""إن تفضيلنا القوي هو تحقيق إعادة هيكلة مالية خارج المحكمة، ونحن ما زلنا نأمل أن نتمكن من القيام بذلك""، قال الرئيس التنفيذي مارس فولر.","""إن تفضيلنا القوي هو تحقيق إعادة هيكلة مالية خارج المحكمة"" قال الرئيس التنفيذي لميرانت مارس فولر في بيان أعد في وقت مبكر من يوم الجمعة.",0.8
المذكورين في الشكوى هم المديرون التنفيذيون السابقون (بول أ.,المديرون التنفيذيون الذين تم تغريمهم شملوا المديرين التنفيذيين السابقين بول أ.,0.69
(شيرا لاركينز) ، 32 عاماً، من (مانهاتن) ، متهمة بثلاثة زيجات وهمية، متهمة أيضاً بالشهادة الكاذبة وتقديم وثيقة زائفة.,(شيرا لاركنز) ، 32 عاماً، من (مانهاتن) ، متهمة بالشهادة الكاذبة وتقديم وثيقة زائفة في ثلاثة طلبات زواج.,0.92
وقدرت يوم الخميس أن لديها حصة سوقية بنسبة 51 في المائة في أوروبا.,"قالت شركة ""بوسطن ساينتيفيك"" إنها اكتسبت 51 بالمائة من سوق الدعامات المغطاة في أوروبا.",0.56
من المقرر أن تعقد لجنة مجلس الشيوخ المصرفية جلسة استماع يوم الثلاثاء حيث من المقرر أن يشهد دونالدسون على التحوط وصناديق الاستثمار المشتركة.,اللجنة المصرفية في مجلس الشيوخ من المقرر أن تعقد جلسة استماع يوم الثلاثاء، عندما سيتم استجواب دونالدسون حول التحوط والصناديق الاستثمارية.,0.96
"انخفض مؤشر ناسداك المركب الثقيل في التكنولوجيا .IXIC بنسبة 0.11 في المائة، أو 1.78 نقطة، إلى 1,594.13.",انخفض مؤشر ستاندرد آند بورز 500 الأوسع نسبة 0.04 نقطة، أو 0 في المئة، إلى 971.52.,0.12
السيد (مورس) متهم بالاعتداء والسيد (دارفيش) متهم بتقديم تقرير كاذب,شريكه (بيجان درويش) متهم بتقديم تقرير شرطة كاذب,0.55
التعيين الثالث كان وظيفة جديدة، نائب الرئيس التنفيذي ورئيس هيئة الموظفين.,تم تعيين بروس N. Hawthorne، 53، نائب الرئيس التنفيذي ورئيس موظفي.,0.65
"كان المحللون يتوقعون خسارة صافية تبلغ 54 سنتاً للسهم، وفقاً لـ ""تومسون فيرست كول"".",كان المحللون يتوقعون مبيعات الربع الثاني من 614 مليون دولار، وفقا لموقع تومسون أول اتصال على شبكة الإنترنت.,0.3
أرسلت المقاطعة أيضاً رسائل أمس لإبلاغ الآباء بالوضع.,تلقى الآباء رسائل بإبلاغهم عن التلوث المحتمل بالأمس.,0.6
(ريتشارد غراسو) استقال من رئاسة مجلس الإدارة الأسبوع الماضي بعد أن فقد دعم مجلس إدارته وسط غضب العامة على حزمة الأجور التي تبلغ 140 مليون دولار,غراسو استقال الأسبوع الماضي في أعقاب عاصفة من الانتقادات على حزمة تعويضات 140 مليون دولار.,0.76
وقال إن الخوادم الجديدة ستعمل إما على لينكس أو النسخة x86 من سولاريس.,يمكن للخوادم تشغيل نظام التشغيل Solaris x86 أو نظام التشغيل Linux القياسي.,0.86
ينزلقون على الجليد، موريارتي وكاريلا يضربون أسفل النهر الحجري والإسفنجي ويشعرون على الفور بالجذب,عندما انزلقا من على السد، صدم المنقذان قاع النهر الحجري والإسفنجي، وشعرا على الفور بجاذبيته.,0.68
تخطط شركة كادبوري شويبس لخفض 5500 وظيفة وإغلاق المصانع بعد أن تضخمت تكاليف عملية الاستحواذ التي بلغت 4.9 مليار دولار خلال السنوات الثلاث الماضية.,كادبوري شويبس كشفت عن خطط لتخفيض 5500 وظيفة و 20 في المئة من مصانعها على مدى أربع سنوات لخفض التكاليف الناجمة عن حملة الاستحواذ,0.64
السيد سويني حدد الخطط للحملة في خطاب الليلة الماضية في فيلادلفيا في الاجتماع السنوي لجمعية العلوم السياسية الأمريكية.,كان على سويني أن يحدد الخطط للحملة في خطاب ليلة السبت في الاجتماع السنوي لجمعية العلوم السياسية الأمريكية.,0.7
"""بدا الأمر وكأنه حدث معزول""، قال أرييل دين من واشنطن العاصمة، الذي حصل على درجة في العلوم السياسية.","""بدا الأمر وكأنه حادثة معزولة""، قال الخريج أرييل دين من واشنطن العاصمة.",0.75
لقد منحت هيئة المحلفين لـ (تي في تي) حوالي 23 مليون دولار في تعويض عن الأضرار وحوالي 108 مليون دولار في تعويضات عقابية.,طلبت شركة (تي في تي) للتسجيلات 360 مليون دولار في تعويضات عقابية و 30 مليون دولار في تعويضات تعويضية، قال المسؤولون.,0.35
طلبت شركة (تي في تي) للتسجيلات 360 مليون دولار في تعويضات عقابية و 30 مليون دولار في تعويضات تعويضية، قال المسؤولون.,تضمنت الأضرار 24 مليون دولار في تعويضات الأضرار و 52 مليون دولار في تعويضات عقابية لـ IDJ.,0.25
قام الديمقراطيان في لجنة الاتصالات الفيدرالية المؤلفة من خمسة أعضاء بعقد مؤتمر صحفي للتأثير على الرأي ضد باول.,قام الديمقراطيان في لجنة الاتصالات الفيدرالية المؤلفة من خمسة أعضاء بعقد مؤتمر صحفي للتأثير على الرأي ضد باول والجمهوريين الآخرين في اللجنة.,0.68
كما سجلت الوحدات رقمًا قياسيًا حيث شكلت أجهزة الكمبيوتر المحمولة أكثر من 40 في المائة من المبيعات.,في مايو 2002، شكلت شاشات LCD فقط 22 في المئة من مبيعات الشاشات.,0.24
وبالإضافة إلى محاربة تراجع مبيعاتها، سيبل أيضا تم التدريب مع بعض المستثمرين مستاء عن ضخمة خيارات الأسهم الأرباح الغير متوقعة مدراء الشركة قد جيب.,بالإضافة إلى انخفاض المبيعات، (سيبل) تتشاجر مع بعض المساهمين حول إدارة خيارات الأسهم.,0.76
ستانفورد (51-17) و رايس (57-12) سيلعبون للبطولة الوطنية الليلة,رايس (57-12) و ستانفورد (51-17) سوف يلتقيان في مباراة الفائز يأخذ كل شيء في 6: 05 مساء الاثنين.,0.7
"قال المحامي الأمريكي ماركوس هيمينيز أن لائحة الاتهام المفروضة على 32 تهمة ""تضرب أحد أهم الأهداف في تجارة المخدرات في العالم"".","الاتهام الذي تم الكشف عنه مؤخرًا يشتبه في غسيل الأموال والتآمر و ""يضرب أحد الأهداف الرئيسية في تجارة المخدرات في العالم"" ، قال Jiménez.",0.7
قُتل جندي يوم الإثنين وجرح آخر عندما تعرضت قافلتهم للكمين في شمال العراق.,يوم الأحد، قتل جندي أمريكي وأصيب آخر عندما انفجرت مستودع الذخائر الذي كانوا يحرسونه في جنوب العراق.,0.4
"وقال مايكل ريبيل، المدير التنفيذي لشركة ""سي إف إي"" أن تحليل التكاليف جار.","""نحن لا نبحث عن علاج روبن هود""، قال مايكل ريبيل، المدير التنفيذي للحملة.",0.4
كنت ذاهباً إلى الملعب مقتنعاً أن بإمكاني فعل هذا فقط إذا لعبت أفضل ما لدي من التنس,"""كنت أؤمن بأنني واثق من قدرتي على القيام بذلك، ولكن فقط في حالة أنني سألعب أفضل تنس لي.",0.96
(دوتسون) أخبر عملاء المباحث الفيدرالية أنه أطلق النار على (دنيهي) بعد أن حاول اللاعب إطلاق النار عليه، وفقاً لشهادة مذكرة الاعتقال.,تم إلقاء القبض على (دوتسون) في 21 يوليو بعد أن أخبر عملاء مكتب التحقيقات الفيدرالي أنه أطلق النار على (دنيهي) عندما حاول (دنيهي) إطلاق النار عليه، وفقًا لشهادة مذكرة الاعتقال.,0.76
الكلاب، كما قال، هي في المرتبة الثانية بعد البشر في شمول الفهم الطبي والبحث.,قال أن الكلاب هي في المرتبة الثانية بعد البشر من حيث كونها موضوع البحث الطبي.,0.92
ارتفع السهم 2.11 دولار، أو حوالي 11 في المئة، لإغلاق يوم الجمعة عند 21.51 دولار في بورصة نيويورك.,قفزت أسهم شركة بي جي آند إي 1.63 دولار أو 8 في المئة إلى 21.03 دولار في بورصة نيويورك يوم الجمعة.,0.28
(إريك غاني) حصل على إنقاذه السابع عشر في فرص كثيرة كما ضرب ثلاثة في التاسعة ولم يسمح إلا بضربة واحدة من قبل (جريج نورتون).,الأقرب إريك غاني حصل على 17 إنقاذ له في العديد من الفرص لأنه ضرب ثلاثة من أربعة المضربين واجه في التاسعة.,0.72
تضمنت حكومة بلير الاتهام بأن صدام طلب اليورانيوم من النيجر في ملف سبتمبر 2002 يوضح قضية العمل العسكري.,أدرجت بريطانيا الاتهام في ملف سبتمبر 2002 يوضح قضية الحرب في العراق.,0.6
باستثناء أسعار الطاقة، انخفضت أسعار الجملة بنسبة 0.9 في المئة.,انخفضت أسعار الطاقة بنسبة 8.6 في المئة، وهو أكبر انخفاض منذ يوليو 1986.,0.32
ومن المقرر أن تنطلق المركبة الفضائية في وقت مبكر من الغد أو في وقت متأخر من يوم الجمعة من موقع إطلاق جيوكوان في صحراء غوبي.,ومن المقرر أن تنطلق المركبة الفضائية بين الأربعاء والجمعة القادمة من موقع إطلاق في صحراء الجوبي.,0.8
هونغ كونغ كانت مستقرة، أستراليا، سنغافورة وكوريا الجنوبية خسرت 0.2-0.4 في المئة.,أستراليا كانت مستقرة، وسنغافورة انخفضت 0.3 في المئة بحلول الظهيرة وكوريا الجنوبية أضفت 0.2 في المئة.,0.48
"سيارات الدفع الرباعي المتوقفة في الشوارع السكنية في مونروفيا كانت ملصقة بـ ""إلف"" وغيرها من الشعارات، وآخر تم إشعال النيران أمام منزل، قال الرقيب توم رايت.","العديد من سيارات الدفع الرباعي الموقوفة في الشوارع السكنية في مونروفيا كانت تحمل شعارات مثل ""الف"" وغيرها، قال الرقيب توم رايت.",0.7
على الأقل 11 حالة أخرى في إنديانا وثلاثة في إلينوي مشتبه بهم.,هناك أيضاً 3 حالات مشتبه بها على الأقل في إلينوي و 11 في إنديانا.,1.0
"حبوب منع الحمل، التي يسمونها ""بولي حبوب منع الحمل""، قد تحتوي على الأسبرين، دواء خفض الكوليسترول، ثلاثة أدوية خفض ضغط الدم في نصف الجرعة القياسية وحمض الفوليك.",مكونات مثل هذه الحبة المتعددة المكونات قد تحتوي على الأسبرين، ستاتين خفض الكوليسترول، ثلاثة عوامل خفض ضغط الدم في نصف الجرعة، وحمض الفوليك.,1.0
"وقال يوم الأحد ""إنهم يقودون سياراتهم بينما يقتل الناس على بعد 500 متر"".","""ما يفعلونه الآن هو أنهم يتجولون في سياراتهم، بينما يقتل الناس على بعد 500 متر.",0.8
في جلسة الإستماع يوم الثلاثاء، أعلنت مارش أنها غير مذنبة في 122 تهمة احتيال خدمة الدفن و 47 تهمة تقديم بيانات كاذبة.,في جلسة الإستماع أقر بأنه غير مذنب بتهمة الاحتيال في خدمة الدفن وتهمة الإفادات الكاذبة,0.6
ومع ذلك، فإن الإيرادات من الأقساط الإضافية لن تكون ضخمة.,كيف سيتم جمع الأقساط الإضافية؟,0.27
شركة إنتل العملاقة في مجال أشباه الموصلات قالت أمس أن أرباحها في الربع الثاني تضاعفت عن العام الماضي بسبب الطلب الأقوى من المتوقع على معالجات الكمبيوتر الدقيقة,أرباح شركة إنتل في الربع الثاني تضاعفت وارتفعت الإيرادات بنسبة 8% عن العام الماضي حيث أعلن عملاق صناعة الرقائق عن طلب أقوى من المتوقع على معالجات الكمبيوتر الشخصية.,0.76
ألغى شرويدر عطلته الإيطالية بعد أن رفضت ستيفاني الاعتذار عن التشهيرات، والتي جاءت بعد أن قارن برلسكوني سياسي ألماني بحارس معسكر اعتقال نازي.,أدت تصريحات ستيفاني إلى زيادة التوتر بعد أن قارن رئيس الوزراء الإيطالي سيلفيو برلسكوني الأسبوع الماضي عضوًا ألمانيًا في البرلمان الأوروبي بحارس معسكر اعتقال نازي.,0.6
يتضمن برنامج OpenManage التابع لشركة Dell حزم تحديثات Dell مع الرسائل النصية القصيرة للمساعدة في أتمتة إدارة أجهزة الخادم والتطبيقات وملحقات أنظمة التشغيل باستخدام أداة واحدة.,"تساعد حزم التحديثات على ""أتمتة إدارة أجهزة الخادم والتطبيقات وتصحيحات أنظمة التشغيل باستخدام أداة واحدة""، وهو أمر غامض بشكل غير سارة.",0.53
سيسحبه الجو في أي لحظة أو سيموت من البرد، فكر (موريارتي).,"من أعلى الحاجز، فكّر (موريارتي) ، ""سيتمّ إمساكه في أيّ لحظة أو سيموت من البرد"".",0.8
"كما دعا ""جانه"" إلى تشكيل حكومة مؤقتة ونشر قوة حفظ سلام غربية بقيادة الولايات المتحدة",المتمردون يطالبون أيضاً بنشر قوة حفظ سلام بقيادة الولايات المتحدة,0.6
"قال المتحدث باسم كيدو، رولاند تريكوت: ""قرر المجلس التنفيذي إحالة هذا السؤال إلى العواصم.","""قرر المجلس التنفيذي إحالة هذا إلى العواصم""، قالت منظمة تطوير الطاقة الكورية.",0.8
سندات الخزانة المرجعية لمدة 10 سنوات ارتفعت بنسبة 17/32 لتحصل على عائد 4.015 بالمئة,الاوراق المرجعية لعشر سنوات انخفضت مؤخراً بنسبة 17/32 لتحصل على عائد 4.067%,0.55
قام المدعون بإعادة النظر في مايو وطلبوا فتح تقارير التشريح بعد أن تم تسريب أجزاء من تقرير تشريح (كونر بيترسون) لصالح الدفاع إلى وسائل الإعلام.,طلبوا أن يتم فتح تقارير التشريح بعد أن تم تسريب أجزاء من تقرير التشريح على ابن بيترسون غير المولود التي كانت مواتية للدفاع إلى وسائل الإعلام.,0.8
كان الحجم معتدلاً عند 827.68 مليون سهم، ارتفاعاً من 798.95 مليون في نفس الوقت يوم الثلاثاء.,بلغ حجم الأسهم 439.66 مليون سهم، أقل من 450.39 مليون في نفس الوقت يوم الأربعاء.,0.3
"أسهم ""بين ترافيك"" أغلقت عند 36 سنتاً للسهم الواحد يوم الأربعاء في ""ناسداك""، بزيادة سنتين.","أسهم ""بين ترافيك"" أغلقت يوم الأربعاء عند 36 سنتاً، بزيادة 2 سنتاً، أو 6.2 في المائة، من إغلاق يوم الثلاثاء.",0.75
تشريع مثير للجدل من شأنه تغيير قانون الاستيلاء على الولاية ومساعدة شركة تطوير مقرها في ميشيغان,التشريع الذي من شأنه تغيير قانون الاستيلاء على الولاية ومساعدة بلومفيلد هيلز مقرها توبمان مراكز الشركة دافع عن الاستيلاء على 1 مليار $ حصل على موافقة اللجنة الثلاثاء.,0.55
ومع ذلك ، ظلت نقابات أخرى بما في ذلك CGT القوية معارضة للإصلاح وطالبت الحكومة ببدء مفاوضات جديدة معهم.,ومع ذلك ، ظلت CGT القوية والنقابات الأخرى معارضة للخطط ، وطالبت الحكومة بإعادة التفاوض معهم على الإصلاح.,0.8
العائلة تمتلك نوادي تعري هنا و في لاس فيجاس,تم إجراء عمليات التفتيش في وقت واحد مع مداهمات على نوادي التعري في سان دييغو و لاس فيجاس.,0.3
مشروع القانون الجديد سيجعل الرعاية الطبية تغطي 95 بالمائة من تكاليف الأدوية التي تزيد عن 5100 دولار.,فوق ذلك، كبار السن سيكونون مسؤولين عن 100 في المئة من تكاليف الأدوية حتى يصل إجمالي الخروج من الجيب إلى 3600 دولار.,0.36
عدة آلاف من قوات المشاة الثالثة، بما في ذلك فرقة القتال الثالثة القائمة في فورت بيننج في كولومبوس، بدأت في العودة الأسبوع الماضي.,بضعة آلاف من الجنود، معظمهم من فرقة القتال الثالثة التابعة للفرقة ومقرها فورت بيننج في كولومبوس، بدأوا في العودة الأسبوع الماضي، مع استمرار الرحلات الجوية حتى يوم الجمعة.,0.8
يُعتقد أن كلاب البراري التي تباع كحيوانات أليفة غريبة أصيبت بالعدوى في متجر للحيوانات الأليفة في إلينوي بسبب جرذ عملاق من غامبيا تم استيراده من أفريقيا.,يُعتقد أن كلاب البراري أصيبت بالعدوى في متجر للحيوانات الأليفة من خلال جرذ غامبيا المستورد من أفريقيا.,0.72
الدفاع لا يستطيع استئناف حكم روش حتى بعد المحاكمة.,محامو الدفاع لا يمكنهم الطعن في الحكم حتى بعد المحاكمة في محاكم الاستئناف,0.68
تم تعيين اللجنة من قبل وزير الدفاع دونالد رامسفيلد بناء على أوامر من الكونغرس.,الجلسة العامة هي الثانية للجنة التي أنشأها وزير الدفاع دونالد رامسفيلد تحت ضغط من الكونغرس,0.52
ممثل (إنديانا) السابق (فرانك ماكلوسكي) ، 64 عاماً، توفي يوم الأحد في بلومنجتون بعد معركة مع سرطان المثانة.,مات (ماكلوسكي) بعد ظهر الأحد في منزله بعد معركة استمرت عاماً مع سرطان المثانة,0.65
المستشفيات والصليب الأحمر ناشدوا المتبرعين بالأمس,جمعية مستشفيات (كونيكتيكت) انضمت إلى الصليب الأحمر يوم الإثنين في الدعوة لمزيد من المتبرعين بالدم,0.75
المكسيك ترغب في ضمان سلامة المواطنين,المكسيك ترغب في تجنب المزيد من العنف,0.8
وتتولى اسبانيا حاليا رئاسة منظمة التعاون والتعاون الدولية.,اسبانيا تتولى حاليا رئاسة منظمة التعاون والتنمية,0.84
تم توقيع المعاهدة لأول مرة في عام 1990.,تم توقيع معاهدة سي إف إي في عام 1990.,0.84
(جورجيتش) و (بشتون) أعدموا في السجن,تم إعدام (غورجيتش) و (بشتون) بتهمة تهريب الهيروين في مقاطعة سيستان-بالوشستان.,0.64
سيف بورادا حكم عليه بـ 15 عاماً في السجن,(جميل بدوي) حُكم عليه بخمس سنوات,0.12
(سانتوس) قال أن المواد المشعة كانت الأساس الأساسي لتوليد أسلحة الدمار الشامل والإرهاب.,اليورانيوم هو مادة مشعة والتي هي الأساس الرئيسي لتوليد الأسلحة القذرة للدمار الشامل والإرهاب.,0.72
ذكر (فوليفيو بيرغيلا) أن الدودة الرقمية المسماة (سكو هيل) كانت شديدة الخطورة وتكرر نفسها بمعدل 8000 مرة في الساعة,قال (فوليفيو بيرغيلا) أن الدودة الرقمية المسماة (سكو هيل) لديها قدرة عالية جداً على تكرار نفسها وأن الدودة الرقمية المسماة (سكو هيل) تبطئ شبكة حاسوب (بوست إيطاليا) وتجعل بعض الحواسيب غير قابلة للتشغيل.,0.72
قال إنغو كوبر أن هناك اهتماماً أكبر بحقوق الملكية الفكرية الآن أكثر مما كان عليه الأمر قبل 20 أو 30 عاماً.,انجو كوبر قال أن بعض الدول لديها حقوق الملكية الفكرية أقوى من غيرها,0.4
المحققون يزعمون أن الشركة البريطانية كانت غطاء للوكالة,المحققين الروس قالوا أن الشركة البريطانية كانت غطاء للوكالة,0.88
ستعقد روسيا والدول الأعضاء في حلف شمال الأطلسي اجتماعات هذا الخريف حول معاهدة القوات التقليدية في أوروبا (CFE).,صوت البرلمان الروسي بالإجماع على تعليق مشاركة روسيا في معاهدة القوات التقليدية في أوروبا,0.28
رفضت حكومة الولايات المتحدة وغيرها من أعضاء حلف شمال الأطلسي التصديق على المعاهدة المعدلة حتى يسحب المسؤولون في موسكو قواتهم من جمهوريات السوفيتية السابقة مولدوفا وجورجيا.,الولايات المتحدة وأعضاء الناتو الآخرين رفضوا التصديق على المعاهدة المعدلة حتى تنسحب روسيا بالكامل من مولدوفا وجورجيا,0.92
روسيا لن تزيد قوة عسكرية على طول الحدود الروسية,روسيا لن تتردد في زيادة القوة العسكرية على طول الحدود الروسية إذا ظهرت الحاجة.,0.4
سيتم تشغيل المركز في أغسطس 2008.,سيتم افتتاح المركز رسمياً في عام 2009.,0.44
الشرطة البرازيلية تحاصر الأحياء الفقيرة شمالي ريو دي جانيرو لتخلصهم من تجار المخدرات العنيفين,ضباط الشرطة حاصروا الأحياء الفقيرة شمالي ريو دي جانيرو لتخليصهم من تجار المخدرات العنيفين ومصادرة الأسلحة والمخدرات,0.76
وينبغي معالجة قضايا عدم الانتشار الإقليمية والدولية من خلال الحوار والمفاوضات.,كان الاقتراح الثاني هو معالجة القضايا الإقليمية والدولية المتعلقة بعدم الانتشار من خلال الحوار والمفاوضات.,0.72
وقع تفجير في أفغانستان مع تزايد هجمات المتمردين المناهضين للحكومة في الأيام الأخيرة.,وقع تفجير في أفغانستان لكن الشرطة لم تعلن بعد من المسؤول,0.52
مواقع الحكومة الجورجية تتعرض لهجوم إلكتروني مكثف بعد الضربات العسكرية الروسية ضد جورجيا في أواخر الأسبوع الماضي.,تتبع الهجمات الإلكترونية الضربات العسكرية الروسية التي شنت ضد جورجيا في أواخر الأسبوع الماضي.,0.96
تعرضت سويسرا للعلاقات التجارية والدبلوماسية مع إيران لانتقادات في الأشهر الأخيرة بعد أن سافرت وزيرة الخارجية ميشيلين كالمي-ري إلى طهران في مارس/آذار 2008 لتوقيع اتفاق مع شركة الغاز الحكومية الإيرانية.,تعرضت علاقات سويسرا التجارية والدبلوماسية مع الجمهورية الإسلامية لانتقادات في الأشهر الأخيرة بعد أن سافرت وزيرة الخارجية ميشيلين كالمي ري إلى طهران في مارس 2008 لتوقيع اتفاق للغاز.,0.76
معاهدة القوات التقليدية في أوروبا تحد من عدد الطائرات العسكرية والدبابات وغيرها من الأسلحة الثقيلة غير النووية في أوروبا,معاهدة القوات التقليدية في أوروبا تم توقيعها من قبل روسيا وأعضاء الناتو في عام 1990,0.56
اقترح الاتحاد الأفريقي بعثة لحفظ السلام لمساعدة الحكومة الانتقالية الصومالية المتعثرة على تحقيق الاستقرار في الصومال,اقترح الاتحاد الأفريقي بعثة حفظ سلام لمساعدة الحكومة الانتقالية المتعثرة في تحقيق الاستقرار في الصومال، خاصة بعد انسحاب القوات الإثيوبية.,0.72
ذكرت التقارير أن الحكومة السورية كانت تخفي منشأة نووية في الموقع الذي تعرض للهجوم,بدأ خبراء الأمم المتحدة بتحليل التقارير التي تنص على أن الحكومة السورية كانت تخفي منشأة نووية في الموقع المهاجم,0.84
المخدر معروف أيضاً بـ (آيس) أو (شابو),الميثامفيتامين معروف أيضاً باسم الثلج,0.68
الجهود الوطنية والإقليمية والدولية لإنهاء التجارة غير المشروعة بالأسلحة الصغيرة والأسلحة الخفيفة.,يجب على المجتمع الدولي التعاون لإنهاء التجارة غير المشروعة بالأسلحة الصغيرة والأسلحة الخفيفة.,0.8
التطرف الديني مستمر في باكستان على الرغم من حظر الجماعات المسلحة.,التطرف الديني مستمر في باكستان على الرغم من حظر الحكومة الباكستانية للجماعات المسلحة,0.8
المسؤولون الروس طلبوا عقد مؤتمر حول المعاهدة المتعلقة بالقوات التقليدية في أوروبا لمناقشة التصديق على المعاهدة المعدلة,انتونوف تحدث قبل يوم من مؤتمر حول القوات التقليدية في معاهدة أوروبا,0.64
الرئيس الروسي بوتين يوقع على مرسوم يعلق تطبيق روسيا لمعاهدة الحد من الأسلحة الأوروبية,الرئيس فلاديمير بوتين وقع على مرسوم يعلق مشاركة روسيا في معاهدة القوات التقليدية في أوروبا,0.88
كانت ميانمار تعرف سابقاً باسم بورما.,ميانمار كانت تسمى في السابق بورما,1.0
ألتو هولاجا تقع شمال شرق العاصمة ليما,تقع بورتو كاباز على بعد 557 كم شمال شرق ماناغوا، نيكاراغوا.,0.0
حلف شمال الأطلسي يأسف لقرار روسيا بتعليق مشاركتها في المؤتمر,قرار روسيا بتعليق مشاركتها في المجلس هو خطوة في الاتجاه الخاطئ.,0.76
وتشمل انتهاكات حقوق الإنسان في ميانمار الإعدامات الإجمالية والتعذيب وتجنيد الأطفال في الجيش.,وتشمل هذه الانتهاكات لحقوق الإنسان عمليات الإعدام بإجراءات موجزة والتعذيب وتجنيد الأطفال,0.84
الجنرال (نيكولاي أوراكوف) أعلن عبر الهاتف أن المركز العلمي الحكومي لعلم الميكروبيولوجيا التطبيقية لديه أنظمة حماية موثوق بها في حالة الطوارئ,الجنرال (نيكولاي أوراكوف) مدير المركز العلمي الحكومي لعلم الأحياء المجهرية التطبيقية منذ فترة طويلة,0.48
ألسطوم تتنافس مع الدول اليابانية والألمانية على العقد,شركة ألسطوم تتنافس مع شركة شينكانسن اليابانية و شركة آيس الألمانية للحصول على العقد,0.72
التشريع هو أحدث محاولة من قبل اليابان لإعطاء مزيد من الحرية للجيش الذي تسيطر عليه بشدة وسيقلب الحظر على الاستخدام العسكري للفضاء.,التشريع هو الجهد الأخير من قبل اليابان لإعطاء المزيد من الحرية للجيش الخاضع لسيطرة مشددة المعروف تقنياً باسم قوة الدفاع عن النفس.,0.76
أطلقت كوريا الجنوبية قطارًا سريعًا يصل إلى 300 كيلومتر في الساعة,كوريا الجنوبية لديها نظام القطارات السريعة منذ الثمانينات,0.4
روسيا عضو في الرباعية في الشرق الأوسط,روسيا عضو في الجيش الوطني,0.44
أناتولي سوكولوف أعلن أن نظام الدفاع الصاروخي A-135 السوفيتي حول موسكو قديم وغير فعال,نظام الدفاع الصاروخي A-135 السوفيتي حول موسكو قديم وغير فعال,0.92
الصفقة كانت قيد التنفيذ لعدة سنوات,الوكالة الدولية للطاقة الذرية تقوم بالتحقيق في الأنشطة النووية الإيرانية منذ أربع سنوات,0.12
وسيعزز الالتزام بالتزامات عدم الانتشار الثقة المتبادلة ويعزز التعاون الدولي في مجال الطاقة النووية.,أشار جانغ يان إلى أن جميع البلدان يجب أن تلتزم بالتزامات عدم الانتشار من أجل تعزيز الثقة المتبادلة وخلق بيئة سليمة للتعاون الدولي في مجال الطاقة النووية.,0.64
شركة الطاقة والنقل الفرنسية ألسطوم قد توقع عقدا لبناء خط سكة حديد عالي السرعة بين بكين وشنغهاي,قد تقوم شركة ألسطوم بتوقيع عقد لبناء خط سكة حديد عالي السرعة بين بكين وشنغهاي.,0.8
لا يوجد دواء آخر أصبح جزءاً لا يتجزأ منه منذ عقود,المخدرات موجودة في أشكال أخرى لسنوات,0.4
ووصلت الوكالة الدولية للطاقة الذرية إلى اتفاق مع المسؤولين الإيرانيين الذي ذكر أنه لا توجد قضايا متبقية أو غموض فيما يتعلق ببرنامج ونشاطات إيران النووية.,قال الاتفاق أنه لا توجد قضايا متبقية أو غموض فيما يتعلق ببرنامج ونشاطات إيران النووية.,0.68
اعتقلت شرطة بكين أكثر من 20 شخصًا من بينهم 8 أجانب للاشتباه في تعاطي المخدرات والاتجار بها في حانتين في منطقة شعبية في وسط المدينة.,اعتقلت شرطة بكين أكثر من 20 شخصًا للاشتباه في تعاطيهم وتجارتهم للمخدرات في حانتين في وسط المدينة.,0.76
صادقت روسيا على المعاهدة المحدثة في عام 2004 لكن الولايات المتحدة وأعضاء الناتو الآخرين رفضوا القيام بذلك بحجة أن موسكو يجب أولاً الوفاء بالتزاماتها بسحب القوات من جورجيا ومن منطقة ترانسنيستير الانفصالية في مولدوفا.,وقد صدقت روسيا على النسخة المعدلة لكن الولايات المتحدة وأعضاء الناتو الآخرين رفضوا القيام بذلك حتى تسحب الحكومة الروسية قواتها من الجمهوريات السوفيتية السابقة من مولدوفا وجورجيا.,0.84
هناك آراء متضاربة حول مدى الضرر الذي لحق بالمتمردين,لا يزال العنف مستمرًا على الرغم من الآراء المتضاربة حول مدى الضرر الذي لحقت به الجماعات المتمردة.,0.64
مقاطعة هلمند هي أكبر منطقة منتجة للأفيون في العالم,مقاطعة هلمند هي أكبر منتج للأفيون في العالم,1.0
الشرطة أعلنت أن (تسي وين هوانغ) سيتم تسليمه إلى (تايوان),الشرطة ذكرت أن (شونغ) كان هارباً,0.36
تم إطلاق سراح اثنين من المعتقلين.,اثنان من الزامبيين المعتقلين قاصرين.,0.32
أرسل الرئيس المكسيكي فيليبي كالديرون 2800 عميل خاص وجندي إلى سينالوا بسبب ارتفاع درجة الجريمة المنظمة وتجارة المخدرات,الرئيس المكسيكي (فيليبي كالديرون) أرسل 2800 عميل خاص وجندي إلى (سينالوا) لمكافحة تهريب المخدرات,0.92
ستستضيف برلين اجتماعات رفيعة المستوى في أكتوبر لإنقاذ المعاهدة الأوروبية الرئيسية للحد من الأسلحة القوات التقليدية في أوروبا (CFE).,روسيا علقت مشاركتها في معاهدة أوروبية رئيسية للحد من الأسلحة التي تحكم نشر القوات في أوروبا.,0.36
اجتماع منظمة التعاون الدولي استمر يومين,عقد اجتماع منظمة التعاون والتنمية في مدريد,0.36
تم توقيع معاهدة سي إف إي في عام 1990.,تم تأسيس معاهدة CFE في عام 1990.,0.96
إيران تصر على أن البرنامج يهدف فقط إلى المساعي السلمية مثل توليد,إيران تصر على أن برنامجها النووي لأغراض سلمية,0.88
الصين قوة مهمة لحماية السلام العالمي,الصين قوة مهمة لتعزيز التنمية العالمية,0.68
كوريا الشمالية تنفي تورطها في أي برنامج نووي في سوريا,كوريا الشمالية تنفي تورطها في أي مشروع نووي سوري,0.88
المتحدث باسم يوم ستوكويل لم يكن متاحا على الفور,السلطات الصينية لم تكن متاحة على الفور للتعليق.,0.24
كيم ميونغ تشول حذر أنه إذا كان هناك حظر على السفن الكورية الشمالية فإن حكومة كوريا الشمالية سترد بهجوم صاروخي نووي على المدن الكبرى مثل نيويورك وواشنطن,(كيم ميونغ تشول) أعلن أن كوريا الشمالية سترد بهجوم صاروخي نووي على مدن كبرى مثل (نيويورك) و (واشنطن دي سي),0.76
إيران هي أكبر دولة تطبق عقوبة الإعدام في العالم بعد الصين,الجمهورية الإسلامية هي أكثر دولة تطبيق عقوبة الإعدام في العالم بعد الصين.,0.76
جون دنكان هو سفير بريطانيا العظمى للسيطرة على الأسلحة المتعددة الأطراف ونزع السلاح,في جمعية الأمم المتحدة الحكومة الصينية تحث على زيادة الجهود نحو السيطرة على الأسلحة العالمية ونزع السلاح,0.28
تم تعديل المعاهدة في عام 1999 بعد انهيار الاتحاد السوفيتي.,تم تعديل المعاهدة في عام 1999 لتعكس التغييرات منذ انهيار الاتحاد السوفيتي.,0.8
كشمير مقسمة بين الهند وباكستان,كشمير تدعي كل من الهند وباكستان.,0.88
كوريا الجنوبية وإسرائيل تعارضان انتشار أسلحة الدمار الشامل وسباق التسلح,الصين ستعارض بقوة انتشار أسلحة الدمار الشامل,0.28
القذافي يحذر من أن فشل الولايات المتحدة وبريطانيا في تعويض ليبيا عن نزع السلاح النووي سيردع إيران وكوريا الشمالية عن نزع السلاح,فشل الدول الغربية في تعويض ليبيا بما فيه الكفاية سوف يردع إيران وكوريا الشمالية عن نزع السلاح,0.68
روسيا صدقت على المعاهدة المعدلة,صدقت روسيا على المعاهدة المحدثة في عام 2004.,0.68
فريق من 30 متخصص سيقوم بإجراء البحوث والتدريب على الحرب الإلكترونية وسيكون مستعدًا لمساعدة أعضاء الناتو في الاستجابة لأي هجمات إلكترونية مستقبلية.,فريق من 30 متخصص سيقوم بالبحث والتدريب على الحرب الإلكترونية,0.68
قام جناح شباب الجماعة الإسلامية بتظاهرة منفصلة في كشمير.,مظاهرة جناح شباب الجماعة الإسلامية كانت ضد الهجوم الأمريكي على العراق,0.6
إيران هي أكبر دولة تطبق عقوبة الإعدام في العالم بعد الصين,الجمهورية الإسلامية هي أكثر دولة تطبيق عقوبة الإعدام في العالم بعد الصين.,0.76
الصين ستعارض بقوة وسائل نقل أسلحة الدمار الشامل,لطالما عارضت الصين انتشار أسلحة الدمار الشامل,0.88
انهيار النظام في الصين سيؤدي إلى اضطرابات عالمية كبيرة,انهيار النظام في الصين سيكون أسوأ من أفغانستان أو يوغوسلافيا,0.68
أعلنت كوريا الشمالية عن طموحاتها النووية وفي الوقت الحالي أفادت تقارير بأن كوريا الشمالية لديها صواريخ موجهة نحو اليابان,لقد تفاخر كوريا الشمالية بطموحاتها النووية و أفادت تقارير بأن كوريا الشمالية لديها الآن صواريخ مدربة على,0.8
أبوجا هي عاصمة,تشينفالي هي عاصمة جورجيا.,0.16
اتهمت حكومة الولايات المتحدة الحكومة الإيرانية بمحاولة تطوير أسلحة نووية تحت غطاء برنامج نووي مدني,اتهمت الولايات المتحدة وحلفاؤها إيران بمحاولة تطوير أسلحة نووية تحت ستار برنامج نووي مدني,0.92
تيرانا هي عاصمة,أبوجا هي عاصمة,0.2
في اشتباك مسلح قامت الشرطة الإيرانية بقتل أربعة من المتهمين بتجارة المخدرات واعتقلت اثنين واعتقلت ما يقرب من 5 أطنان من الأفيون والمورفين,خلال اشتباكات مسلحة في جنوب شرق إيران ضبطت الشرطة ما يقرب من 5 أطنان من الأفيون والمورفين,0.64
المشاريع النووية الإيرانية لأغراض سلمية,إيران تصر على أن برنامجها النووي لأغراض سلمية,0.72
الصين ستعارض بقوة انتشار أسلحة الدمار الشامل,الصين ستعارض بقوة وسائل نقل أسلحة الدمار الشامل,0.84
الصين هي أقرب حليف لكوريا الشمالية,كوريا الشمالية دولة منعزلة,0.24
وزير الخارجية الليبي عبد الرحمن شلغم زار لندن في أول زيارة لوزير خارجية ليبي منذ عام 1969,زيارة شلغام إلى لندن هي الأولى لوزير خارجية ليبي منذ عام 1969.,0.84
قال (غوف) أن هذا يشكل تهديداً كبيراً للأمن العالمي,إنه يشكل تهديداً كبيراً للأمن العالمي,0.72
(كمبوديا) و (فيتنام) أنهتا اتفاقاً لإيقاف تجار المخدرات الآسيويين والأوروبيين,وقع مسؤولون سوريون وروس اتفاقية للتعاون في مكافحة تهريب المخدرات,0.4
أعلن نشطاء أن روسيا تسجن الناس دون أدلة على أنشطة غير قانونية.,روسيا تسجن الناس بدون دليل على نشاط غير قانوني,0.84
تقييد الجماعات المتطرفة يصبح أكثر صعوبة بسبب كيفية تمويل الجماعات.,(بروجير) قال أن كبح جماعات المتطرفين خصوصاً في أوروبا أصبح أكثر صعوبة بسبب كيفية تمويل هذه الجماعات,0.76
زابول مدينة في جنوب شرق إيران,خوراماباد مدينة في غرب إيران,0.24
المحتجزين المتهمين بالقتل والتعاون الإجرامي والخطف وتمويل الإرهاب ويشملون أعضاء الجيش والشرطة.,أكد إيغوران أن المعتقلين سيتم اتهامهم بالقتل والتعاون الجنائي والخطف وتمويل الإرهاب.,0.65
القضبان الحالية يمكن أن تنتج 3-6 قنابل ذرية في 6-8 أشهر.,ذكر الخبراء أن القضبان يمكن أن تنتج 3-6 قنابل ذرية في 6-8 أشهر.,0.84
وكالة الطاقة الذرية الدولية قد تكون خدعت لأنها كانت حريصة على صفقة.,خطة الوكالة الدولية للطاقة الذرية تستغرق مفاوضات لعدة أشهر,0.48
أعلنت حكومة ميانمار أن ميانمار ستصبح خالية من الأفيون بحلول عام 2014.,أعلنت حكومة ميانمار أن ميانمار على الطريق الصحيح لتصبح خالية من المخدرات بحلول عام 2014.,0.92
نشرت الجماعة اليهودية الأمريكية رابطة مكافحة التشهير إعلانات كاملة الصفحة في الصحف السويسرية والدولية في أبريل 2008 متهمة سويسرا بتمويل الإرهاب من خلال الصفقة.,اتخذت رابطة مكافحة التشهير إعلانات كاملة الصفحة في الصحف السويسرية والدولية في وقت سابق من أبريل 2008 متهمة سويسرا بتمويل الإرهاب من خلال الصفقة.,0.88
فرنسا توفر الصواريخ والبنادق والمحركات,بريطانيا توفر خزانات الوقود و صناديق التروس,0.36
جرائم الإعدام في المملكة العربية السعودية تشمل الاغتصاب والقتل والردة والسرقة المسلحة وتجارة المخدرات,جرائم الإعدام في إيران تشمل القتل، الاغتصاب، السرقة المسلحة، الاتجار الخطير بالمخدرات والزنا.,0.64
(بي إيه سيستمز) هي أكبر شركة دفاع في المملكة المتحدة,أنظمة بي إي هي أكبر جيش في المملكة المتحدة,0.68
(لافروف) أخبرنا وزيرة الخارجية (كوندوليزا رايس) أن (روسيا) تظل مفتوحة للحوار,وزيرة الخارجية الأمريكية (كوندوليزا رايس) طلبت من روسيا سحب قواتها,0.56
الأفراد والكيانات الإضافية تخضع لتجميد الأصول.,يتضمن القرار قائمة موسعة من الأفراد والكيانات الخاضعة لتجميد الأصول.,0.76
الانسحاب من المعاهدة سيسمح لروسيا بتعزيز القوات بالقرب من الحدود الروسية,الانسحاب من معاهدة القوات التقليدية في أوروبا سيسمح لروسيا بتعزيز القوات بالقرب من الحدود الروسية,0.68
وقال فان ان اللجنة مهتمة بشكل أساسي بمدة الاستثمار المستقبلي في تايوان.,وقال فان إن المفوضية ستضمن الالتزامات بمجرد بدء الاستثمارات.,0.36
صرح المتحدث باسم الحكومة ماسيكو أنه إذا كانت الوثائق الإدارية على ما يرام فإن حكومة جنوب أفريقيا لا يمكنها التدخل لمنع نقل الأسلحة عبر أراضيها إلى دولة مجاورة غير ساحلية.,المتحدث باسم تمبا ماسيكو ذكر أنه طالما أن الأوراق الإدارية على ما يرام لا يمكن لجنوب أفريقيا التدخل لمنع نقل الأسلحة عبر أراضي جنوب أفريقيا إلى زيمبابوي.,0.56
تم نشر بيان الرئيس ديمتري ميدفيديف على موقع الكرملين ونشرته وكالات الأنباء الحكومية بالكامل.,تم نشر البيان على موقع الكرملين على الإنترنت ونشرته وكالات الأنباء الحكومية.,0.64
تركمانستان على الحدود مع أفغانستان,سيستان-بلوشستان حدود أفغانستان وباكستان.,0.36
ارتفع عدد عمليات الإعدام في إيران العام الماضي وسط حملة تهدف إلى تحسين الأمن في المجتمع.,ارتفع عدد عمليات الإعدام بشكل كبير في عام 2007 وسط حملة تقول السلطات الإيرانية إنها تهدف إلى تحسين الأمن في المجتمع.,0.68
سوريا تنفي أن لديها برنامج نووي غير معلن,سوريا تنفي وجود برنامج نووي غير معلن,1.0
منظمة العفو الدولية هي مجموعة حقوقية مقرها في لندن,المعهد الدولي للدراسات الاستراتيجية يقع في لندن,0.28
الرقم 254 تم تجميعه مع إحصاءات من الصحافة وشهود العيان,تم حساب عدد عمليات الإعدام في إيران في عام 2007 من خلال إحصاء أجرته وكالة الأنباء الفيدرالية من تقارير الصحافة.,0.44
الحكومة الإيرانية أعلنت أن البرنامج النووي الإيراني يبقى سلمياً,الحكومة الإيرانية تقول أن البرنامج النووي سلمي,1.0
قال شينغريف أنه من الصعب جداً صنع سلاح نووي من البلوتونيوم الموجود في هذا الوقود,(دونوهو) قال أنه من الصعب جداً التعامل مع النظائر المشعة دون ترك أثر.,0.12
باريس هي عاصمة فرنسا,ليما هي عاصمة,0.12
أحد مسؤولي الحكومة الهندية تحدث بشرط عدم الكشف عن اسمه,تحدث المسؤول بشرط عدم الكشف عن هويته,0.68
هددت روسيا عدة مرات بالانسحاب من الاتحاد عندما كانت على خلاف مع الولايات المتحدة حول خطط الولايات المتحدة لتثبيت درع دفاع صاروخي في شرق,هددت روسيا مراراً بالانسحاب من الاتحاد في معارضتها لخطط توسيع درع الدفاع الصاروخي الأمريكي إلى أوروبا الشرقية,0.92
الخطة لتونس هي إنشاء قواعد بيانات إلكترونية لتسهيل تحصيل الضرائب.,الخطة لنيجيريا وموزمبيق هي إنشاء قاعدة بيانات إلكترونية للعقارات.,0.36
لقد أشادت المجتمع الدولي بالصين على جهودها لحل القضية النووية في شبه الجزيرة الكورية,تم الإشادة بالصين خصوصا من قبل دول آسيا والمحيط الهادئ لجهودها لحل القضية النووية في شبه الجزيرة الكورية.,0.84
أعلنت وزارة الخارجية الروسية أن روسيا لم تعل الحوار.,المسؤولون الروس أعلنوا أن روسيا لن تعيد النظر في التعليق,0.52
يجب القضاء على مهربي الأسلحة و عصابات المخدرات من جنوب شرق آسيا,المهربون بالأسلحة و عصابات المخدرات يدعمون الإرهابيين,0.56
يحاول القانون الجديد إزالة أي عقبات قانونية لبناء أقمار تجسس أكثر تطوراً ومساعدة الابتكار في صناعة الفضاء اليابانية.,الهدف من القانون الجديد هو إزالة أي عقبات قانونية لبناء أقمار تجسس أكثر تطوراً وتشجيع الابتكار في صناعة الفضاء اليابانية.,0.96
قال (تشانغ) إن الصين تعارض تقييد استخدام الطاقة النووية السلمي من قبل الدول غير الحائزة على الأسلحة النووية على أساس عدم الانتشار لأن الاستخدام السلمي للطاقة النووية هو هدف حاسم من أهداف الاتحاد الوطني للطاقة.,ذكر تشانغ يان أن الصين تعارض استخدام عدم الانتشار كذريعة لتقييد وحرمان الدول غير الحائزة على الأسلحة النووية من الحق في استخدام الطاقة النووية السلمية.,0.88
خبير منع الانتشار في المعهد الدولي للدراسات الاستراتيجية (مارك فيتزباتريك) صرح بأن تقرير الوكالة الدولية للطاقة الذرية,زميل كبير في المعهد الدولي للدراسات الاستراتيجية (مارك فيتزباتريك) صرح بأن... خطة وكالة الطاقة الذرية الدولية سطحية.,0.8
المعاهدة تحد من عدد الطائرات والدبابات والأسلحة الثقيلة غير النووية حول أوروبا,معاهدة القوات التقليدية في أوروبا تحد من عدد الطائرات العسكرية والدبابات وغيرها من الأسلحة الثقيلة غير النووية في أوروبا,0.84
ذكر مسؤولون إستونيون أن بعض الهجمات الإلكترونية التي أدت إلى إغلاق مواقع الحكومة الإستونية مؤقتاً جاءت من أجهزة كمبيوتر في إدارة روسيا بما في ذلك مكتب الرئيس فلاديمير بوتين.,زعم مسؤولون في إستونيا بما في ذلك رئيس الوزراء أندروس أنسيب أن بعض الهجمات الإلكترونية جاءت من أجهزة الحكومة الروسية بما في ذلك أجهزة حاسوب في مكتب الرئيس الروسي فلاديمير بوتين.,0.76
توصلت بريطانيا إلى اتفاق لتزويد المملكة العربية السعودية بطائرات تايفون في صفقة تبلغ قيمتها 8 مليارات جنيه استرليني (حوالي 13.9 مليار دولار أمريكي).,وافقت المملكة المتحدة على تزويد السعودية بطائرات تايفون في صفقة تقدر قيمتها بنحو 8 مليارات جنيه استرليني (حوالي 13.9 مليار دولار أمريكي) لشركة بي إيه سيستمز الدفاعية البريطانية.,0.64
الأفيون هو المكون الخام للهيروين,الخشخاش أعطى المكون الخام للهروين,0.68
(وي سونغ لاك) رفض إعطاء أي تفاصيل عن مشروع المفاعل النووي لكوريا الشمالية,كوريا الجنوبية حتى الآن اتخذت موقفا حذرا في قضية مشروع مفاعل نووي لكوريا الشمالية,0.6
تهدف الاتفاقية إلى إقامة تعاون أوسع يشمل الأمن القومي ومكافحة الإرهاب العالمي.,في بيان وزارة الدفاع البريطانية ذكر-- الاتفاقية تهدف إلى إقامة تعاون أوسع تغطي الأمن القومي ومكافحة الإرهاب العالمي.,0.68
العديد من الذين يُعدمون في إيران يُشنقون علناً,العديد من الأشخاص الذين يُعدمون يُشنقون علناً,0.68
الولايات المتحدة وحلفاء الولايات المتحدة يعتقدون أن إيران تسعى للحصول على أسلحة نووية,الولايات المتحدة وبعض الدول الأوروبية تعتقد أن مشاريع إيران النووية تهدف إلى صنع أسلحة نووية,0.76
"الـ""سي إف إي"" مهم جداً للأمن الأوروبي.",الاتفاق الأوروبي هو حجر الزاوية للأمن الأوروبي.,1.0
القوات الهندية بالفعل تقاتل المتمردين في كشمير وتشارك الآن في حملة هائلة لتدمير محاصيل الخشخاش في المنطقة.,القوات الهندية التي كانت بالفعل تقاتل المتمردين بدأت الآن في عملية هائلة لتدمير محاصيل الخشخاش في كشمير,1.0
المسألة حساسة,تقرير وكالة الطيران الدولية محجوز,0.0
الأسبوع الماضي أعلنت روسيا أنها ستعلق مشاركتها في المؤتمر,حلف شمال الأطلسي يأسف لقرار روسيا بتعليق مشاركتها في المؤتمر,0.48
الولايات المتحدة والدول الغربية الأخرى وحلف شمال الأطلسي أدانوا العنف,الولايات المتحدة والدول الغربية الأخرى وحلف شمال الأطلسي طالبوا بوقف إطلاق النار,0.72
المواطنون الهنود يشكلون أكبر عدد من السجناء الأجانب في سجون نيبال.,تجار المخدرات من الدول الأجنبية يشكلون أكبر نسبة من السجناء الأجانب في نيبال.,0.4
القانون القانوني اتهم راجاد بتمويل الإرهاب,اتهمت المحكمة (رجاد صدام حسين) بتمويل الإرهاب,0.84
أحرق حكام ميانمار العسكريون المخدرات غير المشروعة بقيمة 250 مليون دولار تقريبًا للاحتفال باليوم الدولي لمكافحة تعاطي المخدرات والاتجار غير المشروع بها.,حرق حكام ميانمار العسكريون المخدرات للاحتفال باليوم العالمي لمكافحة تعاطي المخدرات والاتجار غير المشروع بها.,0.75
زاد المسؤولون الإيرانيون من عمليات الإعدام في عام 2007 حيث يفرض المسؤولون حملة يزعم أنها تهدف إلى تعزيز الفضيلة وتعزيز الأمن في المجتمع.,ارتفع عدد عمليات الإعدام في إيران العام الماضي وسط حملة تهدف إلى تحسين الأمن في المجتمع.,0.8
اتهمت الهند إسلام آباد بتمويل وتدريب المتمردين,الهند تتهم باكستان بتمويل وتدريب المتمردين عبر الحدود,0.6
المعركة التي تلتها والغارات الجوية قتلت 10 متشددين على الأقل,في المعركة التي تلت ذلك قتل 10 متشددين على الأقل,0.72
ذكر بيان وزارة الخارجية البنمية أن فرقة العمل ستسهل نقل التكنولوجيا وتعزز إنتاج واستهلاك الوقود الحيوي.,بيان وزارة الخارجية البنمارية ذكر أن بنما والبرازيل وقعا 3 معاهدات قضائية شملت تسليم,0.36
فيتنام لديها من بين أقسى قوانين المخدرات في العالم,قوانين المخدرات في فيتنام هي من بين القوانين الأكثر صرامة في العالم,0.96
حظرت الحكومة الهندية التصدير والاستيراد المباشرين أو غير المباشرين لجميع العناصر والمواد والسلع والتكنولوجيا التي يمكن أن تسهم في أنشطة إيران المتعلقة بالخصب أو إعادة المعالجة أو المياه الثقيلة.,حظرت الهند تصدير واستيراد مباشر أو غير مباشر لجميع العناصر والمواد والسلع والتكنولوجيا التي يمكن أن تسهم في أنظمة نقل الأسلحة النووية الإيرانية.,0.64
وكالة أنباء فيتنام ذكرت أن وزارة الأمن العام ذكرت أن الأجانب المتورطين في قضايا تهريب المخدرات في فيتنام جاءوا في الغالب من لاوس وكمبوديا وأستراليا والصين والولايات المتحدة وتايوان.,وكالة أنباء فيتنام ذكرت أن وزارة الأمن العام ذكرت أن الشرطة اعترفت بأن تهريب المخدرات إلى فيتنام يتزايد لكن الإجراءات لمنع وإيقاف تهريب المخدرات على طول الحدود لا تزال محدودة.,0.76
قائد فريق العالم الآمن في التحكم في عمليات النقل والأسلحة الصغيرة روي إسبيستر قال... حظر الاتحاد الأوروبي يحظر توريد المعدات العسكرية المباشرة أو غير المباشرة للاستخدام في ميانمار.,"وقال روي إسبيستر، رئيس فريق ""سايفر وورلد"" المعني بالتحكم في عمليات النقل والأسلحة الصغيرة، إن حظر الاتحاد الأوروبي ينص صراحة على عدم توريد أي معدات عسكرية، سواء بشكل مباشر أو غير مباشر، لاستخدامها في ميانمار.",1.0
الولايات المتحدة وأعضاء الناتو الآخرين رفضوا التصديق على المعاهدة المعدلة,الولايات المتحدة وأعضاء الناتو الآخرين رفضوا التصديق على التحديثات,0.64
يحد الاتفاق من استخدام القوات المسلحة والأسلحة الثقيلة وينص على تدابير تهدف إلى بناء الثقة والشفافية والتعاون بين الدول الأعضاء.,المعاهدة تحد من نشر الدبابات والقوات في حلف شمال الأطلسي ودول حلف وارسو الأوروبية الشرقية السابقة وتضع تدابير لبناء الثقة والشفافية والتعاون بين الدول الأعضاء,0.76
تقع بلغاريا في الجزء الجنوبي الشرقي من شبه جزيرة البلقان.,تجارة المخدرات منتشرة في الجزء الجنوبي الشرقي من شبه جزيرة البلقان,0.2
أعلن البرادعي أن هذه هي الفرصة الأخيرة لبناء الأمن في الشرق الأوسط على أساس الثقة والتعاون وليس على امتلاك الأسلحة النووية.,هذه هي الفرصة الأخيرة لبناء الأمن في الشرق الأوسط على أساس الثقة والتعاون بدلاً من امتلاك الأسلحة النووية.,0.8
الحكومة الإيرانية رفضت الادعاءات في المعلومات الاستخباراتية المقدمة إلى مجلس الوكالة الدولية للطاقة الذرية باعتبارها لا أساس لها والمعلومات الاستخباراتية المستخدمة لدعم الادعاءات باعتبارها مزيفة.,الوكالة الدولية للطاقة الذرية تصر على أن إنكار الحكومة الإيرانية للمعلومات التي قدمتها إلى مجلس الوكالة الدولية للطاقة الذرية ليست كافية لتخفيف شكوك الدول الغربية,0.44
تم تأسيس معاهدة CFE في عام 1990.,تم توقيع المعاهدة في الأصل في عام 1990.,0.64
تعتبر معاهدة القوات التقليدية في أوروبا معاهدة أساسية للحد من الأسلحة.,معاهدة القوات التقليدية في أوروبا كانت معاهدة أساسية للحد من الأسلحة في الحقبة السوفيتية,0.8
احتفلت نيكاراغوا بالذكرى الخامسة والعشرين للثورة الساندينية التي أطاحت بديكتاتورية أنستاسيو سوموزا ولكنها فرضت نظام يساري على غرار نظام كوبا.,نيكاراغوا احتفلت بالذكرى الخامسة والعشرين للثورة الساندينية,0.76
تم القبض على 13 كردي من تركيا بالقرب من باريس للاشتباه في غسيل الأموال لحزب العمال الكردستاني.,عشرة أكراد يخضعون للتحقيق في فرنسا للاشتباه في غسل الأموال لصالح منظمة إرهابية تعرف باسم حزب العمال الكردستاني.,0.52
استمرت الاجتماعات يومين,اجتماع منظمة التعاون الدولي استمر يومين,0.68
سكان القرية يتورطون دون قصد في تجارة المخدرات,105 سجناء يقضون أحكامهم بتهمة تهريب المخدرات,0.28
الحكومة الروسية تعارض بشدة خطط الولايات المتحدة لتثبيت الدفاعات المضادة للصواريخ في أوروبا وترفض تأكيدات الولايات المتحدة بأن صواريخ الاعتراض مطلوبة للدفاع ضد التهديدات من إيران,بعد المحادثات في مقر حلف شمال الأطلسي، كرر بالويفسكي معارضة روسيا لخطط الولايات المتحدة لتثبيت دفاعات مضادة للصواريخ في أوروبا ورفض تأكيدات الولايات المتحدة بأن المقاطعات كانت ضرورية للدفاع عن التهديدات المحتملة من إيران.,0.64
تتعاون جامعات هونغ كونغ مع الجامعات والشركات والقطاعات الحكومية في البر الرئيسي للصين لتنسيق برامج التدريب ومراكز البحث لتعزيز البحوث والتسويق ونقل التكنولوجيا المتقدمة.,تعاونت جامعات هونغ كونغ مع قطاعات التعليم العالي والأعمال والحكومة في البر الرئيسي للصين لتوجيه برامج التدريب ومراكز البحث لتعزيز تسويق البحث ونقل التكنولوجيا.,1.0
الحكومة الصينية قدمت التعاون والمساعدة النشطة لمنظمة حظر تفتيش الأسلحة الكيميائية.,وقالت وزارة الخارجية الإكوادورية في بيان إن مندوبين من منظمة حظر الأسلحة الكيميائية (أوباك) سيشاركون أيضا في الاجتماع.,0.2
اعتمدت الحكومة المكسيكية سلسلة من التدابير ضد تهريب المخدرات والجريمة المنظمة في المكسيك منذ عام 2006.,منذ عام 2006، اعتمدت المكسيك سلسلة من التدابير ضد تهريب المخدرات والجريمة المنظمة.,1.0
البيان لم يحدد كمية الرؤوس الحربية التي يمكن أن يحملها الصاروخ,لم يحدد البيان عدد الرؤوس الحربية التي يمكن أن يحملها الصاروخ.,1.0
إنه تهديد خطير للأمن الدولي,إنه يشكل تهديداً كبيراً للأمن العالمي,0.84
نيكاراغوا احتفلت بالذكرى الخامسة والعشرين للثورة الساندينية,لم تتوافق نيكاراغوا على كيفية تقديم الذكرى السنوية للثورة الساندينية,0.48
أعلن الرئيس الروسي فلاديمير بوتين أن قرار وقف تنفيذ القوات التقليدية في معاهدة أوروبا هو رد على خطط الولايات المتحدة لإنشاء مواقع للدفاع الصاروخي في أوروبا الشرقية وفشل حلف شمال الأطلسي في التصديق على نسخة معدلة من المعاهدة.,الرئيس الروسي فلاديمير بوتين يعلن أن القرار رد على خطط الولايات المتحدة لإنشاء مواقع للدفاع الصاروخي في أوروبا الشرقية وفشل حلف شمال الأطلسي في التصديق على نسخة معدلة من المعاهدة,0.84
قام معهد الأبحاث الوطني الهولندي بتجارب الأسلحة الكيميائية لوزارة الدفاع الهولندية خلال الخمسينيات,صحفي من (إتش بي/ديتايد) علم عن تجارب (تي إن أو) للأسلحة الكيميائية من أرشيف وزارة الدفاع,0.52
"تقرير صادر عن شركة ""ماكافي"" الموردة للبرمجيات الأمنية قال أن المخترقين الحكوميين في الصين هم في طليعة الحرب الباردة على الإنترنت.",القراصنة المرتبطون بالحكومة في الصين هم في طليعة الحرب الالكترونية الباردة المتنامية,0.68
المعاهدة تحد من عدد الطائرات والدبابات وغيرها من الأسلحة الثقيلة غير النووية حول أوروبا وتم توقيعها لأول مرة في عام 1990.,المعاهدة تحد من عدد الطائرات والدبابات والأسلحة الثقيلة غير النووية حول أوروبا,0.72
العديد من الهجمات نشأت في الخارج,ذكر المسؤولون الإستونيون أن الهجمات نشأت في روسيا,0.36
الشرطة اعتقلت اثنين من المشتبه بهم في تهريب المخدرات من هندوراس,الشرطة البلغارية اعتقلت رئيس مجموعة تهريب المخدرات,0.28
إذا ارتفعت اليابان إلى هذه المناسبة لن تُهزم اليابان أبداً حتى من حيث القوة العسكرية,لقد قال (أوزاوا) أنّه إذا استعدّت (اليابان) لهذا الوضع، فلن تُهزم (اليابان) أبداً حتى من حيث القوّة العسكرية.,0.72
وقعت مصر والأردن على معاهدة منع انتشار الأسلحة النووية وطالما دعت لشرق أوسط خال من أسلحة الدمار الشامل,وقعت سوريا على معاهدة عدم انتشار الأسلحة النووية وسمحت لخبراء الوكالة بتفتيش منشأتها النووية الوحيدة المعروفة,0.8
روسيا تشارك بالفعل في وكالة الفضاء الأوروبية,فرنسا رائدة في وكالة الفضاء الأوروبية,0.24
ميانمار دولة عسكرية,ميانمار لديها حكومة عسكرية.,0.6
لم يقل إن كان الرجال قد شنقوا في السجن,عشرات من هؤلاء المجرمين شنقوا علناً,0.36
تم تجميع تقرير منظمة العفو الدولية من قبل المنظمات غير الحكومية الأوروبية والدولية مثل Saferworld، التي تعارض العنف المسلح.,تم تجميع تقرير منظمة العفو الدولية من قبل المنتديات الأوروبية والدولية غير الحكومية.,0.64
قال تقرير لمعهد أبحاث السياسة العامة أن هناك 27 دولة ضعيفة تشكل تهديدا للأمن القومي البريطاني لأن هذه الدول يمكن أن توفر قواعد للإرهابيين,قال التقرير أن هناك 27 دولة ضعيفة تشكل تهديدا للأمن القومي البريطاني لأن الدول يمكن أن توفر قواعد للإرهابيين,0.84
الحكومة الإيرانية تنفي الاتهام وتصر على أن البرنامج النووي لأغراض سلمية فقط,إيران تصر على أن برنامجها النووي لأغراض سلمية,0.8
تدعو مبادرة الأمن من انتشار الأسلحة النووية إلى إيقاف وتفتيش السفن المشتبه في أنها تحمل أسلحة الدمار الشامل.,يدرس أعضاء مبادرة الأمن ضد الانتشار طرقًا لاعتراض السفن أو الطائرات المشتبه في أنها تحمل أسلحة الدمار الشامل.,0.64
يجب على المجتمع الدولي تحديث البحث عن وسيلة عادلة ومعقولة وفعالة لتعزيز نظام عدم الانتشار النووي من خلال مشاورات واسعة النطاق.,كان الاقتراح الثالث هو أن الدول يجب أن تتقدم مع الزمن وتبحث عن وسيلة عادلة ومعقولة وفعالة لتعزيز نظام عدم الانتشار النووي من خلال مشاورات واسعة.,0.68
نشرت منظمة العفو الدولية تقريراً تفيد فيه بأن مشروع الهند لبيع طائرات الهليكوبتر الهجومية لميانمار يهدد بحظر أسلحة الاتحاد الأوروبي على ميانمار.,تقرير منظمة العفو الدولية كان بعنوان طائرات الهليكوبتر الهندية لميانمار: تسخر من حظر الأسلحة في الاتحاد الأوروبي؟,0.76
(نعيم إم) قام بتهريب 10 كيلوغرامات من الهيروين,المُتهمون قاموا بتهريب أكثر من 11 كيلوغرام من الهيروين,0.48
29 شخصاً أدينوا من قبل محكمة شعب كوانغ نينغ للمشاركة في عصابة مخدرات تهريب الهيروين من فيتنام إلى الصين,مسؤول المحكمة تران داو قال أن 12 شخصاً كانوا من بين 29 شخصاً أدانتهم محكمة شعب كوانغ نينغ بالمشاركة في عصابة المخدرات التي تهرب الهيروين من فيتنام إلى الصين,0.68
محامي (مايكل كاراس) يدعى (إس إس ديلون) لم يستطع الوصول للتعليق,لم يكن من الممكن الوصول إلى سلطات ميناء دربان ومفتشي المتفجرات في الشرطة للتعليق.,0.4
الدول تعارض تسليح الفضاء و سباق التسلح في الفضاء,شددت الصين على معارضتها للتسليح و سباق التسلح في الفضاء الخارجي,0.64
تقدم فرنسا وبلجيكا وألمانيا والسويد وإيطاليا وبريطانيا أجزاء وتكنولوجيا للطائرة الهليكوبتر الخفيفة المتطورة (ALH).,فرنسا، بلجيكا، ألمانيا، السويد، إيطاليا وبريطانيا تقدم أجزاء وتكنولوجيا للطائرة الهليكوبتر الخفيفة المتطورة التي تخطط الهند لبيعها إلى ميانمار.,0.68
تجارة الأسلحة غير المشروعة تزداد في كينيا بسبب سهولة الحصول عليها والصراعات المجاورة.,الإتجار غير المشروع بالأسلحة زاد في كينيا وأثار مخاوف بشأن الأمن.,0.64
قال ن.ر. موهنتي أنه تم التوقيع على اتفاق بين منظمة أبحاث وتطوير الدفاع، وشركة هندستان للطيران المحدودة والقوات الجوية الهندية لترقية أسطول الهند القديم من طائرات ميج-27 م.,أوضح موهانتي أن الترقية ستتم قريباً حيث تم الانتهاء منها تقريبًا من قبل منظمة أبحاث وتطوير الدفاع ، وشركة هندستان للطيران المحدودة والقوات الجوية الهندية.,0.68
يذكر البرادعي أن اتفاق السلام في الشرق الأوسط لا يمكن التوصل إليه إلا بالتوازي مع اتفاق أمني قائم على القضاء على جميع أسلحة الدمار الشامل من المنطقة.,ونقل عن البرادعي قوله أنه يجب التوصل إلى اتفاق سلام بين إسرائيل وجيرانها العرب بالتوازي مع اتفاق أمني قائم على القضاء على جميع أسلحة الدمار الشامل من المنطقة.,0.92
يواجه مهربو المخدرات عقوبة الإعدام بموجب القانون الطاجيكي.,تم القبض على تاجر مخدرات أفغاني في طاجيكستان,0.32
الجمعية الدولية للطاقة الذرية هي منظمة الأمم المتحدة,الوكالة الدولية للطاقة الذرية هي الكلب المراقب النووي للأمم المتحدة,1.0
يذكر أن الهدف الرئيسي من زيارة ألمانيا هو تعزيز التبادل التجاري والاقتصادي والتكنولوجي.,أعلن وين أن الغرض من زيارته إلى ألمانيا هو تعزيز التبادل التجاري والاقتصادي والتكنولوجي.,0.96
المسؤولون الأمريكيون لا يعرفون مدى تقدم برنامج الأسلحة النووية لكوريا الشمالية,(هيل) هو المفاوض الأمريكي الرئيسي في برنامج الأسلحة النووية لكوريا الشمالية,0.24
7 ضباط شرطة قتلوا و 4 ضباط جرحوا,خلال الاشتباكات قتل سبعة رجال شرطة وأصيب أربعة بجروح خطيرة,0.92
سيوقع رؤساء الدفاع من إستونيا ولاتفيا وليتوانيا وألمانيا وإيطاليا وإسبانيا وسلوفاكيا على الاتفاق لتوفير الموظفين والتمويل للمركز.,وقع رؤساء الدفاع من إستونيا ولاتفيا وليتوانيا وألمانيا وإيطاليا وإسبانيا وسلوفاكيا على الاتفاقية.,0.56
مشروع القانون الذي يقترح قانونًا جديدًا يسمح باستخدام برامج الفضاء للدفاع قد تمت الموافقة عليه بالفعل من قبل مجلس النواب في حكومة اليابان الأسبوع الماضي.,تمت الموافقة على مشروع القانون الجديد من قبل مجلس النواب الياباني الأسبوع الماضي.,0.68
(فان دير ميروي) حكم على (جايجز) بـ 13 عاماً من السجن,قام (فان دير ميروي) بتعليق حكم (جايجز) إلى 5 سنوات من السجن,0.52
زاهدان مدينة في جنوب شرق,بام مدينة في جنوب شرق,0.36
أعلن الرئيس بوتين أن روسيا ستتخذ إجراءات مضادة,حذر بوتين من أن روسيا ستتخذ إجراءات انتقامية,0.88
رفضت الصين حتى الآن ضغط الولايات المتحدة على الصين لوقف وتفتيش السفن الكورية الشمالية,صرحت الصين أن ضغط الولايات المتحدة على الصين لوقف وتفتيش السفن الكورية الشمالية قد يؤدي إلى اشتباكات عسكرية.,0.8
قال وزير الشؤون الاستراتيجية في البرازيل روبرتو مانجابيرا أونجر أن خطة الدفاع الوطنية الجديدة في البرازيل تدعو إلى إقامة شراكات مع دول بما في ذلك روسيا وفرنسا لبناء صناعة أسلحة حديثة.,أعلن أنجير أن خطة الدفاع الوطنية الجديدة للبرازيل تدعو إلى إقامة شراكات مع دول بما في ذلك روسيا وفرنسا لبناء صناعة أسلحة حديثة.,0.76
سيتم اتهام المتهم بالاتجار الدولي بالمخدرات,بعض المتهمين سيتهمون أيضاً بغسيل الأموال والتهرب الضريبي والفساد,0.32
تتضمن إصدارات من طائرات الهليكوبتر الخفيفة المتقدمة قاذفات صواريخ من بلجيكا؛ صواريخ ومدافع ومحركات من فرنسا؛ أنظمة الفرامل من إيطاليا؛ خزانات الوقود و صناديق التروس من بريطانيا؛ معدات الحماية الذاتية من شركة سويدية وتلقت تطوير تصميم حيوي وتصنيع التحكم في المحرك من شركات ألمانية.,ترسانة الـ (إيه إل) تتضمن قاذفات صواريخ من (بلجيكا) صواريخ ومدافع ومحركات من (فرنسا) أنظمة كبح من (إيطاليا) خزانات وقود و صناديق تروس من (بريطانيا),0.72
وزارة الدفاع الهندية زادت الإنفاق على المشتريات الدفاعية,وزارة الدفاع الهندية زادت الإنفاق الدفاعي على المشتريات الجديدة بنسبة 33 بالمئة,0.72
تقرير وكالة الطيران الدولية محظور,لقد هرب القتلة,0.0
معاهدة القوات التقليدية في أوروبا تم توقيعها من قبل روسيا وأعضاء الناتو في عام 1990,تم تعديل معاهدة القوات التقليدية في أوروبا في عام 1999.,0.44
قال الشيخ دون سالد علمي إن الضحايا المدنيين نتيجة هجمات الهاون والصواريخ الليلية تحدث كل يوم.,قال الشيخ الدون صلاح علمي إن الضحايا المدنيين الناجمين عن هجمات الهاون والصواريخ الليلية يدخلون المستشفى كل يوم تقريبًا.,0.72
حكومة جنوب أفريقيا تحتفظ بعلاقات جيدة جداً مع حكومة الولايات المتحدة,"الـ""سي.إف.إيه"" هي واحدة من عدة قضايا تؤثر سلباً على علاقات روسيا مع الولايات المتحدة وأوروبا.",0.24
أنظمة الأسلحة النووية ذات مستوى عال من الاستعداد تزيد من خطر استخدام تلك الأسلحة بما في ذلك استخدامها دون قصد مع عواقب كارثية.,يقول القرار أن مستوى الاستعداد المرتفع يزيد من خطر استخدام مثل هذه الأسلحة وأن الاستخدام غير المتعمد أو العرضي سيكون له عواقب كارثية.,0.84
وأضاف أن من الضروري زيادة الجهود الرامية إلى القضاء على الأسلحة النووية وأسلحة الدمار الشامل.,قال أن من الضروري بذل جهود أكبر للقضاء على الأسلحة النووية وأسلحة الدمار الشامل.,0.68
مقاطعة هلمند هي أكبر منتج للأفيون في العالم,مجموعة أريفا هي أكبر شركة هندسة نووية في العالم,0.0
المنطقة الحدودية بين أفغانستان وإيران كانت مسرحاً للتصادمات المتكررة بين الشرطة وتهريب المخدرات.,المنطقة القريبة من بلدة ميرجافيه كانت مسرحاً للصراعات المتكررة بين الشرطة الإيرانية و مهربي المخدرات,0.76
الفيزيائي دانيلوف أدين ببيع معلومات سرية عن تكنولوجيا الفضاء للصين,الفيزيائي (فالنتين دانيلوف) أدين ببيع معلومات سرية عن تكنولوجيا الفضاء للصين,0.88
ميانمار هي أكبر منتج للأفيون غير المشروع في العالم ولكن لديها موارد مالية وتقنية محدودة لإنهاء تجارة المخدرات.,ميانمار هي أكبر منتج للأفيون غير المشروع في العالم وفقاً لأحدث تقرير لمكافحة المخدرات في وزارة الخارجية الأمريكية.,0.68
مجموعة دعم المختطفين تأمل أن يغير البرلمان القوانين قريباً,مجموعة دعم المختطفين ستستخدم الاستطلاع للضغط على البرلمان لتمرير قوانين جديدة,0.6
(سانتوس) قال أن الشرطة الكولومبية وجدت الأدلة في حاسوبين تم اكتشافهما مع زعيم المتمردين المقتول (راؤول ريز),(فرانسيسكو سانتوس) قال أن الشرطة الكولومبية وجدت الدليل على حاسوبين تم اكتشافهما مع (راؤول ريس),0.8
دو كيو دوان هو المتحدث باسم وزارة الثقافة والإعلام الفيتنامية,جرينيل هو المتحدث باسم البعثة الأمريكية في الأمم المتحدة,0.16
"المتحدث باسم شركة ""سيمنز"" في ألمانيا أعلن أن ""هينريك فون بيير"" أعلن أن شركة ""سيمنز"" بدأت محادثات مع الأطراف الصينية المهتمة بشأن بيع منشأة معالجة البلوتونيوم.","المتحدث باسم شركة ""سيمنز"" في ألمانيا أعلن أن ""هينريش فون بييرر"" أعلن أن ""جيرارد شرويدر"" أعلن أن ""جيرارد شرويدر"" ليس ضد بيع منشأة معالجة البلوتونيوم من حيث المبدأ.",0.8
فيتنام لديها من بين أقسى قوانين المخدرات في العالم,قوانين المخدرات في فيتنام هي من بين القوانين الأكثر صرامة في العالم,1.0
مبادرات الحكومة لنزع السلاح لم تكن فعالة,مؤسسات الحكم كانت غير فعالة لفترة طويلة في الصومال.,0.2
قال بوتين أن الحكومة الروسية قد تنسحب من المعاهدة تماماً إذا رفضت الدول الغربية التصديق على المعاهدة المعدلة,قال بوتين أن روسيا قد تتخلى عن المعاهدة بالكامل إذا رفضت الدول الغربية التصديق على نسختها المعدلة.,1.0
روسيا صدقت على النسخة المعدلة من المعاهدة,روسيا صدقت على المعاهدة المعدلة,1.0
ناقشت منظمة التعاون والتنمية احتمال تمديد مهمة منظمة التعاون والتنمية في كوسوفو.,ناقشت منظمة التعاون والتنمية طلب كازاخستان لتولي رئاسة منظمة التعاون والتنمية في عام 2009.,0.44
البرادعي هو رئيس الوكالة الدولية للطاقة الذرية,محمد البراديد هو المدير العام للوكالة الدولية للطاقة الذرية,0.96
معاهدة عدم انتشار الأسلحة النووية عمرها 37 سنة,يتم مراجعة معاهدة عدم انتشار الأسلحة النووية كل خمس سنوات.,0.36
المتحدثة باسم وزارة الخارجية الصينية جيانغ يو قالت أن القرصنة الإلكترونية مشكلة عالمية,طلب من المتحدث باسم وزارة الخارجية الصينية تشين غانغ الرد على خطاب تشيني حول التنمية العسكرية للصين,0.44
سيتم بناء المحطة بجانب محطة موجودة ومن المتوقع أن تكون جاهزة للتشغيل في غضون 7 سنوات.,سيتم بناء المصنع بجانب مصنع موجود تم توفيره أيضاً من قبل الصين ويعمل منذ عام 1999.,0.52
تعتبر الهجمات الإلكترونية تهديداً متزايداً لشبكات الحاسوب العسكرية والمدنية.,يعتبر حلف شمال الأطلسي الهجمات الإلكترونية تهديداً متزايداً لشبكات الحاسوب العسكرية والمدنية,0.88
إذا كانت الهند تلوم المسلحين الأجانب فهذا جزء من دعايتها لتضليل المجتمع الدولي,حث آبي على سياسة خارجية أكثر حزماً لليابان والمجتمع الدولي,0.24
أكاديمية نايف العربية للعلوم الأمنية التي تتخذ من الرياض مقراً لها قالت في بيان إنها تدير ورشة عمل لمدة أسبوعين لـ 50 من خبراء مكافحة الإرهاب.,في بيان أعلنت الأكاديمية العربية للعلوم الأمنية أنها ستقوم برعاية ورشة عمل لمدة أسبوعين لـ 50 من خبراء مكافحة الإرهاب,0.96
88% من الحزب الديمقراطي الليبرالي يدعمون العقوبات الاقتصادية,80% من حزب المعارضة الديمقراطي يدعمون العقوبات الاقتصادية,0.76
الشريعة قانون إسلامي,إيران جمهورية إسلامية,0.24
تم القبض على عدد من المتشددين الإسلاميين المشتبه بهم الذين يُزعم أنهم على صلة بالقاعدة في ماليزيا وسنغافورة، وقال مسؤولون إن شبكة المتشددين تمتد إلى إندونيسيا.,تم القبض على متشددين إسلاميين يشتبه بأن لهم صلات بالقاعدة في ماليزيا وسنغافورة.,0.6
في سبتمبر 2007 وقع الأردن اتفاقاً مع الولايات المتحدة بهدف دعم التنمية السلمية لبرنامج الأردن النووي الناشئ,في سبتمبر 2007، وقعت الولايات المتحدة اتفاقاً مع الأردن بهدف دعم التنمية السلمية لبرنامج الأردن النووي الجديد,0.92
وفقًا للبيان ، تعزز RS-24 الإمكانات العسكرية للقوات الاستراتيجية للتغلب على أنظمة الدفاع الصاروخي.,وفقًا للبيان، فإن نموذج صاروخ RS-24 يختلف عن Topol-M لأنه مجهز برؤوس حربية متعددة يمكن استهدافها بشكل مستقل لتغلب على أنظمة الدفاع.,0.64
(نعيم م) شنق في (زابل) في مقاطعة (سيستان-بلوخستان),زاهدان هي عاصمة مقاطعة سيستان-بالوشستان.,0.04
تقع إيران على طريق مخدرات رئيسي بين أفغانستان وأوروبا ودول الخليج الفارسي,تقع إيران على طريق تهريب المخدرات الرئيسي بين أفغانستان وأوروبا، وكذلك دول الخليج الفارسي.,0.96
ستستضيفه الحكومة الأسترالية,خطط الولايات المتحدة أغضبت الحكومة الروسية,0.0
الدول الخمس الدائمة في مجلس الأمن التابع للأمم المتحدة هي بريطانيا والصين وفرنسا وروسيا والولايات المتحدة,أعضاء مجموعة 5+1 هم بريطانيا والصين وفرنسا وروسيا وألمانيا والولايات المتحدة.,0.72
في يوليو 2006، قال رئيس الوزراء الأردني معروف باخت أن... (راجداد حسين) وعائلته يعيشون تحت حماية الملك (عبد الله الثاني).,رئيس الوزراء الأردني معروف باخت قال في يوليو 2006 أن راجداد حسين وعائلتها كانوا يعيشون تحت حماية الملك عبد الله الثاني بعد أن أصدرت العراق,0.84
قال متحدث باسم شركة سيمنز في ألمانيا لوكالة فرانس برس أن شركة سيمنز واثقة من نتيجة المحادثات لبيع منشأة معالجة البلوتونيوم.,متحدث باسم شركة سيمنز في ألمانيا امتنع عن التعليق على الجانب السياسي لبيع منشأة معالجة البلوتونيوم,0.52
حدث الهجوم الإلكتروني بعد اجتماع الرئيس الفرنسي ساركوزي مع الدالاي لاما الذي أغضب الحكومة الصينية,حدث الهجوم الإلكتروني بعد اجتماع الرئيس الفرنسي نيكولاس ساركوزي مع الزعيم الروحي التبتي المنفي دالاي لاما,0.76
فرضت حكومة جنوب أفريقيا حظرًا يمنع تجنيد أشخاص داخل أو خارج جنوب أفريقيا للمساعدة العسكرية المرتزقة أو الأجنبية.,أعلنت وزارة الخارجية في جنوب أفريقيا أن قانون المساعدة العسكرية الأجنبية في جنوب أفريقيا يحظر تجنيد أشخاص داخل أو خارج جنوب أفريقيا للمساعدة العسكرية المستأجرة أو الأجنبية.,0.76
أوكرانيا لديها تقريباً كل الموافقات اللازمة للانضمام إلى برنامج وكالة الفضاء الأوروبية,فرنسا رائدة في وكالة الفضاء الأوروبية,0.32
حذرت حكومة كوريا الشمالية حكومة كوريا الجنوبية من المشاركة في برنامج مبادرة الأمن النووي,الحكومة الكورية الشمالية أعلنت أنه إذا شاركت حكومة كوريا الجنوبية في برنامج مبادرة الأمن النووي فإن ذلك سيؤدي إلى عواقب كارثية غير محددة,0.64
مجلس الزراعة الصيني يفتح مكتب خاص مسؤول عن نقل التكنولوجيا الزراعية وإدارة حقوق الملكية الفكرية والاستشارات لتعزيز تطوير الزراعة القائمة على المعرفة في الصين وتطبيقات التكنولوجيا الزراعية.,وأوضح لي أن المجلس قد أمضى السنوات القليلة الماضية في إنشاء آليات ذات صلة وصياغة مجموعة من التدابير الترويجية لتعزيز تطوير الزراعة القائمة على المعرفة في الصين وتطبيقات التكنولوجيا الزراعية.,0.64
رئيس البرلمان الإيراني غولام علي هداداد قد زار كوبا,تم التوقيع على الاتفاقيات خلال زيارة رئيس مجلس النواب الإيراني غولام علي حداد عادل إلى كوبا.,0.6
تبت تشتبه في أن الحكومة الصينية صنعت الفيروس لتجسس على المنفيين التبتيين و الدالاي لاما,تبت يشتبه الحكومة الصينية لشن الهجوم.,0.52
السلطات الصينية لم تكن متاحة على الفور للتعليق.,لم يكن (غودجاييف) ومحامو (غودجاييف) متاحين للتعليق على الفور,0.2
الاتحاد الأوروبي والولايات المتحدة جمدت أصول القادي,الحكومات الغربية تشمل الولايات المتحدة وفرنسا,0.08
قامت الحكومة الصينية بتعزيز قدرة الصين على مكافحة الانتشار النووي في السنوات الأخيرة.,الحكومة الصينية قامت بعمليات رقابة صارمة على الواردات والصادرات الكيميائية الصينية وفقا للقانون في السنوات الأخيرة.,0.2
مجموعة تمثل في الغالب البيض من جنوب أفريقيا تدعى أفريفوروم أعلنت أنها ستقوم بتنظيم احتجاجات على طول الطريق إلى زيمبابوي,أفريفوروم ذكرت أن المجموعة ستقوم بتنظيم احتجاجات على طول الطريق إلى زيمبابوي.,0.84
"أعلن بوتين أن معاهدة ""سي إف إي"" لا تحمي مصالح أمن روسيا بشكل مناسب.",معاهدة سي إف إي لا تحمي بشكل مناسب المصالح الأمنية للاتحاد الروسي.,0.72
أحمد يقاوم تسليمه إلى الولايات المتحدة وقدم شكوى رسمية مدعياً أن الشرطة البريطانية اختلقت تقارير الاستخبارات لتورط أحمد في أنشطة إرهابية وتدنيس القرآن,قام أحمد بتقديم شكوى رسمية إلى لجنة شكاوى الشرطة المستقلة زاعماً أن الشرطة البريطانية اختلقت تقارير الاستخبارات لإشراك أحمد في أنشطة إرهابية وتدنيس نسخة أحمد من الكتاب المقدس الإسلامي القرآن بوضع القرآن على الأرض أثناء تفتيش منزل أحمد.,0.68
صدقت روسيا على النسخة المعدلة لكن الولايات المتحدة وأعضاء الناتو الآخرين رفضوا القيام بذلك حتى تسحب الحكومة الروسية قواتها من جمهوريات السوفيتية السابقة مولدوفا وجورجيا,رفضت الولايات المتحدة وأعضاء الناتو الآخرون التصديق على النسخة المعدلة حتى تسحب روسيا قواتها من جمهوريات الاتحاد السوفيتي السابقة مولدوفا وجورجيا.,0.72
جزء من الغرض من خطة الولايات المتحدة هو زيادة الضغط على كوريا الشمالية,الولايات المتحدة وحلفاء الولايات المتحدة يعتقدون أن إيران تسعى للحصول على أسلحة نووية,0.16
تشينفالي هي عاصمة جورجيا.,باريس هي عاصمة فرنسا,0.08
مسؤول في الحكومة الهندية قال أن الهند لا تؤمن بتقارير منظمة العفو الدولية,أحد مسؤولي الحكومة الهندية الذين درسوا المخططات قالوا أن العلم قديم و قديم لكنه لا يزال فعالاً,0.28
"مجلس الوزراء الصيني أعلن مجلس الدولة أنه سيعدل القوانين المتعلقة بالتكنولوجيا النووية ""المزدوجة الاستخدام"" لمنع الإرهاب النووي.",تعديل اللوائح المتعلقة بالتكنولوجيا النووية ذات الاستخدام المزدوج سوف يمنع الإرهاب النووي.,0.48
رئيس الوزراء الياباني (جونيشيرو كويزومي) قال أن تحويل القضبان كان استباقياً,في عام 2002 حضر رئيس الوزراء الياباني جونيشيرو كويزومي قمة في كوريا الشمالية مع زعيم كوريا الشمالية كيم جونغ إيل,0.24
المعارضة الحزب الشيوعي الياباني كان ضد القانون الجديد وخشى أن يؤدي إلى قوة عسكرية أقوى.,الحزب الشيوعي الياباني المعارض كان ضد مشروع القانون الذي يقترح القانون الجديد,0.64
بعض مسؤولي آسيان ذكروا أن مثل هذا التوحيد سيكون صعباً بسبب الأنظمة السياسية المختلفة للبلدان.,بعض المسؤولين ذكروا أن المهمة ستكون صعبة لأعضاء آسيان بسبب الأنظمة القانونية والسياسية المختلفة.,0.72
كان العراق يضغط على مجلس الأمن لوقف استخدام إيرادات البلاد النفطية لدفع تعويضات لضحايا حرب الخليج عام 1991 و رواتب مفتشي لجنة الأمم المتحدة للمراقبة والتحقق والتفتيش و تحويل جميع الأموال المتبقية في حسابات الأمم المتحدة النفط مقابل الغذاء إلى صندوق التنمية الحكومي.,قادة العراق الجدد كانوا يضغطون على مجلس الأمن التابع للأمم المتحدة لوقف استخدام عائدات النفط العراقي لدفع رواتب المفتشين و تحويل كل الأموال المتبقية في حساب النفط مقابل الغذاء التابع للأمم المتحدة إلى الحكومة العراقية.,0.8
يجب الحفاظ على معاهدة أوروبية أساسية للحد من الأسلحة.,معاهدة سي إف إي هي معاهدة أوروبية رئيسية للحد من الأسلحة.,0.44
كانت منطقة المثلث الذهبي واحدة من أكبر منتجي الأفيون في العالم,مقاطعة هلمند هي أكبر منتج للأفيون في العالم,0.52
الولايات المتحدة رفضت هذا الإجراء باعتباره ابتزاز نووي,الولايات المتحدة قالت أنها ستقاوم الابتزاز النووي و استبعدت المفاوضات,0.44
كان الاجتماع لمدة 3 أيام.,استمرت الاجتماعات يومين,0.56
وزراء من الصين ولاوس والهند وميانمار وتايلاند سيتحدثون أيضا عن مبادرات استبدال المحاصيل للأقليات العرقية الفقيرة التي لا تزال تعتمد على زراعة الأفيون.,وزراء من الصين ولاوس والهند وميانمار وتايلاند سيبحثون كيفية إيجاد أسواق للسلع المنتجة في إطار استبدال المحاصيل وغيرها من البرامج ذات الصلة مثل السياحة البيئية والتصنيع الحرفي.,0.72
الصين قوة نووية وعضو في مجلس الأمن الدولي,الصين عضو دائم في مجلس الأمن الدولي,0.6
المسؤولين الكوريين الشماليين يشتبه في بناء أسلحة نووية,كوريا الشمالية حاليا في عملية تفكيك برنامجها للأسلحة النووية,0.4
مراسل التلفزيون الأسترالي (بيتر لويد) يواجه 3 تهم مخدرات جديدة في سنغافورة,وفقًا لوثائق المحكمة، في 25 يوليو، واجه مراسل التلفزيون الأسترالي (بيتر لويد) ثلاث تهم جديدة تتعلق بالمخدرات في سنغافورة.,0.68
الرئيس فلاديمير بوتين وقع على مرسوم بتعليق مشاركة روسيا في معاهدة القوات التقليدية في أوروبا,الرئيس الروسي فلاديمير بوتين وقع مرسوم بتعليق مشاركة روسيا في معاهدة القوات التقليدية في أوروبا بسبب الظروف التي تؤثر على أمن الاتحاد الروسي وتتطلب إجراءات فورية.,0.6
شروط التسليم تنص على أنه لا يمكن مقاضاة التونسي إلا بتهمة تزوير الوثائق التي يمكن للسلطات الإيطالية تقديم أدلة كافية لمقاضاتها.,قال المتحدث باسم وزارة العدل السويسرية فولكو غالي أن شروط التسليم تنص على أنه لا يمكن مقاضاة ميجري إلا بتهمة واحدة من تزوير الوثائق التي يمكن للسلطات الإيطالية تقديم أدلة كافية لمقاضاتها.,0.52
يُعتقد أن الهجمات جاءت من عناوين الإنترنت الإدارية الروسية رداً على نقل تمثال السوفييت في إستونيا.,وقعت الهجمات بعد نزاع بين حكومتي روسيا وإستونيا حول نقل نصب تذكاري للحرب السوفيتية.,0.6
الهند وباكستان لا تزال خارج المعاهدة,إسرائيل لا تزال خارج المعاهدة,0.4
الصين عضو في نادي الصواريخ الباليستية,روسيا عضو في الرباعية في الشرق الأوسط,0.0
قد تنسحب روسيا من المعاهدة إذا رفضت الولايات المتحدة وحلفاء الناتو الآخرون التصديق على النسخة المعدلة.,حذر من أن روسيا ستنسحب من المعاهدة إذا رفضت الدول الغربية التصديق على نسختها المعدلة,0.88
هذا صحيح بشكل خاص في أفقر البلدان.,كان هذا خاصة بعد أن سحبت إثيوبيا قواتها.,0.08
زادت إيران بشكل ملحوظ عدد عمليات الإعدام في الأشهر الأخيرة حيث يفرض المسؤولون حملة تهدف إلى تعزيز الفضيلة وتعزيز الأمن في,زاد المسؤولون الإيرانيون من عمليات الإعدام في عام 2007 حيث يفرض المسؤولون حملة يزعم أنها تهدف إلى تعزيز الفضيلة وتعزيز الأمن في المجتمع.,0.72
بيان صادر عن وكالة الأنباء الرسمية لـ (سبا) ذكر أن (الدوسري) أدين بتجارة المخدرات,تم التعرف على المغتصب باسم حسين سفارلو وقد أدين أيضاً بتجارة المخدرات,0.12
تتشارك كل من طاجيكستان وأوزبكستان الحدود مع أفغانستان وقد تعرضت لهجمات من قبل المسلحين الإسلاميين المدعومين من طالبان في السنوات الأخيرة.,كما شهدت قرغيزستان المجاورة غارات من قبل المسلحين الإسلاميين المدعومين من طالبان في السنوات الأخيرة.,0.36
قالت روسيا أن النظام يمثل تهديداً واضحاً للأمن الروسي,إنه تهديد خطير للأمن الدولي,0.36
العصابة شاركت في أنشطة غير قانونية بما في ذلك الابتزاز والابتزاز وتهريب الأسلحة وتهريب السجائر وغسل الأموال واستخدمت عائداتها لتمويل الجماعات الإرهابية في الشيشان.,ذكرت الوثيقة أن العصابة شاركت في أنشطة غير قانونية بما في ذلك الابتزاز والابتزاز وتهريب الأسلحة وتهريب السجائر وغسل الأموال.,0.6
في المركز العلمي الحكومي لعلم الأحياء الدقيقة التطبيقية هناك كل أنواع البكتيريا المميتة التي تمت دراستها للاستخدام في برنامج الأسلحة البيولوجية السرية للاتحاد السوفيتي.,المركز العلمي الحكومي لعلم الأحياء المجهرية التطبيقية يعمل مع العلماء الغربيين لتحويل المجمع إلى موقع تصنيع طبي حيوي,0.68
الوكالة الدولية للطاقة الذرية ليس لديها إمكانية الوصول إلى الناس، الوثائق، المواقع.,وكالة الطاقة الذرية الدولية مقرها في,0.24
يقول الكتاب أن الدواء ينقل صورة إيجابية تماماً,المسؤول ذكر أن هذا كان نقل تكنولوجيا كاملة,0.0
40 سجيناً يقضون عقوباتهم بتهمة القتل,105 سجناء يقضون عقوبات بتهمة تهريب المخدرات,0.28
روسيا تفي بالتزاماتها وتقلل من قواتها,تعليق روسيا لالتزاماتها بموجب معاهدة الكف مؤقت,0.4
المدير التنفيذي لجمعية مراقبة الأسلحة في واشنطن (داريل كيمبول) صرح بأن تقرير وكالة التحقيقات الدولية هو الأول من سلسلة من العلامات السيئة,المدير التنفيذي لجمعية مراقبة الأسلحة في واشنطن داريل كيمبال قال أن الوثيقة الإسرائيلية يمكن أن تؤثر على النقاش حول الهند,0.72
"الـ""سي.إف.إيه"" هي واحدة من عدة قضايا تؤثر سلباً على علاقات روسيا مع الولايات المتحدة وأوروبا.",المعاهدة هي واحدة من العديد من القضايا التي تسبب توتر العلاقات بين حكومات روسيا والولايات المتحدة وأوروبا.,0.8
عمل مختبر (كوروبينيتشيف) مع مختبر (لورنس ليفرمور) الوطني الأمريكي,مختبر (كوروبينيتشيف) عمل مع معاهد علمية أخرى,0.64
لاجورو) و (نون) أعضاء مجلس الشيوخ),(لاغرو) و (نون) منحت رئيس الوزراء ميدالية,0.36
المسؤولون يقولون أن القرار بشأن المعاهدة سيعتمد على الإجراءات الأمريكية بشأن خططها لنشر أنظمة الدفاع الصاروخي في بولندا وجمهورية التشيك,المسؤولون العسكريون الروس قالوا أن القرار سيعتمد على ما إذا كانت الولايات المتحدة ستواصل خطتها لنشر مكونات الدفاع الصاروخي في بولندا وجمهورية التشيك.,0.8
التوقيع على الاتفاق هو قضية هامشية في اجتماع رؤساء الأركان الدفاعية من 26 دولة حليفة في حلف شمال الأطلسي,تم التوقيع على الاتفاق خلال اجتماع منتظم لرؤساء الأركان الدفاعية من حلفاء حلف شمال الأطلسي الـ 26.,0.6
في بداية مايو 2002، وقع مسؤولون من الفلبين وماليزيا وإندونيسيا على اتفاق لمكافحة الإرهاب لتبادل قوائم ركاب الطائرات وغيرها من المعلومات الاستخباراتية.,في بداية مايو 2002، وقعت الفلبين وماليزيا وإندونيسيا اتفاقا لتبادل المعلومات الإرهابية.,0.72
بعد الاجتماع الأول بين قادة الاتحاد الأوروبي وقادة ألبانيا والبوسنة والهرسك وكرواتيا ومقدونيا وصربيا والجبل الأسود، تعهد قادة دول غرب البلقان بتقليل الجريمة المنظمة والفساد في البلقان لتلبية متطلبات عضوية الاتحاد الأوروبي.,قادة ألبانيا، البوسنة والهرسك، كرواتيا، مقدونيا وصربيا والجبل الأسود اجتمعوا لأول مرة مع قادة الاتحاد الأوروبي لمتابعة الانضمام إلى الاتحاد الأوروبي.,0.64
يطلب القرار من جميع الدول الأعضاء في الأمم المتحدة الـ192 اعتماد قوانين لمنع الإرهابيين والسوق السوداء وغيرهم من الجهات الفاعلة غير الحكومية من تصنيع أو الحصول أو الاتجار بالأسلحة النووية أو البيولوجية أو الكيميائية أو المواد اللازمة لصنعها.,يطلب القرار 1540 من جميع البلدان اعتماد قوانين لمنع الجهات الفاعلة غير الحكومية من تصنيع أو الحصول أو الاتجار بالأسلحة النووية أو البيولوجية أو الكيميائية، والمواد اللازمة لصنعها، والصواريخ وأنظمة أخرى لنقلها.,0.72
أعلنت الجمعية الدولية للطاقة الذرية أن الأردن وافق على التدابير الإضافية.,الجمعية الدولية للطاقة الذرية هي منظمة الأمم المتحدة,0.4
هناك الكثير من القلق حول الدواء.,هناك الكثير من العمل للقيام به,0.08
تقرير منظمة العفو الدولية اقترح أن... بلجيكا تبدأ محادثات فورية مع الهند لمنع بيع المستقبل من الهدف، مكونات أو التكنولوجيا العسكرية إلى ميانمار.,وحث التقرير بلجيكا على بدء محادثات فورية مع الهند لمنع بيع الأسلحة إلى ميانمار في المستقبل.,0.6
جرائم الإعدام في إيران تشمل القتل، الاغتصاب، السرقة المسلحة، الردة، التجديف، التهريب الجسيم للمخدرات، ممارسة الجنس الجنسي المتكرر، الزنا، الدعارة، الخيانة والتجسس.,جرائم الإعدام في إيران تشمل القتل، الاغتصاب، السرقة المسلحة، تجارة المخدرات الخطيرة والزنا.,0.6
المملكة العربية السعودية هي ملكية مطلقة التي اتخذت خطوات نحو الإصلاح.,المملكة العربية السعودية هي ملكية مطلقة ولديها مجلس استشاري تعينه الحكومة.,0.68
وقال المتحدث إنه سيكون هناك تبادل آراء حول القضايا الدولية والإقليمية الراهنة بناء على علاقة عمل مشتركة في قلب الأمم المتحدة. وقال كامينين إن روسيا تعترف بمشاركة ليبيا في أعمال مجلس الأمن التابع للأمم المتحدة.,قال كامينين أنه سيكون هناك تبادل آراء حول المسائل الدولية والإقليمية الراهنة على أساس علاقة عمل مشتركة في قلب الأمم المتحدة.,0.6
زيارة شلغام إلى لندن هي الأولى لوزير خارجية ليبي منذ عام 1969.,تم الإعلان عن زيارة وزير الخارجية الروسي إلى ليبيا,0.52
كانت الحكومتان الهندية والباكستانية على وشك الدخول في نزاع رابع في عام 1999,أجرت كل من الحكومتين الهندية والباكستانية تجارب نووية في مايو 1998.,0.36
أكد إيغوران أن المعتقلين سيتم اتهامهم بالقتل والتعاون الجنائي والخطف وتمويل الإرهاب.,أكد إيغوران أن المعتقلين كانوا متورطين أيضاً في جرائم قتل أفراد الشرطة من مجموعة مكافحة الاختطاف.,0.76
ثلاثة متطرفين مشتبه بهم أطلق سراحهم بكفالة,تم إطلاق سراح أحد المتطرفين المشتبه بهم مؤقتا بدون كفالة.,0.48
ستة من موظفي المستشفيات التشيكية متهمون بتهريب الأعضاء البشرية,سيتم اتهام المتهم بالاتجار الدولي بالمخدرات,0.16
هذا زاد من تفاقم الوضع,كوريا الشمالية يجب أن لا تتصرف أكثر لتفاقم الوضع.,0.4
زعيم المخدرات القبض عليه من قبل البحرية في المكسيك,"زعيم المخدرات المشتبه به المعروف بـ ""الطالبان"" محتجز في المكسيك",0.52
المحكمة العليا ترفض استئناف الحكومة في قضية فودافون,المحكمة العليا ترفض عريضة مراجعة الحكومة على حكم ضريبة فودافون,0.88
انفجار يضرب خط أنابيب النفط في حمص السورية,انفجار يضرب خط الأنابيب بينما يهاجم الأسد المدن,0.52
جندي حلف شمال الأطلسي قتل في هجوم أفغاني,قتل جندي حلف شمال الأطلسي في جنوب أفغانستان,0.76
كاسترو يحتفل بعيد ميلاده الـ 86 يوم الاثنين,فيدل كاسترو يحتفل بعيد ميلاده الـ 86,0.84
"جاسوس إسرائيلي سابق يحذر من حرب إيران ""المسيحية""",رئيس جاسوس سابق إسرائيلي: لا ثقة في القيادة الإيرانية  ⁇  فيديو,0.6
محكمة العدل العليا تحكم على قانون الهجرة في أريزونا,أصدرت المحكمة العليا في الولايات المتحدة حكمًا منفصلًا بشأن قانون الهجرة في ولاية أريزونا,0.76
حلف شمال الأطلسي يحدد طريق الخروج من أفغانستان,قادة حلف شمال الأطلسي يلتزمون بالانتقال في أفغانستان,0.64
سوريا تقول إن انتحاريًا قتل 10 أشخاص في دمشق,التفجير الانتحاري في دمشق يقتل 10 أشخاص,0.8
ساشين تندولكار يقول أنا لست الله، أنا ساشين,ساشين تندولكار يسجل أول قرن في الكريكيت,0.16
رئيس الوزراء الأسترالي جيلارد سيفوز بتحدي القيادة,رئيس الوزراء الأسترالي يتحدى تحت الضغط على القيادة,0.48
أوباما يدعم الفلبين حول بحر الصين الجنوبي,أوباما يقول أن هناك حاجة إلى قواعد واضحة لتهدئة بحر الصين الجنوبي,0.48
مراهق في الصين يقتل 8 ويجرح 5 في هجوم بالسكين,مراهق يقتل 8 في هجوم بالسكين,0.64
المتمردون السوريون ينقلون القيادة من تركيا إلى سوريا,الجيش السوري الحر ينقل مقره من تركيا إلى سوريا,0.76
رئيس الكنيست: إعادة انتخاب أوباما سيئة لإسرائيل,سبع ولايات تتقاضى قانون تحديد النسل في إدارة أوباما,0.08
بورصة السندات اليونانية أكبر إعادة هيكلة للديون في التاريخ,تمكنت اليونان من الحصول على أكبر صفقة ديون في التاريخ,0.56
بوتين يفوز في الانتخابات الرئاسية الروسية,الانتخابات الرئاسية في روسيا,0.2
وزير المالية الهندي يستقيل من الترشح للرئاسة,جوليان أسانج يخطط للترشح لمجلس الشيوخ الأسترالي,0.04
(جيري ساندسكي) أدين في محاكمة الاعتداء الجنسي على الأطفال,(سانداسكي) أدين في محاكمة الاعتداء الجنسي على الأطفال,0.76
ثلاثة تبتيين يحرقون أنفسهم في غرب الصين: تقرير,7 تبتيون يحرقون أنفسهم في الصين,0.48
البيت الأبيض يتحكم في الأضرار بسبب تصريحات المحكمة العليا لأوباما,التحقق من الحقائق: تصريحات المحكمة العليا لأوباما,0.72
أنان يحذر من مخاطر محادثات سوريا,اجتماع بوتين و عنان حول الأزمة السورية,0.4
الرباعية تدعو الإسرائيليين والفلسطينيين لإنهاء المضايقات,الاحتلال لمصادرة 30 دونماً من الأراضي الفلسطينية في دير إستيا,0.28
السعوديون يسمحون للنساء بالمنافسة في الألعاب الأولمبية,السعودية تسمح للمرأة بالمشاركة في الألعاب الأولمبية,0.96
هجوم جماعي في جامعة نيجيريا من قبل مسلحين,نيجيريا: تفجير جامعة في الشمال,0.44
مجلس الوزراء الصيني يتعهد بتعزيز الاقتصاد,"""وين"" الصيني يعد بإنشاء فرص عمل",0.64
العاصفة الإستوائية (إيزاك) تزيد من طلبات البطالة,العاصفة الاستوائية جويس تتشكل وتبقى في المحيط الأطلسي المفتوح,0.2
(فريدي ستار) اعتقل في قضية إساءة معاملة (سافيل),ثالث رجل اعتقل في قضية الاعتداء الجنسي,0.64
أعلن (رومني) أن (بول رايان) هو نائب الرئيس,(رومني) يسمي (رايان) كشريك رئاسي,1.0
الأسهم ترتفع في وقت مبكر بعد الصفقة اليونانية، ثم تسطح,الأسهم ترتفع بعد صفقة الديون اليونانية,0.72
تفجير انتحاري يضرب معسكر النخبة العسكرية اليمنية,انتحاريون يهاجمون مواقع عسكرية في اليمن,0.8
حلف شمال الأطلسي: قتلت قوات دولية في أفغانستان,ثلاثة جنود من حلف شمال الأطلسي قتلوا في يوم واحد في أفغانستان,0.44
متظاهرون في موسكو يطالبون باستقالة فلاديمير بوتين,احتجاج موسكو ضد فلاديمير بوتين أصغر وأهدأ,0.36
نسبة المشاركة في الانتخابات الفرنسية أعلى من المتوقع,الانتخابات الرئاسية الفرنسية: الجولة الأولى - تحديثات مباشرة,0.2
أستراليا لتأسيس أكبر محمية بحرية في العالم,أستراليا تخلق أكبر محميات بحرية في العالم,0.88
اثنان من الجنود الأمريكيين قتلوا برصاص جندي أفغاني,جنديين بريطانيين قتلوا على يد شرطي أفغاني,0.32
جنود إيطاليون يموتون في أفغانستان,جنديين بريطانيين قتلوا في أفغانستان,0.28
عباس يقود حكومة الوحدة الفلسطينية,عباس مقترح رئيسا للوزراء في حكومة الوحدة المؤقتة,0.8
الكنيسة القبطية في مصر تعين باباً جديداً,الكنيسة القبطية في مصر تستعد لاختيار البابا,0.56
مالاوي تؤكد رسميا وفاة الرئيس,مالاوي تؤكد وفاة الرئيس موثاريكا,0.72
الثوار الطوارق في مالي يعلنون الاستقلال,المتمردون في مالي يعلنون الاستقلال,0.76
(لانس أرمسترونغ) سُلِبَ من ألقاب جولة (فرنسا),(لانس أرمسترونغ) يخطط لاستراتيجية بعد خسارة الألقاب,0.28
مصر تصوت في اليوم الأخير من الانتخابات الرئاسية,الانتخابات الرئاسية في فرنسا,0.2
هل مادلين ماكان لا تزال على قيد الحياة؟,إعادة فتح قضية (مادلين) ، حثت الشرطة,0.12
المتزلجون الأستراليون يجدون طالبي اللجوء المتضررين,ماي داي: مخاوف بشأن طالبي اللجوء,0.28
إيساف: قتل 4 من قوات التحالف في هجوم شملت فيه الشرطة الأفغانية,قال حلف شمال الأطلسي أن أربعة جنود قتلوا في هجوم من الداخل في جنوب أفغانستان,0.6
التصويت بالإجماع في مجلس الأمن التابع للأمم المتحدة بشأن سوريا,مجلس الأمن التابع للأمم المتحدة يصوت على 300 مراقب لسوريا,0.64
مسلح يقتل 6 في إطلاق نار في معبد سيك في ويسكونسن,مسلح يقتل ستة في إطلاق نار في معبد السيخ في ويسكونسن,1.0
أودي ستشتري شركة دوكاتي لصناعة الدراجات النارية,البحث في سوق التأمين على السيارات,0.12
وكالة أنباء الصين: لا يزال هناك أمل في السلام في سوريا,وكالة الأنباء الصينية: لا يزال هناك أمل للسلام في سوريا,0.84
22 قتيلاً في هجوم انتحاري على أكاديمية الشرطة اليمنية,قوات الاتحاد الأفريقي تكثف الهجوم على المتمردين الصوماليين,0.08
كوريا الجنوبية تأمر بإغلاق مفاعلين نوويين على الفور,كوريا الجنوبية لتعزيز الطاقة النووية؟,0.24
الولايات المتحدة والحلفاء يطالبون بإجراء محادثات نووية مع إيران,"""إيران لن تقبل الشروط المسبقة للمحادثات النووية""",0.32
شركة AOL تقول أنها ستبيع 800 براءة اختراع لشركة مايكروسوفت مقابل 1 مليار دولار,شركة AOL ستبيع 800 براءة اختراع لشركة مايكروسوفت مقابل مليار دولار,0.96
الآلاف من الجنود يسيرون من أجل اليوبيل,الآلاف يتدفقون إلى أمستردام لعيد الملكة,0.24
الشرق الأوسط: إسرائيل: إدانة زعيم حماس,الشرق الأوسط: العراق: 17 سجيناً هربوا في كركوك,0.16
طائرة تابعة للقوات البحرية تحطمت في مبنى سكني,طائرة تابعة للبحرية الأمريكية تحطمت في مبنى سكني,0.84
امرأة تموت بعد رفض الإجهاض,ماتت امرأة بعد انهيار منحدر في دورست,0.12
الولايات المتحدة وتركيا تقيم مناطق حظر جوي لسوريا,الولايات المتحدة وتركيا تعززان التنسيق بشأن سوريا,0.44
ارتفع عدد القتلى إلى 236 بعد انفجارات برازافيل,جمهورية الكونغو: 236 قتيلاً بعد انفجار مستودع أسلحة,0.72
سأحضر رجلاً متقاعداً آخر للزراعة,"""سوف أحصل على فوز آخر في ""بريكنيس",0.2
فشل محاولة إنقاذ الصحفيين السوريين,صحفيين تم تهريبهم من حمص,0.12
إدعاء جنسي جديد يضرب الخدمة السرية,قواعد جديدة للخدمة السرية الأمريكية,0.36
تم إطلاق سراح ريمشا مسيح بكفالة,مانديلا خرج من المستشفى,0.0
مقتل شخص واحد في اشتباكات طائفية في لبنان,180 قتيلاً في زلزال إيران,0.0
الزيادات في الأسهم المالية تدفع الأسهم الأوروبية للأعلى,المسيحيون البريطانيون يرفعون الشكاوى إلى المحكمة الأوروبية,0.0
تركيا تثير قلقها من اللاجئين السوريين,تركيا تسعى إلى إعادة توطين بعض اللاجئين السوريين,0.32
المشتبه بتمويل القاعدة اعتقل في فرنسا,ثلاثة مشتبه بهم من القاعدة اعتقلوا في إسبانيا,0.32
لا أضرار، تسونامي بعد 6.6 ضرب زلزال قبالة إندونيسيا سومطرة,زلزال 5.9 ضرب إندونيسيا سومطرة: USGS,0.32
غارات جوية إسرائيلية تقتل 16 في غزة,غارات جوية إسرائيلية تقتل أربعة أشخاص في غزة,0.44
18 قتيلا و 108 جريحا في موجة من التفجيرات في العراق,مقتل 9 وجرح 31 في تفجير سيارة مفخخة في كركوك العراقية,0.28
سجين فلسطيني ينهي إضرابه عن الطعام بعد التوصل لاتفاق,إسرائيل تطلق سراح المضرب عن الطعام الفلسطيني,0.4
حزب الله يؤكد أنها أرسلت طائرة بدون طيار أسقطت فوق إسرائيل,حزب الله يقول أنه أرسل طائرة بدون طيار فوق إسرائيل,0.68
"مقاتلو المعارضة ""يستولون"" على جنود سوريين",الجيش السوري الحر يستولى على ضباط سوريين,0.64
المشتبه به كان تحت رعاية الطبيب النفسي,الطبيب الذي كان يعالج المشتبه به في إطلاق النار على (أورورا) تلقى توبيخ طبي,0.48
زلزال 6.6 ضرب بابوا في إندونيسيا: USGS,زلزال 6.6 ضرب بابوا الإندونيسية: المسح الجيولوجي الأمريكي,0.96
في أي وقت (أندي موراي) ضد (روجر فيدرر) في نهائي (ويمبلدون) للرجال؟,كل ما تحتاج لمعرفته عن رفع الستار الكبير,0.08
مدرسة نيو جيرسي تحظر العناق,مدرسة أمريكية تحظر العناق,0.72
إيران (الجمهورية الإسلامية): إيران تكثف جهود الإغاثة بعد زلازل قتلت 227,إيران تكثف جهود الإغاثة بعد زلازل قتلت 227,0.92
تحذير تسونامي صدر لجنوب ألاسكا,تحذير من تسونامي بعد زلزال كندا,0.48
"""لا دليل"" في قضية المذبحة الأفغانية",عدد القتلى الأمريكيين في أفغانستان يصل إلى 2000,0.16
"شركة ""آبل"" الغنية بالمال ستدفع أرباحاً وتشتري أسهم",أبل لدفع 2.65 $ حصة توزيعات الأرباح، إعادة شراء 10 $ B الأسهم,0.76
تم الإبلاغ عن مقتل اثنين في إطلاق نار في مبنى إمباير ستيت في نيويورك,قتل اثنان في إطلاق نار خارج مبنى إمباير ستيت,0.92
معدل البطالة في أستراليا يرتفع إلى 5.1 بالمئة,معدل البطالة الفرنسي يرتفع إلى 10 بالمائة,0.2
الأسهم ترتفع في وول ستريت,الرمال تقوى مع اقترابها من الساحل و وول ستريت تغلق,0.08
إيرادات هالبيرتون في الربع الأول ارتفعت بنسبة 23%,أرباح (هاليبورتون) في الربع الأول ارتفعت بفضل مبيعات قوية في أمريكا الشمالية,0.52
4 قتلى في تفجير معبد في شمال غرب باكستان,12 قتيلاً في غارة طائرة أمريكية بدون طيار في شمال غرب باكستان,0.16
أسهم الصين إغلاق مختلطة الجمعة,الأسهم الصينية تفتح يوم الجمعة منخفضة,0.32
الهند تحظر الرسائل النصية بعد أعمال الشغب,تونس ترفع حظر التجول بعد أعمال الشغب,0.16
مراقبو الأمم المتحدة لم يصلوا إلى موقع المذبحة السورية  ⁇  فيديو,مراقبو الأمم المتحدة يتعرضون لإطلاق نار في طريقهم إلى موقع المذبحة السورية,0.48
جندي من يوركشاير قتل في انفجار قنبلة أفغانية,قتل جندي في انفجار في أفغانستان,0.72
الإسلاميون المتطرفون في مالي يسجلون ميليشيا جديدة,الميليشيا المحلية تدعم المسلحين الإسلاميين في مالي,0.75
حفل افتتاح الألعاب الأولمبية ضربة حول العالم,حفل الافتتاح يمنح الأولمبياد بداية رائعة,0.84
قتل رجل في غارة إرهابية فرنسية,"رجل يقتل في ""عملية مكافحة الإرهاب"" الفرنسية",0.96
كابيلو يستقيل كمدرب إنجلترا,كابيلو يستقيل من مدرب إنجلترا,1.0
قتيل في إطلاق نار مدرسة في أوهايو,قتيل واحد وأربعة جرحى في إطلاق نار مدرسة في أوهايو,0.64
مقتل فلسطينيين في غارات جوية إسرائيلية,أربعة فلسطينيين قتلوا في ضربة سلاح الجو الإسرائيلي,0.48
باكستان تدين غارات الطائرات بدون طيار الأمريكية,قافلة باكستانية تتجه للاحتجاج على الغارات الأمريكية,0.64
إعصار ساندي الضخم يضرب الساحل الشرقي للولايات المتحدة,الإعصار ساندي يكتسب السرعة ويضرب الساحل الشرقي للولايات المتحدة,0.8
ساركوزي يرفع شكوى في دعوى تمويل القذافي,سيقوم ساركوزي بمقاضاة القذافي,0.72
يجب أن تقرأ الملاحظة يوم الأربعاء 4 يوليو 2012,ضرورة قراءة المذكرة يوم الأربعاء 30 مايو 2012,0.4
"""إيران ستهاجم تل أبيب إذا هاجمت إسرائيل""",رجل دين كبير: إيران ستهاجم تل أبيب إذا هاجمت إسرائيل,0.88
غوسمو يشدد السلطة في انتخابات تيمور الشرقية,إحتمالات المحكمة العليا إذا فاز رومني بالانتخابات,0.0
بينيا نيتو يفوز في الانتخابات الرئاسية في المكسيك: استطلاعات الرأي,استطلاع: بوتين يفوز بالانتخابات الرئاسية الروسية,0.12
سوريا تخبر روسيا أن بعض القوات انسحبت من حمص,سوريا تقول إن القوات بدأت في الانسحاب  ⁇  فيديو,0.68
تحطم طائرة في نيجيريا: لا ناجين,أربعة صينيين بين ضحايا تحطم الطائرة في نيجيريا,0.52
انفجار في مصفاة في فنزويلا يقتل 39 شخصاً على الأقل,فنزويلا تعزف على وفيات انفجار مصفاة النفط,0.56
زلزال قوي يضرب المكسيك,زلزال قوي قرب أكابولكو,0.72
روسيا والصين يستخدمان الفيتو ضد قرار الأمم المتحدة بشأن القتل في سوريا,روسيا والصين في الفيتو المزدوج لقرار الأمم المتحدة بشأن سوريا,0.76
تحطمت طائرة باكستانية مع 127 على متنها,تحطمت طائرة باكستانية على متنها 130 شخصاً,0.52
مجلس الأمن الدولي يأمر بفرض عقوبات عالمية على شبكة حقاني في أفغانستان,الأمم المتحدة تفرض عقوبات عالمية على شبكة حقاني,0.88
أردوغان وبوتين تحدثا بصوت مرتفع,قتل مسلحون أجانب في الصومال في هجوم على سيارة,0.0
المملكة العربية السعودية تعتقل متشددين يشتبه في صلتهم بالقاعدة,المملكة العربية السعودية تعتقل المتشددين المشتبه بهم، تقارير وسائل الإعلام الحكومية,0.8
الإعصار ساندي يقترب من الساحل الشرقي للولايات المتحدة,الإعصار ساندي يستهدف الساحل الشرقي للولايات المتحدة,0.96
إضراب المعلمين في شيكاغو: إجازة للطلاب، للأفضل أو للأسوأ,إضراب المعلمين في شيكاغو يمثل اختباراً للنقابات,0.44
بانيتا يقول أن دور أفغانستان سيتحول من القتال في 2013,بانيتا: أفغانستان على رأس مواضيع مؤتمر الناتو,0.32
أربعة رجال اعترفوا بمخطط لتفجير بورصة لندن,أربعة رجال اعترفوا بمخطط قنابل لندن,0.8
إسرائيل تهدد باتخاذ إجراء ضد سفينة المساعدات في غزة,الهجمات الإسرائيلية في قطاع غزة بعد إطلاق الصواريخ,0.32
الجثث التي عثر عليها في تحطم طائرة روسية في إندونيسيا,تم العثور على 12 جثة في تحطم طائرة روسية في إندونيسيا,0.76
سوريا تحث اللاجئين على العودة,الهدنة السورية الضعيفة تثبت,0.2
جندي أمريكي يقتل 16 مدنياً في أفغانستان,قتل جندي أمريكي ما يصل إلى 16 مدنياً أفغانياً في إطلاق نار,0.84
روبرت مردوك: لقد كنت ضحية لتغطية,(روبرت مردوك) جاهز لليوم الثاني من التحقيق,0.24
حراس باراك أوباما أعيدوا إلى الولايات المتحدة بعد فضيحة الدعارة,رئيس (باركليز) يقع في فضيحة تحديد الأسعار,0.08
اليوان الصيني يرتفع إلى أعلى مستوى جديد مقابل الدولار يوم الأربعاء,اليوان الصيني يتقدم إلى 6.3103 مقابل الدولار يوم الأربعاء,0.76
"""نيسان"" ستبيع سيارات ""ستير باي واير""",نيسان لتقديم نظام التوجيه بالأسلاك في بعض سيارات إنفينيتي,0.8
الراهب التبتي يموت بعد أن أحرق نفسه احتجاجاً على الحكم الصيني,الراهب التبتي المراهق يموت بعد إشعال النار في نفسه في الصين,0.76
مومباي هي ثاني أغلى مدينة هندية للعيش فيها,عاصمة التكنولوجيا بنغالور أغلى مدينة هندية للعيش فيها: دراسة,0.2
رجل، 19، استجوب على مقتل مراهق,الرجل استجوب على مقتل ميغان لي,0.76
إسرائيل تقتل قائد حماس وتقصف غزة,غارات جوية إسرائيلية تقتل قائد حماس وخمسة آخرين,0.68
غوسمو يشدد السلطة في انتخابات تيمور الشرقية,قوات غوسمو في تيمور الشرقية,0.72
مراقبو الأمم المتحدة لم يصلوا إلى موقع المذبحة السورية  ⁇  فيديو,مراقبو الأمم المتحدة غير قادرين على الوصول إلى موقع عمليات القتل في سوريا,0.88
حلف شمال الأطلسي يدين إسقاط سوريا للطائرة العسكرية التركية,حلف شمال الأطلسي يدين بشدة إسقاط سوريا للطائرة التركية,0.96
المتمردون السوريون يهاجمون موقع لبناني قرب الحدود: الجيش,الجيش التركي ينظم تدريبات للدبابات قرب الحدود السورية,0.16
خمسة قتلى في انهيار مبنى في الصين,على الأقل 20 قُتلوا في سوريا يوم السبت,0.04
القوات السورية تشن هجمات جديدة,القوات السورية تشن هجوماً على حلب,0.68
سكان غزة يطلقون صاروخين على إسرائيل بدون إصابات,غزة تطلق 89 صاروخاً، مجلس الوزراء يوافق على استدعاء الاحتياطي,0.28
حارس معسكر الإبادة النازي السابق ديمجانيوك مات في الـ 91,جون ديمجانيوك، حارس معسكر الإعدام النازي المدان، يموت في سن الـ 91,0.92
بوريس جونسون أعيد انتخابه عمدة لندن,جونسون أعيد انتخابه عمدة لندن,0.76
بريفيك يسقط تحية اليمين المتطرف في المحكمة,(بريفيك) يحصل على حكم 21 عاماً,0.2
المراهق الثاني متهم بالقتل,"شقيق ممثلة "" إيست إندرز "" جيما ماكلاسكي متهم بقتلها",0.28
فرنسا تخشى قاتلاً متسلسلاً جديداً بعد جرائم القتل,"محاكمة جريمة جيرسي: القاتل ""يسمع الأصوات""",0.16
الولايات المتحدة: شقيق مادوف يقر بالذنب في نيويورك في الاحتيال,شقيق مادوف للاعتراف بالذنب في الاحتيال,0.84
هولاند يهزم ساركوزي في الانتخابات الرئاسية الفرنسية,الانتخابات الرئاسية في فرنسا,0.36
الحكومة الليبية تستعيد مطار طرابلس,الميليشيا الليبية تسيطر على مطار طرابلس,0.64
كلينتون تحذر كينيا من تكلفة العنف الانتخابي,كلينتون تحذر كينيا من تكلفة الاضطرابات الانتخابية,0.92
المحكمة العليا في أركنساس ألغت قانون الإعدام,قضاة ولاية أركنساس يرفضون عقوبة الإعدام,0.92
الرئيس السابق لجنوب أفريقيا مانديلا خرج من المستشفى,مانديلا خرج من المستشفى,0.84
مبعوث الأمم المتحدة في تركيا لإجراء محادثات حول سوريا,نيوزيلندا لزيادة الصادرات إلى الصين,0.04
انتصار مرسي الإسلامي في الانتخابات الرئاسية في مصر,الشطر يترشح للانتخابات الرئاسية في مصر,0.2
(دونا سمر) ملكة الديسكو,(دونا سمر) ملكة الديسكو توفيت في الـ 63,0.32
الشرطة تقول أن المسلمين في بنغلاديش أحرقوا المعابد البوذية,المسلمون يحرقون المعابد البوذية,0.72
طائرة أمريكية تقتل خمسة متشددين في باكستان,ستة ضباط شرطة قتلوا في هجمات في داغستان,0.08
رئيس مالي المؤقت المستقبلي يستعد لتولي منصبه,البابا يقتحم الكهنة المعارضين حول العزوبية,0.0
تسعة قتلى و168 جريحاً في أحدث اشتباكات القاهرة,10 قتلى و 12 جريحا في انفجار انتحاري في مطار شرق أفغانستان,0.24
(رومني) يفوز في انتخابات ولاية (ماين) الجمهورية,(رومني) ، في عودته، فاز بفارق ضئيل في ولاية (ماين),0.76
المحكمة في البحرين ترفض استئناف آخر تجمع للمسعفين,البحرين ترفض نداء النشطاء,0.76
الإعصار ساندي يتجه نحو الساحل الشرقي,الإعصار ساندي يتحرك نحو الولايات المتحدة,0.72
كلينتون تدعو أصدقاء سوريا للتوحد,الفنان البلاستيكي يطالب بدعم أكبر للمواهب الجديدة,0.0
جي كي رولينج تطلق أول رواية للبالغين,سوريا تشن هجوماً برياً على حلب,0.0
أحزاب الحكومة الجزائرية تهيمن على الانتخابات,نسبة الإقبال على التصويت في البرلمان الجزائري تصل إلى 44.38%,0.48
قتل مسؤول أمني في اليمن,أفراد الأمن قتلوا في غارة باكستانية,0.12
الأسهم الأمريكية تنخفض مع المفاوضات اليونانية,الأسهم الأمريكية تتراجع في وول ستريت مع استمرار المحادثات اليونانية,0.64
(رومني) يختار (رايان) كنائب للرئاسة: المصدر,(رومني) سيختار (رايان) كنائب للرئاسة,1.0
الناتو يلتزم بخريطة طريق الانتقال في أفغانستان: راسموسن,طائرة هليكوبتر تابعة لحلف شمال الأطلسي تهبط في شرق أفغانستان,0.2
مبارك يواجه حكم في محاكمة القتل,أبناء مبارك يواجهون اتهامات جديدة بالتجارة الداخلية,0.28
لا حواجز للاستثمار,الهند تسمح لباكستان بالاستثمار,0.4
انفجار يقتل 11 في شمال غرب باكستان,قنبلة تقتل 19 شخصاً في شمال غرب باكستان,0.52
5 عمال إغاثة أطلقوا سراحهم في عملية في أفغانستان,انتحاري يقتل 37 في مسجد في أفغانستان,0.16
جنديين من حلف شمال الأطلسي قتلوا في أفغانستان,قتل جندي حلف شمال الأطلسي في انفجار أفغاني,0.72
نادال يصل إلى نهائي البطولة الفرنسية المفتوحة,نادل يصل إلى نهائي البطولة الفرنسية السابعة,0.8
تقارير التلفزيون الروسي محاولة إحباط على بوتين,روسيا، أوكرانيا أفشلت مؤامرة لقتل بوتين، يقول التقرير,0.64
بوتين يعلن انتصاره في الانتخابات الرئاسية الروسية,فوز بوتين في الانتخابات الرئاسية الروسية المتنازع عليها,0.88
بقايا 167 جثة وجدت في كهف مكسيكي,بقايا 167 شخصاً تم العثور عليها في كهف في المكسيك,1.0
فتاة المذبحة في جبال الألب تعود إلى المملكة المتحدة,هجوم جبال الألب: الفتاة تعود إلى المملكة المتحدة,0.8
فريق أوباما يرفع نطاق المناقشة,أوباما يهاجم رومني في النقاش,0.56
اثنان من الوزراء الكينيين بين 6 قتلى في حادث تحطم طائرة,بولندا تكرم الرئيس الذي قتل في حادث تحطم طائرة عام 2010,0.16
آلاف يتجمعون في مسيرة روسية جديدة ضد بوتين,الآلاف يتجمعون في موسكو في مسيرات متنافسة,0.56
جوجل تسمي الرئيس التنفيذي الجديد لشركة موتورولا للنقل,جوجل تعين دينيس وودسايد لتشغيل موتورولا التنقل,0.76
إعصار ساندي الضخم يضرب الساحل الشرقي للولايات المتحدة,الإعصار ساندي يستهدف الساحل الشرقي للولايات المتحدة,0.88
صاروخ آخر يضرب إشكول؛ لا إصابات,صاروخان أصيبا بـ (إشكول) ولم يصب أحد,0.68
آلاف آخرين من اللاجئين السوريين يفرون إلى تركيا خلال الليل,ثمانية آلاف لاجئ سوري فروا إلى تركيا خلال الليل,0.76
أسانج يرفع استئناف تسليمه إلى أعلى محكمة في المملكة المتحدة,أسانج يرفع استئناف تسليمه إلى أعلى محكمة في المملكة المتحدة,0.8
زلزال قوي يهز معظم مناطق باكستان,زلزال قوي يضرب شرق إندونيسيا,0.4
اشتباك مسلحين لبنانيين بسبب الأزمة السورية,السوريون يحملون الحل للأزمة السورية,0.2
عصابة تقتل رجل لحرق القرآن,العصابة الباكستانية تقتل رجل 'لإحراق القرآن',0.8
ضربة طائرة أمريكية بدون طيار تقتل أربعة في شمال وزيرستان,هجوم طائرة أمريكية بدون طيار يقتل 10 أشخاص في شمال غرب باكستان: مسؤولون,0.36
لوحة سلفادور دالي سرقت من معرض نيويورك,لوحة سلفادور دالي مسروقة في مدينة نيويورك,0.92
بوتين يعلن انتصاره في الانتخابات الرئاسية الروسية,هل سيتم استقبال انتصار بوتين الانتخابي في روسيا بالاحتجاجات؟,0.36
ساركوزي يعلن إعادة انتخابه,الرئيس الفرنسي نيكولاس ساركوزي يعلن إعادة انتخابه رسميا,0.84
الولايات المتحدة والمملكة المتحدة في اتفاق لإطلاق مخزونات النفط الطارئة,الولايات المتحدة والمملكة المتحدة تتفق على إطلاق مخزونات النفط الطارئة,0.92
البطالة في منطقة اليورو تبقى عند مستوى قياسي 11%,ارتفاع معدلات البطالة في منطقة اليورو إلى مستوى قياسي في يونيو,0.6
الحزب الاشتراكي الفرنسي يفوز في البرلمان,الاشتراكيين الفرنسيين يفوزون بالأغلبية المطلقة في البرلمان,0.76
إسلاميون سلفيون ومواجهة الشرطة في تونس - شهود عيان,إضراب عن الطعام الإسلامي الثاني يموت في سجن تونسي,0.12
ستراوس-كان يحقق في شبكة الدعارة الفرنسية,دومينيك ستراوس كان يواجه أسئلة حول شبكة الدعارة الفرنسية,0.76
(رومني) يفوز في الانتخابات التمهيدية للجمهوريين في فلوريدا,ريمني يرى نهاية المباراة الأولية للجمهوريين الأمريكيين,0.36
ضربة طائرة أمريكية بدون طيار تقتل أربعة في شمال وزيرستان,الهجوم المشتبه به بطائرة بدون طيار يقتل 4 في باكستان,0.52
2 حوادث مرورية تسببت في مقتل 47 شخصا في الصين,3 حوادث مرورية تترك 56 قتيلاً في الصين,0.48
رئيس وكالة المخابرات المركزية استقال بسبب علاقة غرامية,قاعة المشاهير تدعو كابرياتي,0.0
ستراوس-كان الفرنسي متهم بالتورط في عصابة الدعارة,(ستراوس كان) متهم بتهمة الدعارة,0.8
شركة سوني تبلغ عن خسارة سنوية قياسية,توقعات سوني خسارة سنوية قياسية قدرها 6.4 مليار دولار,0.72
12 قتيلاً في غزة في غارات جوية إسرائيلية,في الواقع، أنا أتحرك في إضراب شركة الطيران,0.08
9 قتلى في هجمات بعد يوم عراقي مميت,19 قتيلاً في هجمات عراقية قبل نهاية شهر رمضان,0.28
باركليز ضرب من قبل التحقيقات الأمريكية الجديدة,"""باركليز"" تعرضت لضربة أمريكية جديدة",0.88
الولايات المتحدة تغلق سفارتها في سوريا,الطرق المغلقة في أرمينيا,0.08
الاتحاد الأوروبي يفرض عقوبات جديدة على سوريا,الاتحاد الأوروبي يفرض عقوبات جديدة على النظام السوري,0.88
الروس يتظاهرون ضد حكم بوتين,عشرات الآلاف يتظاهرون ضد حكم بوتين,0.68
جائزة البحرين الكبرى جارية وسط الاحتجاجات,سباق البحرين مستمر وسط الاضطرابات,0.8
الأسهم الصينية مفتوحة مستوية يوم الاثنين,الأسهم الصينية مفتوحة مختلطة الأربعاء,0.28
شيريل كرو تقول أن لديها ورم دماغي حميد,(شيريل كرو) لديها ورم دماغي حميد,0.92
البرلمان الأفغاني يوافق على الاتفاق الأمني الأمريكي الأفغاني,البرلمان الأفغاني يوافق على الشراكة الأمريكية,0.76
اثنان من السياح الألمان وطيارين قتلوا في حادث تحطم طائرة في كينيا,السيناتور ريد متورط في حادث سيارة في لاس فيجاس,0.12
المفاوضون الإسرائيليون والفلسطينيون يجتمعون بهدوء,المفاوضون الإسرائيليون والفلسطينيون يجتمعون في الأردن,0.72
وفاة رائد الفضاء الأمريكي نيل أرمسترونغ في سن 82,وفاة رائد الفضاء الأمريكي نيل أرمسترونغ,0.72
منظمة العفو الدولية: المتمردون السوريون يرتكبون أيضا انتهاكات,محقق منظمة العفو الدولية: المتمردون السوريون يرتكبون انتهاكات أيضا,0.84
(ميت رومني) يفوز في الانتخابات التمهيدية للجمهوريين في ولاية (إنديانا),(رومني) يفوز في الانتخابات التمهيدية للجمهوريين في فلوريدا,0.32
انتخب الناشط الحقوقي في ألمانيا الشرقية جوك رئيسا,يواخيم جوك انتخب رئيساً لألمانيا,0.8
جنوب أفريقيا تبدأ التحقيق في عنف المناجم,"جنوب أفريقيا تستضيف ""محادثات سلام"" في مواجهة الألغام",0.48
ثلاثة قتلى و 27 جريحاً في حادث جنوب غرب الصين,35 قتيلا و 165 مفقودا في حادث قارب في الهند,0.08
(سانتورم) يقفز إلى (مينيسوتا) للفوز,(سانتوروم) يفوز بـ (كانساس),0.2
أسطورة الفضاء نيل أرمسترونغ يموت,أول رجل على القمر نيل أرمسترونغ يموت في 82,0.8
الولايات المتحدة وتركيا تقيم مناطق حظر جوي لسوريا,تركيا والولايات المتحدة تفرض مناطق حظر جوي على سوريا,0.96
اعتقل رجل بتهمة القتل المزدوج,رجل من واشنطن اعتقل في مداهمة الشرطة للمخدرات,0.16
مقاطعات فلوريدا تمدد التصويت المبكر,الديمقراطيون يريدون تمديد ساعات التصويت المبكر,0.56
سفينة حربية تبحر إلى جزر فوكلاند,سفينة حربية بريطانية تبحر نحو جزر الفوكلاند,0.76
نيوكاسل 2-0 ليفربول: تقرير المباراة ، أبرز الصور والفيديو,QPR 1-2 ويست هام: تقرير المباراة ، صور ومشاهد فيديو,0.2
السجناء الفلسطينيون ينهون الإضراب عن الطعام,تقارير عن تقدم في محادثات إضراب الأسرى الفلسطينيين عن الطعام,0.56
الشرطة: أربعة قتلى في حادثة أخذ الرهائن الألمانية,فلسطينيون: 12 قتيلاً في ضربة للجيش الإسرائيلي في شمال القطاع,0.2
مصر تسمح لرئيس الوزراء مبارك بالعودة إلى سباق الرئاسة,مصر تؤكد عودة رئيس وزراء مبارك إلى السباق الرئاسي,0.85
مقتل صحفيين سوريين في العاصمة,قتل جنود مشاة البحرية الأمريكية في هجوم على القاعدة,0.12
مرشح الحزب الجمهوري رومني يدعو إلى تسليح المتمردين السوريين,الولايات المتحدة تساعد في إيصال الأسلحة إلى المتمردين السوريين,0.48
دورية مراقبة من الأمم المتحدة تصل إلى موقع المذبحة السورية,مراقبو الأمم المتحدة يصلون إلى قرية المذبحة السورية,0.88
الخطوط الجوية الأمريكية والطيارون يتفقون على عقد جديد,رومني يتعهد بالوقوف إلى جانب إسرائيل بشأن التهديد الإيراني,0.0
رئيس الوزراء اليوناني سيعلن عن انتخابات جديدة,رئيس الوزراء اليوناني يدعو إلى إجراء انتخابات عامة في 6 مايو,0.56
حكومة كندا تدعم نساء مونتريال الذين يقودون التغيير,حكومة كندا تدعم سلامة النساء في ريجينا,0.32
لا مشكلة إذا شكل مولايام الجبهة الثالثة: الكونغرس,لا مشكلة إذا شكلت مولايام الجبهة الثالثة: ديغفيجاي,0.64
(برادلي) ينتصر في (فايرستون) بينما (فوريك) يتلاشى,محكمة البحرين تؤيد أحكام ضد قادة الانتفاضة,0.0
سقوط طائرة في غانا يقتل 10 أشخاص على الأقل,تحطم طائرة في غانا: كيف ذكرت وسائل الإعلام الدولية ذلك,0.44
ستة جنود أمريكيين قتلوا في تفجير أفغاني,ستة جنود من حلف شمال الأطلسي قتلوا في أفغانستان,0.36
القوات السورية تشن هجوماً على حلب,القوات السورية تقتل 54 قبل بعثة أنان للسلام,0.32
(رومني) ، (أوباما) يقاتلون من أجل الحافة في الرعاية الطبية,(أوباما) و (رومني) يتنافسان على المترددين,0.2
المدير العام لهيئة الإذاعة البريطانية يستقيل بسبب صحافة رديئة,"المدير العام لهيئة الإذاعة البريطانية يستقيل وسط فضيحة "" نيوز نايت """,0.72
ريك سانتوروم يفوز بكونساس,ريك سانتوروم يحقق فوزاً في انتخابات كنساس,0.96
الكنيسة القبطية تعين باباً جديداً في مصر,المسيحيون المصريون يختارون البابا الجديد,0.64
وعد الولايات المتحدة بإعادة بناء هايتي لم يتم الوفاء به,وعد الولايات المتحدة بإعادة بناء هايتي لم يتم الوفاء به,1.0
الأسهم الصينية تغلق مرتفعة الخميس,الأسهم الصينية مفتوحة مختلطة الأربعاء,0.2
اليونان للتصويت على ميزانية 2013؛ يتجمع المتظاهرون,اليونان للتصويت على ميزانية 2013,0.72
الولايات المتحدة والاتحاد الأوروبي يرحبون بحذر باقتراح إيران لاستئناف المحادثات النووية,الولايات المتحدة والاتحاد الأوروبي يرحبون بعرض إيران لاستئناف المحادثات النووية,0.8
كلينتون تحذر كينيا من تكلفة العنف الانتخابي,كلينتون تحذر كينيا من تكرار فوضى انتخابات 2007,0.56
الاحتجاجات المناهضة للأفلام الأمريكية تتوسع إلى نحو 20 دولة,الغضب المناهض للولايات المتحدة يمتد عبر الشرق الأوسط عبر الأفلام,0.76
الصحفيون يهنئون افتتاح دورة لندن الأولمبية,الوفد الإسرائيلي يسير في افتتاح الألعاب الأولمبية لعام 2012,0.2
مخزونات أوست مفتوحة أقل,أسهم طوكيو تفتح أسفل,0.3
ويكيليكس يبدأ بنشر مليوني بريد إلكتروني سوري,ويكيليكس تصدر مجموعة من الوثائق السورية,0.68
فلسطينيون: مقتل اثنين من متشددي غزة في غارة جوية إسرائيلية على القطاع الساحلي,مسؤولون: رجل من غزة قتل في غارة جوية إسرائيلية,0.6
رئيس مالي يقدم استقالته,رئيس مالي يستقيل رسمياً,0.92
ثلاثة قتلى في هجوم انتحاري في نيجيريا,مقتل 60 شخصًا في هجوم على سوق الماشية في نيجيريا,0.28
تطورات الأمن في العراق، 1 فبراير,تطورات الأمن في باكستان، 13 مارس,0.32
هيومن رايتس ووتش: الأردن متحيز ضد الفلسطينيين من سوريا,الأردن متحيز تجاه الفلسطينيين من سوريا,0.84
إسرائيل بين أكبر مصدرين للأسلحة في العالم: تقرير,إسرائيل بين كبار مصدري الأسلحة والمستوردين,0.76
المصريون سيصوتون لرئيس جديد,أعضاء البرلمان الصومالي ينتخبون رئيسا جديدا,0.16
فيدرر يفوز بلقب ويمبلدون السابع,فيدرر يحصل على لقب ويمبلدون السابع,1.0
قائد القاعدة يدعو لخطف غربيين في مصر,قائد القاعدة يحث على خطف الغربيين,0.72
أسهم الصين إغلاق مختلطة الجمعة,الأسهم الصينية تغلق أعلى منتصف يوم الجمعة,0.52
43 قُتلوا في حادث حافلة,15 قُتلوا في حادث في الهند,0.32
بوتين أقسم كرئيس لروسيا,بوتين أقسم على رئاسة روسيا لمدة 6 سنوات,0.8
التجارة الصينية تعود إلى الفائض في مارس,الهدوء المتوتر يعود إلى جنوب تل أبيب,0.0
أبرز نقاط مناقشة نائب الرئيس,خمسة أشياء يجب مراقبتها في المناظرة الرئاسية,0.44
الحلقة الكاملة: Nightline 6/29: كاتي هولمز، توم كروز إلى الطلاق,الحضانة، الصور على المحك في الطلاق كروز هولمز,0.28
النظام السوري ينفي الدور في مجزرة الحولة,سوريا تلوم المتمردين على مذبحة الحولة لأكثر من 100,0.6
جنوب السودان يتهم السودان بتفجيرات قبل المحادثات,جنوب السودان يتهم السودان بتفجيرات في ضربة للمحادثات,0.88
تسعة قتلى في هجوم بالبنادق في باكستان,خمسة ملايين مواطن يحصلون على راتب غير رسمي في أوكرانيا,0.0
سوريا تطالب بضمانات، المتمردون يقولون أن خطة السلام محكوم عليها بالفشل,سوريا تطالب بضمان خطي لسحب القوات,0.64
تم إعادة فتح محطة مينيسو بعد الإخلاء,تم إعادة فتح محطة مينيسو بعد أن تسببت الأكياس في الإخلاء,0.76
الغولف: ويستوود تتصدر دورة دبي الكلاسيكية,ويستوود في مقدمة دبي كلاسيك الصحراء,0.8
السودان يحظر موقع يوتيوب بسبب الفيلم المناهض للإسلام,رئيس وزراء باكستان يأمر بإيقاف يوتيوب بسبب الفيلم المناهض للإسلام,0.56
الانتخابات الرئاسية في روسيا,إغلاق الانتخابات الرئاسية في السنغال,0.28
تشافيز يغادر مرة أخرى إلى كوبا للعلاج الإشعاعي,تشافيز مستعد لمزيد من العلاج الإشعاعي في كوبا,0.88
الرئيس الروماني أعلن النصر,الرئيس الصيني يختتم زيارته الدولية إلى الدنمارك,0.12
روسيون يدعمون الكنيسة الأرثوذكسية بسبب جدل Pussy Riot,الكنيسة الأرثوذكسية الروسية تحشد المؤمنين بعد انتقادات,0.72
هبطت كلينتون في الهند لتنفس الحياة في العلاقات,كلينتون تحذر من تقويض بنك جرامين,0.28
رئيس مالي المؤقت يتولى منصبه,رئيس مالي المؤقت يتولى منصبه,0.84
بوتين يعلن النصر في الانتخابات الرئاسية الروسية,"بوتين ""يفوز"" بالانتخابات الرئاسية في روسيا",0.76
الاتحاد الأوروبي يجدد إدانته للعنف في سوريا,الولايات المتحدة تغلق سفارتها في دمشق بسبب العنف في سوريا,0.32
الاتحاد الأوروبي يفرض عقوبات على عائلة الأسد,الاتحاد الأوروبي يفرض عقوبات على زوجة الأسد، وقذائف الهاون تضرب حمص,0.68
مدرب سلاح الجو يواجه عقوبة الاغتصاب,النساء يشهدن في حكم مدرب القوات الجوية,0.36
أكثر من 30 من عمال المناجم المضربين قتلوا,أكثر من 30 من عمال المناجم المضربين قتلوا في جنوب أفريقيا,0.76
القبة الحديدية اعترضت 17 صاروخ,القبة الحديدية اعترضت صاروخين أطلقا على بئر شيبا,0.52
"إسلاميون مالي يدمرون ""مزيدًا من مزارات تمبكتو""",الإسلاميون في مالي يدمرون المزيد من المواقع المقدسة في تمبكتو,0.9
الأسهم الصينية تنتهي مرتفعة على مؤشر المستهلكين في منتصف النهار,الأسهم الصينية تفتح أعلى يوم الخميس,0.36
العلماء يبعثون الزهور من بذور ما قبل التاريخ,نينتندو تقطع الحبر الأحمر، خفضت التوقعات للعام,0.0
رجل أدين في قضية تسريبات الفاتيكان,"سيتم محاكمة (باتلر) في قضية ""فاتيليكس""",0.52
(رومني) و (بول) يتنافسان للفوز بـ (مين),(رومني) فاز بفارق ضئيل في ولاية (مين),0.56
الصدامات الطائفية تهز مدينة طرابلس اللبنانية,اشتباكات طائفية تهز مدينة لبنانية، 3 قتلى,0.76
ريبسول تنتقد الأرجنتين بسبب تأميم شركة YPF,""" ريبسول "" تنتقد الأرجنتين بسبب تأميم النفط",0.68
عدة قتلى و550 جريح في حادث قطار في الأرجنتين,49 قُتلوا في حادث قطار في بوينس آيرس,0.28
أونغ سان سو تشي ستخاطب أعضاء البرلمان البريطاني,أونغ سان سو تشي من بورما ستخاطب البرلمان في زيارة يونيو,0.8
رجل يستعيد سيارة مسروقة بعد 42 عاماً,رجل أمريكي يستعيد سيارة بعد 42 عاما من السرقة,0.8
الرئيس التنفيذي لشركة جوجل يقول أن أندرويد مهم وليس حاسم,لاري بيج يقول أن أندرويد مهم وليس حاسم,0.8
إيران قد تخفض صادرات النفط إلى المزيد من دول الاتحاد الأوروبي,أعضاء البرلمان الإيراني يقولون إنهم مستعدون لحظر صادرات النفط لبعض دول الاتحاد الأوروبي,0.72
حرائق مصنع تقتل 260 شخصاً على الأقل في باكستان,ما لا يقل عن ستة قتلى في قتال بالرصاص في باكستان,0.16
أسترالي من بين أربعة على متن طائرة مفقودة في إندونيسيا,وفاة الرسام الإيراني منصوره حسيني,0.0
"""رومني"" يتعهد بإعادة ""وعد أمريكا""","""رومني"" يعد بإعادة ""أمريكا""",0.76
ابنة (سانتوروم) البالغة من العمر 3 سنوات في المستشفى,"مدير فيلم ""كوني 2012"" في المستشفى",0.12
مانديلا خرج من المستشفى,الرئيس الإسرائيلي خرج من المستشفى,0.24
(جايا برادا) مستعدة للانضمام إلى (بي جي بي),من المرجح أن تنضم (جايا برادا) إلى (بي جي بي) ، (أمار سينغ) سيقرر من أجلها,0.76
نصر الله يحذر الولايات المتحدة من الفيلم المعادي للإسلام,حزب الله يدعو لمزيد من الاحتجاجات ضد الأفلام الإسلامية,0.56
نادال يتفوق على جوكوفيتش لقب فرنسا المفتوحة السابع,التنس: نادال يهزم جوكوفيتش للفوز بلقب مونتي كارلو,0.64
تكاليف رعاية الأطفال ترتفع بنسبة 6% تقريباً,رعاية الأطفال 'تكلف 15000 جنيه استرليني في السنة',0.6
أوباما يحث على اتخاذ إجراء حاسم بشأن أزمة ديون أوروبا,أوباما يحث أوروبا على التصرف بسرعة في الأزمة,0.68
مزيج برغر لحم البقر يسترد بسبب مخاوف من السالمونيلا,استدعاء مسحوق الشوك بسبب مخاوف من السالمونيلا,0.2
(أوباما) و (رومني) يستعدون للمناقشة الأولى,(أوباما) و (رومني) يستعدون للمناقشة,0.84
أول غاز مهم تم العثور عليه قبالة سواحل كينيا,غزاة يقتلون 38 في أحدث اشتباكات أرضية في كينيا,0.16
قتل عامل في الصليب الأحمر في باكستان,مقتل عامل إغاثة بريطاني مختطف في باكستان,0.44
8 صواريخ أطلقت من غزة على جنوب إسرائيل؛ لم يصب أحد,عشرة صواريخ من غزة سقطت في جنوب إسرائيل؛ لم يصب أحد,0.68
قتل جندي أمريكي في حادث إطلاق نار في جنوب أفغانستان,خمسة جنود من حلف شمال الأطلسي قتلوا في أفغانستان,0.32
إغلاق الانتخابات الرئاسية المصرية,البيانات الصحفية: الانتخابات الرئاسية اليمنية,0.16
"الشرطة ""لم تربط"" ادعاءات سافيل",بي بي سي تواجه أسئلة لسحب قضية سافيل,0.24
البطالة في منطقة اليورو تبقى عند مستوى قياسي 11%,معدل البطالة في منطقة اليورو يصل إلى مستوى قياسي,0.68
(جيمس مردوك) يغادر (بي إس كي بي),(جيمس مردوك) يترك منصبه في (بي إس كي بي),0.84
توفي كاتب الخيال العلمي الشهير راي برادبري في الـ 91 من عمره,أسطورة الخيال العلمي راي برادبيري مات في الـ 91,0.96
الانتخابات الرئاسية في مصر 23 و24 مايو,الانتخابات الرئاسية الأمريكية 2012,0.12
أربعة جنود فرنسيين قتلوا في تفجير انتحاري أفغاني,أربعة جنود أجانب قتلوا في شرق أفغانستان,0.68
مراقبو الأمم المتحدة يجدون آثار المذبحة السورية,فريق الأمم المتحدة يحقق في المجزرة السورية,0.8
استطلاع للرأي: الأغلبية في الولايات المتحدة لديها تحيز ضد السود,استطلاع للرأي: أغلبية الميناء تعصب ضد السود,0.72
مصدر: ريدسكينز للتجارة لاختيار رقم 2,تبادل (ريدسكينز) لخيار رقم 2,0.84
الصين تقول أن ميزانية الدفاع سترتفع 11.2% في 2012,إنفاق الدفاع الصيني يرتفع بنسبة 11.2%,0.8
سلسلة من الانفجارات في العراق تقتل 32 شخصاً على الأقل,زلزال قوي في ايطاليا يقتل ستة على الاقل,0.0
الرئيس الإكوادوري (كوريا) يقول أنه لم يتم اتخاذ قرار بشأن اللجوء لأسانج,الإكوادور لم تقرر بعد بشأن اللجوء لأسانج,0.76
الولايات المتحدة تقدم 10 ملايين دولار لمقاتل باكستاني,الولايات المتحدة تقدم 10 ملايين دولار لزعيم المسلحين الباكستانيين,0.76
ستة جنود من حلف شمال الأطلسي قتلوا في هجوم في أفغانستان,ستة جنود من حلف شمال الأطلسي قتلوا في أفغانستان,0.76
زوجات أسامة بن لادن ستسجن,فيلم أسامة بن لادن سيتم تصويره في الهند,0.16
المصريون يصوتون في انتخابات رئاسية تاريخية,المصريون يذهبون إلى صناديق الاقتراع في انتخابات تاريخية,0.8
طيّار (جيت بلو) الذي عطّل الرحلة أُعلن مجنونًا، غير مذنب,طيار (جيت بلو) الذي تسبب بتعطيل الرحلة غير مذنب,0.76
تحذير من تسونامي: لا داعي للذعر في جنوب أفريقيا,تحذير من تسونامي بعد زلزال أتشيه,0.44
الولايات المتحدة تسلم سجن باغرام للسلطات الأفغانية,الولايات المتحدة تنقل سجن باغرام للسيطرة الأفغانية,0.96
"جيريمي هانت يبعد نفسه عن المستشار الذي "" تجاوز العلامة """,(جيريمي هانت) يتشبث بينما (سباد) يستقيل بسبب رسائل البريد الإلكتروني لـ (نيوز كورب),0.4
أوباما يشيد بالعلاقات التجارية بين الولايات المتحدة وأمريكا اللاتينية,عملاء خدمة أوباما السرية أرسلوا إلى الوطن,0.08
بليتز بوكيه طرد من قبل فيجي,(بليتز بوك) هزم من قبل (نيوزيلندا),0.4
أوباما ورومني يركزان على الدول المتأرجحة,فريق (آنا) لم يقرر بعد ما إذا كان سيتنافس في انتخابات الولاية,0.08
"""هجوم قنبلة يدوية"" يقتل شخصًا ويجرح 11 آخرين على الأقل",التحقيق في الاعتداء الجنسي على المرأة,0.04
"العثور على ""عشرات الجثث"" في سوريا",ثمان جثث أخرى وجدت على متن السفينة,0.28
المسلح متهم بقتل مراهق أمريكي أسود,أفكار عن العلاقات العرقية تحت حكم رئيس أسود,0.16
(جوني بييرستو) و (إيون مورغان) يتألقان مع إنجلترا في مومباي,(بييرستو) يضرب (تون) في مباراة جولة الهند,0.36
كيف يستخدم مطورو مزارع الرياح خدع الكاميرا لجعل التوربينات تبدو أصغر مما هي عليه في الواقع؟,"مطوّري مزارع الرياح يستخدمون ""حيل"" لجعل التوربينات تبدو أصغر",0.88
طائرة أمريكية بدون طيار تقتل ستة متشددين في باكستان: مسؤولون,الصواريخ الأمريكية تقتل 15 في باكستان: مسؤولون,0.48
نيجيريا: جنود نيجيريين يحتشدون بعد مقتل 40 طالبًا في مجزرة,الشرطة النيجيرية تقوم بالاعتقالات بعد مذبحة الكلية,0.52
القلق يهدأ - في الوقت الحالي: الأسواق تقفز على الإغاثة من إنقاذ البنوك الإسبانية,التركيز يتحول إلى اليونان بعد أن حصلت إسبانيا على خطة إنقاذ مصرفية,0.44
تقارير عن قتال عنيف في حلب السورية,تقارير عن قتال عنيف في دمشق,0.28
فرنسا تقول أن اليونان يجب أن تظهر مصداقية لمنطقة اليورو,الرئيس الفرنسي (هولاند) يدعم اليونان لكنه يحث على إصلاح موثوق به,0.36
المنتقمون يضعون رقما قياسيا في شباك التذاكر,"""ألعاب الجوع"" تحطم الرقم القياسي في الولايات المتحدة",0.24
4 جنود فرنسيين قتلوا في أفغانستان,قتل جندي بريطاني في أفغانستان,0.2
معضلة الإنقاذ الإسبانية تصبح أكثر حدة,المعضلة الإسبانية تصبح أكثر حدة,0.68
قتل جندي حلف شمال الأطلسي في أفغانستان,جنديين أستراليين جرحا في أفغانستان,0.12
الأسهم الصينية تفتح بأقل يوم الأربعاء,الأسهم الصينية تفتح يوم الجمعة منخفضة,0.48
القيادة الفلسطينية تدين دعوة وزير الخارجية الإسرائيلي للإطاحة بـ عباس,القيادة الفلسطينية تؤيد اتفاق الدوحة بين فتح وحماس,0.2
(ميت رومني) يفوز في الانتخابات التمهيدية للحزب الجمهوري في ولاية (ماريلاند),(رومني) يفوز بالانتخابات التمهيدية الجمهورية في ولاية (ماريلاند),0.96
رجل يجد سيارة على موقع إيباي بعد 42 عاماً من سرقتها,رجل من تكساس يجد سيارته بعد 42 عاماً من سرقتها,0.72
ابن سيلفستر ستالون وجد ميتا في هوليوود,ابن (سيلفستر ستالون) ، (سيج ستالون) ، عثر عليه ميتاً في (هول),0.68
حلف شمال الأطلسي: تم إنقاذ 4 عمال إغاثة من المتمردين الأفغان,5 عمال إغاثة أطلقوا سراحهم في عملية في أفغانستان,0.56
"روسيا تسجن متظاهرات ""بوسي ريوت"" لمدة عامين","المحكمة الروسية ستصدر حكمها في محاكمة ""باسي ريوت""",0.36
إسرائيل تمنع الكاتب الألماني (غراس) من الزيارة بسبب قصيدة,"إسرائيل تحظر الكاتب الألماني ""غراس"" بسبب قصيده",0.88
الملاحظات التي يجب قراءتها في 1 أغسطس 2012,يجب أن تقرأ الملاحظة يوم الأربعاء 4 يوليو 2012,0.36
القوات الأمريكية التابعة لحلف شمال الأطلسي تم اعتقالها بسبب إطلاق النار على المدنيين الأفغان,الولايات المتحدة تقول أنها حزينة من إطلاق النار على المدنيين الأفغان,0.48
هولاند يفوز في الانتخابات الرئاسية الفرنسية,تيمور الشرقية تصوت في الانتخابات الرئاسية,0.32
الجيش: المخزونات الكيميائية السورية تهدد إسرائيل,روسيا تقول لسوريا أن تهديد الأسلحة الكيميائية غير مقبول,0.36
فيتش ترقية فورد إلى الدرجة الاستثمارية,فيتش يعيد فورد الائتمان إلى الدرجة الاستثمارية,0.72
"شروط خطة السلام السورية ""غير مقبولة""، تقول المعارضة",السلام في سوريا يتداعى مع مرور الموعد النهائي,0.4
اشتباكات أثناء احتجاج اليونانيين على المزيد من التخفيضات,اندلعت الاشتباكات مع اقتراب الانتخابات اليونانية,0.48
تسعة قتلى و 11 جريح و 4 مفقودين في انهيار جبل مونت بلانك,ستة قتلى، وعدد من المفقودين في انهيار جبل مونت بلانك,0.48
"طالبان تتظاهر بأنها ""نساء جذابات، على الفيسبوك للتجسس",جنود طالبان يتظاهرون بأنهم نساء جميلات على الفيسبوك للحصول على أسرار القوات,0.92
ناشط صيني يصل إلى الولايات المتحدة,ناشط صيني يجدد دعوة لمحاربة الظلم,0.24
اطلاق النار على مبنى امباير ستيت,قتل اثنان في إطلاق نار خارج مبنى إمباير ستيت,0.64
محمد مرسي أقسم على منصب الرئيس المصري,أقسم مرسي كرئيس مصري,0.88
الهجوم على قاعدة حلف شمال الأطلسي في أفغانستان يقتل 15,إطلاق سراح عمال الإغاثة في غارة أفغانستان,0.2
تفجير انتحاري في اليمن، هجوم طائرة بدون طيار يقتل 30 على الأقل,هجمات العراق تقتل ستة على الأقل,0.2
توريس يتحرك بعد فشل العرض الأولمبي,انتهى (توريس) في المركز الرابع، وتفوّت المشاركة في الأولمبياد السادس,0.6
باكستان تبدأ هدم مجمع بن لادن,باكستان تدمر مخبأ أسامة بن لادن,0.56
السودان يلوم إسرائيل على إطلاق أسلحة على الخرطوم,السودان يتهم إسرائيل بالهجوم الجوي على مصنع الأسلحة,0.72
تم التوصل لاتفاق بين مجلس النواب ومجلس الشيوخ على إجراء ضريبة الرواتب,المفاوضون يتوصلون إلى اتفاق على مشروع قانون خفض ضريبة الرواتب,0.76
العاصفة الاستوائية إسحاق تغمر هايتي وتضرب كوبا,العاصفة الاستوائية إسحاق تهدد السد,0.28
ناشطون أجانب مؤيدون للفلسطينيين يسعون لدخول الضفة الغربية,100 من المؤيدين للفلسطينيين يسعون إلى دخول إسرائيل في آلينبي,0.44
الأسهم العالمية ترتفع على أمل تحفيز الاتحاد الأوروبي والولايات المتحدة,الأسهم ترتفع على آمال التحفيز الفيدرالي,0.6
غور فيدال توفي في 86 من عمره: توفي الكاتب الأسطوري والكاتب المسرحي والسياسي,غور فيدال، الكاتب المشهور، كاتب المسرح، يموت في 86,0.8
الأسهم العالمية تنخفض قبل الموعد النهائي لاتفاق الديون اليونانية,الأسهم الآسيوية تنخفض قبل الموعد النهائي لاتفاق الديون اليونانية,0.48
شرطة جنوب أفريقيا قتلت 30 من عمال المناجم,شرطة جنوب أفريقيا تقول أنها قتلت أكثر من 30 من عمال المناجم,0.84
(إسحاق) يغرق (هايتي) ويتجه نحو (كوبا) و (فلوريدا),(إسحاق) يقترب من (هايتي) مع سكان الزلزال المشردين,0.48
بريطانيا تواصل مع المعارضة السورية,من يهتم بالشعب السوري؟,0.24
أوباما يخفف قواعد ترحيل المهاجرين الشباب,الولايات المتحدة تخفف قواعد الترحيل للشباب: نابوليتانو,0.8
مايكروسوفت سرفيس رهان كبير على المستقبل: المحللين,"جهاز مايكروسوفت اللوحي ""سيرفيس"" واعد، لكن تبقى الأسئلة",0.76
صديقة (وايتي بولجر) تحصل على 8 سنوات,"صديقة العصابة ""وايتي"" بولجر تحصل على 8 سنوات",0.72
الرئيس الموريتاني يُطلق عليه النار من قبل وحدة الجيش,الرئيس الموريتاني أطلق النار عليه,0.76
رجل يحرق نفسه في محاكمة بريفيك,رجل يحرق نفسه خارج محاكمة بريفيك,0.92
ضربة طائرة أمريكية بدون طيار تقتل 10 أشخاص في شمال غرب باكستان,طائرة أمريكية بدون طيار في باكستان تقتل 10 متشددين مشتبه بهم,0.76
تسعة آلاف من مشاة البحرية الأمريكية سيغادرون أوكيناوا,تسعة آلاف من مشاة البحرية الأمريكية سيتحركون من أوكيناوا: بيان,1.0
شركة (تويز آر أوس) تتنازل عن رسوم برنامج الإجازة,"""وول مارت"" تخفض الرسوم لبرنامج الإجازة",0.36
إيران توسع أنشطة التخصيب النووي: تقرير الوكالة الدولية للطاقة الذرية,إيران تكثف عملها النووي الحساس - الوكالة الدولية للطاقة الذرية,0.6
(دونا سمر) ملكة الديسكو، توفيت في الـ 63,(دونا سمر) ملكة الديسكو,0.6
الهجمات العراقية تقتل الجنرال وأربعة رجال شرطة,هجمات في العراق تقتل الجنرال وأربعة آخرين,0.8
80 قتيلاً على الأقل في زلازل شمال غرب إيران,180 قتيلاً و 1300 جريحاً في زلازل شمال غربي إيران,0.52
'كاهن نجم البوب' البرازيلي يحصل على مرحلة جديدة ضخمة,'كاهن نجم البوب' البرازيلي يحصل على مرحلة جديدة,1.0
واشنطن: أكثر من 100 متهم في عملية تفتيش الاحتيال في الرعاية الطبية,واشنطن: المحكمة تؤيد قانون حقوق التصويت في قضية ألاباما,0.12
بوتين يعلن انتصاره في الانتخابات الرئاسية الروسية,بوتين يدعي النصر في الانتخابات الرئاسية,0.84
كلينتون مستعدة للقتال من أجل أوباما,كلينتون عمل صعب على أوباما أن يتبعه,0.2
أعلن (رومني) أن (بول رايان) هو نائب الرئيس,(رومني) يختار (رايان) كشريك رئاسي للحزب الجمهوري,0.88
الأسواق الأوروبية ترتفع على أمل إنقاذ اليونان,الوزراء الأوروبيون مستعدون للموافقة على إنقاذ اليونان,0.44
(إدواردز) بريء في تهمة واحدة، غير صالح في تهم أخرى,إدواردز بريء من تهمة واحدة؛ إبطال المحاكمة على الآخرين,0.92
رفع الأثقال الأوكراني يحصل على أربع سنوات من حظر المنشطات,أوكرانيا كوروبكا يحصل على أربع سنوات حظر المنشطات,0.84
المسلح ربما قام بتصوير مذبحة المدرسة,قد يكون القاتل قد صوّر إطلاق النار في مدرسة فرنسا,0.6
أسهم هونغ كونغ تغلق بانخفاض 0.28%,أسهم هونغ كونغ تفتح بنسبة 0.62 بالمائة أعلى,0.32
انتحاري يهاجم قاعدة أمنية جزائرية,انتحاري يستهدف كنيسة نيجيرية,0.16
تايلاند: إيرانيون يخططون للهجوم على إسرائيليين,ماليزيا ستسلم إيرانيًا لمهاجمة إسرائيليين,0.2
المحكمة العسكرية الإسرائيلية ترفض استئناف المضرب عن الطعام الفلسطيني,إسرائيل تتوصل إلى اتفاق مع المضربين عن الطعام الفلسطينيين,0.24
المنتقمون يضعون رقما قياسيا في شباك التذاكر,"""ألعاب الجوع"" تسجل أرقاماً قياسية في شباك التذاكر",0.32
بوتين يفوز في الانتخابات الرئاسية الروسية,"بوتين ""يفوز"" بالانتخابات الرئاسية في روسيا",0.84
بوتين يصوت كما يصوت الروس,بوتين يفوز في الانتخابات الرئاسية الروسية,0.28
رئيس الأمم المتحدة يجد صوته ويبقى حذرًا بشأن الصين,نظرة ثاقبة: رئيس الأمم المتحدة يجد صوته، لكنه لا يزال حذرًا بشأن الصين,0.96
يبدأ الليبيون بتسليم الأسلحة,الليبيون ينقلون الأسلحة للجيش,0.64
رئيس أساقفة كانتربري البريطاني يغير مهنته إلى كامبريدج,رئيس أساقفة (كانتربري) يستقيل وسط خلافات,0.48
"محطة ""بنجاب ميل"" تخرج عن مسارها قرب ""روثاك""، 19 جريحاً",طرد بريد البنجاب من مساره بالقرب من روهتاك في هاريانا، 19 جريحا,0.84
(جورج زيمرمان) سيتم اتهامه بقتل (تريفون مارتن),(جورج زيمرمان) سيتم اتهامه في قضية (ترايفون مارتن),0.8
المتمردون الماويون الهنود يقدمون محادثات لتحرير الرهائن الإيطاليين,الهند: المتمردون الماويون في محادثات حول تحرير الإيطاليين,0.76
تم الإبلاغ عن مقتل اثنين في إطلاق نار في مبنى إمباير ستيت في نيويورك,اطلاق النار على مبنى امباير ستيت,0.56
خمسة قتلى في تفجير انتحاري في باكستان,63 قتيلاً على الأقل في حريق مصنع في باكستان,0.2
رد فعل لاعبي كرة القدم في ولاية بنسلفانيا على العقوبات,كرة القدم في ولاية بنسلفانيا تعرضت لعقوبات من الـ NCAA,0.48
يجب على إسرائيل إطلاق سراح أو محاكمة الفلسطيني الذي يضرب عن الطعام لفترة طويلة,وزير إسرائيلي يريد الإطاحة بالزعيم الفلسطيني,0.1
تقرير الأمم المتحدة يقول أن كلا الجانبين في سوريا يسيئون حقوقهم,قائد حلف شمال الأطلسي يقلل من خطر مواجهة تركيا وسوريا,0.2
الفتاة المتهمة بحرق القرآن تختبئ,الفتاة المتهمة بحرق القرآن أطلق سراحها بكفالة,0.64
فرنسا تحذر سوريا من استخدام الأسلحة الكيميائية,قلق الأمم المتحدة من احتمال وجود أسلحة كيميائية في سوريا,0.44
العواصف التي تهدد الحياة في الغرب الأوسط تخشى,عواصف 'مهددة للحياة' تخشى في الغرب الأوسط,0.88
"إضراب المعلمين في شيكاغو يقترب من النهاية مع اتفاق ""إطار""",الإضراب العام ينتهي: الهيستادروت والخزانة يتوصلون إلى اتفاق,0.16
رئيس إندونيسيا يزور المملكة المتحدة,الرئيس الإندونيسي يزور أستراليا,0.28
العاصفة تؤخر بدء المؤتمر الجمهوري,عاصفة تضرب فلوريدا وتؤجل مؤتمر الجمهوريين,0.88
على الأقل قتيلين من حلف شمال الأطلسي في تحطم طائرة هليكوبتر في أفغانستان: الجيش,مقتل 18 على الأقل في هجمات القنابل الأفغانية: مسؤولون,0.16
الرئيس (ميلز) يجب أن يستقيل,الرئيس جون إيفانز أتاميلز يجب أن يستقيل الآن - NPP ألمانيا,0.52
""" ميامي هيتس "" يفوز في نهائيات "" إن بي إيه """,""" ميامي هيتس "" يحصل على بطولة "" إن بي إيه """,1.0
اليابان تغلق آخر مفاعل نووي,اليابان تغلق محطة الطاقة النووية الأخيرة هذا الأسبوع,0.84
رايان إير في عرض جديد لشركة إير لينغوس,رئيس شركة رايان إير يرحب بنتائج التقرير,0.24
سلاح الجو الروسي يحتفل بالذكرى المئوية,الذكرى المئوية للقوات الجوية الروسية,0.88
6 جنود حلف شمال الأطلسي قتلوا في أفغانستان,قتل جندي حلف شمال الأطلسي في أفغانستان,0.44
ليس يوم الثلاثاء الخارق لـ (ميت رومني),(رومني) يتفوق على (سانتورم) في مسابقة الثلاثاء الجمهوري,0.32
بوتين يؤدي اليمين بينما النمو الروسي يتعثر,بوتين أقسم على رئاسة روسيا لمدة 6 سنوات,0.48
(أركول) ، (دايتشي) أوقفوا تجربة سرطان الرئة، شاركوا الخزان,"أسهم "" أركول "" تنخفض مع إيقاف دراسة سرطان الرئة",0.68
مراهق ووالده قُتلوا في حادث,ثلاثة قتلى في حادث الرعب سميت,0.32
زلزال بقوة 6.1 يضرب إندونيسيا,زلزال بقوة 6.1 يضرب بابوا، إندونيسيا -- USGS,0.84
مقتل أمريكيين أثناء دخول الاضطرابات الأفغانية اليوم الخامس,اثنان من الضباط الأمريكيين قتلوا بينما استمرت الاضطرابات الأفغانية,0.84
المسؤولون: رومني للحصول على حماية الخدمة السرية,أوباما يتحدث عن فضيحة الخدمة السرية,0.12
رئيس الوزراء الياباني يدعو إلى تسريع معالجة نفايات تسونامي,اليابان تحتفل بمرور عام على كارثة الزلزال وتسونامي,0.2
طيار مقاتل سوري يخطئ إلى الأردن,رئيس الوزراء السوري يخون الأردن,0.28
الجمهورية العربية السورية: الجمهورية العربية السورية: اللاجئون السوريون (اعتبارا من 28 يونيو 2012),الجمهورية العربية السورية: أكثر من 70 قتيلا في سوريا قبل عودة أنان,0.24
انتحاري يقتل 16 في أفغانستان,انتحاري يقتل 12 شخصاً في كنيسة في نيجيريا,0.24
"شركات الطيران تلغي تذاكر نشطاء ""فليتيلا"" لـ TA","شركة طيران بريطانية تلغي تذاكر ""فليتيلا"" بسبب اعتراضات إسرائيل",0.64
إسبانيا تطلب إنقاذ البنوك,محاكمة أسباني بتهمة مقتل معارض كوبي,0.04
المياه الغامضة في بحر الصين الجنوبي,السلام يكمن فوق بحر الصين الجنوبي,0.28
"""سريلانكا"" تسعى لإحياء مباراة يوم واحد ضد ""باكستان""",قتل صحفي بارز في باكستان,0.12
"""سبيس إكس"" تتصل بمحطة الفضاء الدولية: التالي، السفر العام؟","ترسانة "" سبيس إكس دراغون "" مع محطة الفضاء الدولية",0.76
"""مسيرة ملايين الدمى"" للدفاع عن دعم أوباما لـ PBS",خططت مسيرة المليون دمية للدفاع عن دعم الولايات المتحدة لـ PBS,0.8
المعارضة السورية في محادثات المصالحة,مجلس المعارضة السوري ينصب مبعوثاً في فرنسا,0.28
السينكس أسفل 193 نقطة على الميزانية الكئيبة,(رومني) لن يتطوع لخلافات الميزانية,0.2
فيسبوك يزيد حجم الاكتتاب العام بنسبة 25% لجمع 15 مليار دولار,فيسبوك يزيد حجم الاكتتاب العام بنسبة 25 في المئة,0.72
البرلمان الإيراني يستجوب أحمدي نجاد,البرلمان الإيراني يستجوب الرئيس أحمدي نجاد,0.8
هجوم انتحاري في اليمن يقتل 7 جنود: مسؤولون,تفجير سيارة انتحارية أفغانية يقتل سبعة على الأقل: مسؤولون,0.32
التصويت الرئاسي يقسم المصريين,المرشحون الرئاسيين الجمهوريين يتصادمون في سباقات الجنوب,0.16
ثلاثة جنود أمريكيين آخرين قتلوا في أفغانستان,قتل جندي حلف شمال الأطلسي في أفغانستان,0.36
الشرطة ترفع عدد القتلى في حادث الحافلة إلى ثمانية,موت (رودني كينغ) حُكم على أنه حادث,0.08
أربعة جنود أجانب قتلوا في شرق أفغانستان,قتل جنديين بريطانيين في هجوم داخلي أفغاني,0.16
قتل عامل في الصليب الأحمر في باكستان,طبيب الصليب الأحمر البريطاني الذي اختطف في باكستان عثر عليه مقطوع الرأس,0.72
أفغانستان، الحكومات الأمريكية توقيع اتفاق على الغارة الليلية المثيرة للجدل,الأفغان و الولايات المتحدة يوقعون على صفقة الغارات الليلية,0.76
حادث منجم في الصين يقتل 10 أشخاص,حادث شاحنة في الصين يقتل 20 شخصاً,0.32
(أستراليا) يمكن أن تتفوق على (إنجلترا) في (ويندي),رئيس الوزراء الأسترالي يتحدى تحت الضغط على القيادة,0.08
الاحتجاجات على حكم Pussy Riot,"حكم ""بوسي ريوت"" استقبل بالتحدي",0.68
الخدمة السرية ترى 'أكبر فضيحة' على العاهرات,"فضيحة الخدمة السرية الجنسية ""تندم""",0.44
الكويت: نشطاء يقتحمون السفارة السورية، إصابة اثنين,نشطاء يقتحمون السفارة السورية في الكويت,0.68
تفاصيل زيارة أونغ سان سو تشي إلى أيرلندا,ترحيب مبهر برحلة أونغ سان سو كي التاريخية,0.68
يقول (كي) أن زيارة (ماراي) فرصة ضائعة,(كي) يريد أن تبقى زيارة (وايتاني ماراي),0.44
النرويج تحتفل بذكرى المذبحة,النرويج تحتفل بالذكرى السنوية لمذبحة بريفيك,0.76
إمرأة قتلت بسبب سقوط حطام,عندما يتراجع حليف,0.0
"أسهم ""اوست"" ترتفع بنسبة 1% بعد خفض أسعار الفائدة",البنك الروسي يقدم تخفيضاً آخر للمعدلات,0.2
ألمانيا تحذر اليونان: لا مزيد من المال بدون إصلاحات,منطقة اليورو إلى اليونان: لا يوجد إنقاذ بدون إصلاحات,0.52
أوباما يلتقي بعائلات ضحايا إطلاق النار,أوباما يلتقي بضحايا سلاح باتمان,0.64
أوباما يتفوق على رومني على الرغم من بيانات الوظائف: استطلاع رويترز/إيبسوس,رومني يتفوق على أوباما: استطلاع رويترز/إيبسوس,0.2
قتيلين و 19 جريحاً في إطلاق نار في تورونتو,مقتل اثنان وإصابة سبعة في إطلاق نار في فنلندا,0.28
ما رآه خادم البابا  ⁇  مساعد اعتقل بسبب تسريبات الفاتيكان,اعتقل خادم البابا في فضيحة تسريبات الفاتيكان,0.68
المتظاهرون المناهضون لبوتين يشكلون سلسلة بشرية في موسكو,المتظاهرون المناهضون لبوتين يشكلون سلسلة بشرية,0.76
بيع أعمال الكونغرس في واشنطن بمبلغ 9.8 مليون دولار,نسخة جورج واشنطن من الدستور الأمريكي تباع بـ 9.8 مليون دولار,0.52
فريق ليكرز يطرد المدرب مايك براون بعد بداية 1-4,(ليكرز) طردوا (مايك براون) بعد بداية 1-4,0.88
"المسلمون الكنديون يصدرون فتوة ضد ""قتل الشرف""",الإمامون الأمريكيون والكنديون يصدرون فتاوى ضد جرائم الشرف,0.68
الأمم المتحدة تتبنى القرار السوري,الجمعية العامة للأمم المتحدة تصوت على قرار سوريا,0.72
"الجندي ""لا يتذكر"" المذبحة",جندي أمريكي لا يتذكر المذبحة,0.88
رئيس الوزراء الليبي يسمي مجلس الوزراء الجديد بعد الاحتجاجات على الأصلي,الجمعية الليبية ترفض مجلس الوزراء الجديد وتعزل رئيس الوزراء,0.24
أربعة جنود أجانب قتلوا في شرق أفغانستان,4 جنود فرنسيين قتلوا في أفغانستان,0.76
القوات السورية تهاجم المدينة المركزية,القوات السورية تقصف حمص وتحذر روسيا من الحرب الأهلية,0.5
باكستان: 20 قتيلاً في احتجاجات ضد الأفلام الإسلامية,إصابة 25 شخصًا في احتجاج ضد فيلم ضد الإسلام في إسلام أباد، باكستان,0.44
سبب وفاة (ويتني هيوستن) قد يستغرق أسابيع,المحققون يبحثون عن إجابات لموت ويتني هيوستن,0.36
كوريا الشمالية تحذر من الانتقام من تدريبات كوريا الجنوبية,حذر الشمال من الانتقام لخطة التدريب البحري لسيول,0.72
قصة مررتين: كيف فاز فريق (نيويورك جيانتس) بالجائزة الكبرى,أقل من شرين ينتصر في البطولة الكبرى,0.28
قتيل واحد في غارة إسرائيلية جديدة على غزة,مقتل اثنين في غارة إسرائيلية جديدة على غزة: أطباء,0.72
من المرجح أن تضغط ألمانيا على روسيا بشأن الأزمة السورية,ماذا تفكر روسيا في سوريا؟ دليل موجز,0.2
أربعة مصابين بجروح خطيرة في حادث على الطريق السريع M23,أربعة جرحى في حادث على الطريق السريع,0.72
مدير المساعدات التابعة للأمم المتحدة يدخل بابا عمرو مع الهلال الأحمر,"الصليب الأحمر يقول أن ""بابا عمرو"" المحاصرة في سوريا مهجورة",0.4
عشرات القتلى في أعمال الشغب النيجيرية,عشرات القتلى في اشتباكات كينية,0.2
ملامح المرشحين الرئيسيين للرئاسة في مصر,اليوم الثاني للانتخابات الرئاسية المصرية,0.24
الممثل (غازارا) مات في الـ 81,الممثل بن غازارا توفي في سن 81,0.88
السرعة الذهبية البريطانية تصمت الشكاوى على التكلفة,قتل جنديين بريطانيين في هجوم داخلي أفغاني,0.12
انهيار مدفون على الأقل 100 جندي باكستاني,انهيار مدفون أكثر من 100 جندي باكستاني,0.92
انخفض التضخم إلى أدنى مستوى في 15 شهرًا: ما يقوله المحللون,انخفض التضخم إلى أدنى مستوى في 15 شهرًا,0.92
"(كومن) لن يقلل من تمويل منظمة ""تخطيط الأسرة""",(سوزان جي كومن) تتحول بسبب تخفيض تمويل منظمة التخطيط للأسرة,0.6
الفوركس والذهب 25 أغسطس 2012,الفوركس والذهب 19 يوليو 2012,0.44
إيران تقول أن محادثات الأمم المتحدة النووية ستستمر,"إيران تقول أن المحادثات النووية مع الأمم المتحدة ""بناءة""",0.56
التجارة الزراعية: اكتشاف مرض جنون البقر في كاليفورنيا,وزارة الزراعة الأمريكية تؤكد حالة مرض جنون البقر في كاليفورنيا,0.84
بي بي تبيع بعض أصول خليج المكسيك بـ 5.55 مليار دولار,"""بي بي"" تبيع أصول خليج المكسيك لـ ""بلينز"" مقابل 5.55 مليار دولار",0.72
300 ضحية محتملة لـ (جيمي سافيل): الشرطة,المملكة المتحدة: 300 ضحية محتملة لسوء المعاملة,0.72
(أرمسترونغ) يتنحى عن (ليفسترونغ),أرمسترونغ يتراجع عن ليفسترونغ,0.92
ضربة طائرة بدون طيار أمريكية تقتل 5 متشددين في باكستان,هجمات الطائرات بدون طيار الأمريكية تقتل 16 مسلحاً مشتبهاً بهم في اليمن,0.36
الحكومة السورية لن توقف الهجمات,"المعارضة السورية تبلغ عن ""مجزرة""",0.2
الأسهم الصينية تغلق أعلى منتصف يوم الجمعة,الأسهم الصينية مرتفعة في منتصف يوم الجمعة,0.92
ميانمار: المعارضة تدعي فوز سو كي,الناخبون في ميانمار متفائلون مع ادعاء حزب سو كي بالفوز,0.64
تصنيف أوباما في استطلاعات الرأي ينخفض مع زيادة المنافسين الجمهوريين,فوز أوباما الهسباني الكبير يقلق الجمهوريين,0.2
جنديين أستراليين جرحا في أفغانستان,أربعة جنود أجانب قتلوا في شرق أفغانستان,0.24
زعيم المعارضة السورية الجديد يريد المساعدات بدون شروط,المعارضة السورية تتحد مع إطلاق إسرائيل طلقات تحذيرية,0.2
انفجار لغم في جنوب أفريقيا يقتل 30 شخصاً على الأقل,حادث قطار جنوب أفريقيا يقتل 26 شخصاً,0.16
القوات السورية تقصف حمص، روسيا تحذر من حرب أهلية,القوات السورية تقصف حمص، لافروف يصل للمحادثات,0.52
نتائج الانتخابات الرئاسية في مصر تأخرت,تأخير نتائج الانتخابات المصرية,0.84
انتهى الموعد النهائي دون فرض عقوبات جديدة على إيران,الاتحاد الأوروبي يقترب من عقوبات إيران الجديدة,0.32
القاتل الروسي المعتقل ينفي أي صلة بـ (باسي ريوت),عشرات المعتقلين في احتجاج على البرج التلفزيوني الروسي,0.16
النرويج: نصب تذكاري لـ 77 ضحية مذبحة,النرويج تحتفل بذكرى المذبحة,0.56
جنرال أمريكي في أفغانستان مرتبط بفضيحة بترايوس,جنرال أمريكي رفيع المرتبطة بفضيحة بترايوس,0.76
الأسهم الصينية تنخفض بعد خفض RRR - 14 مايو,الأسهم الصينية ترتفع في منتصف يوم الاثنين,0.4
"كوريا الشمالية تحرز تقدما ""كبيرا"" في المفاعل النووي - الوكالة الدولية للطاقة الذرية",كوريا الشمالية تتعهد بتوسيع الردع النووي,0.56
رئيس جزر المالديف يستقيل بعد تمرد الشرطة والاحتجاجات,رئيس جزر المالديف يستقيل بعد أسابيع من الاحتجاج,0.68
"ضربة حلف شمال الأطلسي ""تقتل المدنيين"" في أفغانستان",جنديين من حلف شمال الأطلسي قتلوا في أفغانستان,0.16
القاعدة تقول بأنها أسرت 70 جندياً يمنياً في معركة أبيان,اشتباكات القاعدة، انفجارات تقتل 35 جندياً في اليمن,0.28
طائرة البحرية تحطمت في شقق الولايات المتحدة، الطيارين طردوا,طائرة تابعة للبحرية الأمريكية تحطمت على مباني سكنية في فيرجينيا,0.68
الأسهم الصينية تفتح أعلى يوم الأربعاء,الأسهم الأمريكية تفتح أعلى على الرغم من انخفاض الناتج المحلي الإجمالي,0.16
الجيش الإسرائيلي ينشر القبة الحديدية في وسط إسرائيل,العواصف الثلجية الكبيرة تسقط على السهول المركزية,0.0
4 قتلى في هجوم طائرة أمريكية بدون طيار في باكستان,ضربة طائرة أمريكية بدون طيار تقتل 3 في باكستان,0.6
"مراهق أمريكي محتجز في شيكاغو في مؤامرة ""الجهاد"" لتفجير سيارة",شيكاغو المراهق اعتقل في شيكاغو سيارة مفخخة مؤامرة,0.68
"الشرطي ديفيد راتباند: أخو التوأم يخشى على ""أفضل صديق"" له",ديفيد ميليباند: أخي والعودة إلى حزب العمال القديم,0.04
القوات السورية تتحرك لاستعادة حلب,النظام السوري يسعى لاستعادة مدينة حلب,0.88
فريق من 20 عضواً برلماني و تجاري يغادرون إلى الهند,وزير التجارة سيأخذ إجازة,0.0
وول ستريت يفتح أقل,نهاية وول ستريت مختلطة,0.4
أسهم أوروبا ترتد مع رؤية المزيد من التحفيز الصيني,أسعار النفط ترتفع على أمل التحفيز,0.16
العقود الآجلة لمؤشر الأسهم تشير إلى بداية منخفضة,مؤشر الأسهم الآجلة إشارة الخسائر المبكرة,0.88
رجل متهم بعد إصابة النائب في الهجوم,رجل متهم بجريمة قتل في شقة,0.28
"نوكيا تعتذر عن الإعلان ""المزيف""",الولايات المتحدة تتنازل عن ركاب لمساعدة باكستان,0.0
ضربة طائرة بدون طيار أمريكية تقتل 5 متشددين في باكستان,ضربة طائرة بدون طيار تقتل أربعة متشددين مشتبه بهم في باكستان,0.6
المتمردون السوريون يغادرون حمص المحاصرة,المتمردون السوريون يتراجعون من حي حمص المحاصر,0.88
أمرت الولايات المتحدة موظفيها غير الأساسيين بمغادرة السودان وتونس,أمرت الولايات المتحدة موظفيها غير الأساسيين بمغادرة تونس والسودان,0.8
مبارك في مصر في موقف حرج,مبارك في مصر في حالة حرجة,0.92
يقول الأسد أن المرتزقة وراء الاضطرابات السورية,الأسد يتهم الولايات المتحدة بتأجيج الانتفاضة السورية,0.67
رئيس الوزراء الياباني يحل مجلس النواب للانتخابات,إيران والقوى العالمية مستعدة للمحادثات النووية,0.0
مقتل اثنين في غارة إسرائيلية جديدة على غزة: أطباء,خمسة قتلى في غارات على غزة، المسلحون يهاجمون إسرائيل,0.4
طائرة تابعة للبحرية تحطمت على مباني في فرجينيا وأصابت ستة,طائرة تابعة للبحرية تحطمت في شقق في (فيرجينيا) ، 9 جرحى,0.64
جندي من حلف شمال الأطلسي قتل في جنوب أفغانستان,قتل جندي بريطاني في جنوب أفغانستان,0.64
معدل البطالة في إسبانيا يصل إلى مستوى قياسي جديد,طلبات البطالة في إسبانيا تصل إلى مستوى جديد,0.84
تركيا تنقل طائراتها بالقرب من الحدود,تركيا تطلق طائراتها إلى الحدود السورية,0.72
وفاة شخصين في أعمال عنف في سوريا بعد وصول مراقبي الأمم المتحدة,إيقاف لمدة عامين من تعاطي المنشطات لكونتادور,0.0
مدني، منشق قتل في سوريا، تقول منظمة غير حكومية,مسلحون سوريون يقتلون ثلاثة ضباط سوريين: منظمة غير حكومية,0.2
تايوان هزها زلزال قوي,الصين هزها زلازل مزدوجة,0.24
(بول تاكر) من بنك إنجلترا ملوث بفوضى سعر الفائدة,نائب رئيس بنك إنجلترا ينفي أمر تزوير أسعار الفائدة,0.56
الصليب الأحمر يقول إنه يتفاوض على وقف القتال في سوريا لتلقي المساعدات,الصليب الأحمر يتفاوض على وقف إطلاق النار في سوريا لإيصال المساعدات,0.88
القوات السورية تطلق النار على المدنيين في الحافلة,القوات السورية والمتمردون يتصادمون قرب تركيا,0.16
البرلمان الألماني يدعم اتفاق إنقاذ اليونان بأغلبية ساحقة,البرلمان الألماني يؤيد خطة إنقاذ اليونان,0.88
التفجيرات والمواجهات مستمرة في سوريا,تفجيرات، اشتباكات بينما تسعى المعارضة السورية للحصول على أسلحة,0.68
إصلاحات بورما تجلب تخفيف العقوبات الأمريكية,الناشطون في بورما يقولون أن التراخي في تخفيف العقوبات,0.48
أوسين بولت يفوز بـ 200 متر رد فعل ستيفن هوارد,مكاسب فيسبوك على الهواتف المحمولة تحفز نمو الإيرادات: ردود الفعل,0.04
عشرات القتلى في هجوم على منتجع طالبان,الشرطة الهندية تسمي 3 إيرانيين في هجوم السفارة,0.08
قتال شديد في شرق سوريا قبل الانتخابات,قتال شديد في شرق سوريا - سكان,0.76
اليوان الصيني يتراجع إلى 6.3282 مقابل الدولار يوم الاثنين,اليوان الصيني يتراجع إلى 6.2697 مقابل الدولار يوم الخميس,0.56
سبعة قتلى في إطلاق نار مدرسة مسيحية,خمسة جرحى في إطلاق نار مدرسة في أوهايو,0.28
فرقة مكافحة الإرهاب في إندونيسيا قتلت اثنين من المشتبه بهم,الشرطة الإندونيسية تطلق النار على متشددين مشتبه بهم في بالي,0.64
الانتخابات الأمريكية: ميت رومني يعترف بالهزيمة بينما يفوز باراك أوباما بالولاية الثانية,رومني يعترف بالانتخاب لأوباما في مكالمة هاتفية,0.8
الأرمن يصوتون في الانتخابات البرلمانية,التصويت في البرلمان الأرمني اختبار للرئيس,0.64
ساشين تندولكار أقسم كسيناتور هندي,النائب ساشين تندولكار يقول لا لبنغال الحكومة,0.32
طائرة تابعة للقوات البحرية تحطمت في مبنى سكني,طائرة تابعة للبحرية الأمريكية تحطمت على مباني سكنية في فيرجينيا,0.72
(رومني) يفوز بشكل كبير في انتخابات (بورتوريكو) التمهيدية,(رومني) يفوز في الانتخابات التمهيدية في (إلينوي),0.3
ياهو! لتسمية ماير جوجل كمدير تنفيذي: تقرير,""" ياهو "" تعين "" ماير "" المدير التنفيذي لشركة "" جوجل """,0.84
الجندي الأمريكي المتهم بالمذبحة الأفغانية يستأجر محامياً بارزاً,جندي أمريكي متهم بقتل مدنيين أفغان تم التعرف عليه,0.4
زلزال بقوة 6.0 يضرب شمال إيطاليا: USGS,زلزال بقوة 5.9 في مضيق سوندا، إندونيسيا: USGS,0.32
الحكومة الأمريكية تعين رسميًا شبكة حقاني كإرهابيين,الولايات المتحدة تعين شبكة حقاني إرهابية,0.88
سباقات السيارات: الزر الأسرع في التدريب الأول للفورمولا واحد,باتون يتباهى بأفضل وقت بعد التدريب الأول,0.6
تم التصويت على رينجرز في القسم الثالث,رينجرز صوتوا في الدرجة الثالثة,0.96
رئيس بلدية نيوارك ينقذ جاره من الحريق,رئيس بلدية نيوارك ينقذ جاره من منزل يحترق,0.84
احتجاجات الفورمولا واحد في البحرين,يوم غضب في البحرين,0.45
بورصة نيويورك ستفتح يوم الأربعاء,البورصات تستعد للافتتاح,0.6
قذائف الهاون في حمص تقتل 105,هجوم حمص يقتل 200,0.52
المئات من الطلاب الشرف قتلوا في إطلاق نار أوهايو,مجموعة جنازة ضحية إطلاق النار في أوهايو,0.4
قنابل في جنوب تايلاند تقتل 5 وتجرح 50,قنابل في تايلاند تقتل 14 و تجرح 340,0.6
المشرعون الأمريكيون يتخذون الخطوة التالية في فرض عقوبات جديدة على إيران,المشرعون الصوماليون يصوتون لرئيس جديد,0.04
"باراك أوباما يعترف بأن الولايات المتحدة لديها ""أسلحة نووية أكثر مما نحتاجه""",المسلح الفرنسي يريد أن 'يموت بسلاح في يديه',0.08
إصابة صاروخين في منطقة (إشكول) بدون إصابات,10 صواريخ في 20 دقيقة في مجلس إقليم إشكول,0.36
"العمال المعاقون ""الخائنون"" يحتجون ضد إغلاق شركة ""Remploy""",احتجاجات ضد تخفيضات التقشف,0.12
المتمردون في جمهورية الكونغو الديمقراطية يقتلون حراس الحديقة,المتمردون يقتلون اثنين من حراس الحديقة في شرق الكونغو,0.8
تسعة جنود باكستانيين قتلوا في كمين للمتشددين,التجارة: باكستان والهند تتفقان على اتخاذ خطوة للأمام,0.16
74 قتيلاً في مصر بسبب العنف في كرة القدم,73 قتيلاً على الأقل في غزو ملعب كرة القدم المصري,0.64
الاضطرابات في نيجيريا المتوترة تترك 95 قتيلاً على الأقل,زلازل جنوب غرب الصين تقتل 50 على الأقل,0.04
الإعصار ساندي يضرب جنوب شرق جامايكا: NHC,الإعصار ساندي يصل إلى جامايكا,0.6
ملاحظات مع رئيس الوزراء الكيب بعد اجتماعهم,تصريحات مع وزير الخارجية كويشيرو غيمبا,0.3
باريك في محادثات مع شركة صينية حول الأصول الأفريقية,مساعد أوباما يجري محادثات في الصين بعد الفيتو السوري,0.24
"استخدم مهاجمو المول استراتيجية ""الأقل هو أكثر""","في كينيا، استخدم المهاجمون استراتيجية ""الأقل هو أكثر""",0.6
الأرباح الضعيفة تسحب الأسهم إلى الأسفل,الأرباح الضعيفة تسحب الأسهم إلى الأسفل في وول ستريت,0.76
زلزال بقوة 6.8 ضرب جزر سليمان,زلزال بقوة 6.3 ضرب جزر سليمان: USGS,0.64
تسرب الأمونيا السائل يقتل 15 في شنغهاي,تسرب الأمونيا السائل يقتل 15 على الأقل في شنغهاي,0.92
أصدقاء سوريا يعترفون بتحالف المعارضة كممثل شرعي للشعب السوري,الولايات المتحدة وأصدقاء سوريا يعترفون بالمعارضة كممثل وحيد,0.8
(وينر) يبقى في سباق رئاسة البلدية وسط فضيحة إرسال رسائل جنسية جديدة,(وينر) يتجاهل أحدث فضيحة جنسية على الإنترنت,0.6
ارتفاع عدد القتلى في حادث تحطم الطائرة الروسية,ارتفع عدد القتلى إلى 39 في حادث الحافلة في إيطاليا,0.0
الإعلام الهندي: قمة الكومنولث,رئيس الوزراء الهندي يتجاهل قمة الكومنولث,0.56
رئيس الشرطة العسكرية السورية يخون المعارضة,رئيس الشرطة العسكرية السورية يخون المتمردين,1.0
"""بوينغ 787 دريملاينر"" تحترق؛ الأسهم تتعرض للضرب",أسهم شركة بوينغ تتداعى بعد حريق طائرة 787 دريملاينر,0.92
(إيفيت كوبر) تدعم مشروع قانون زواج المثليين,البيت الأبيض يدعم زواج المثليين,0.52
خمسة قتلى في حادث قطار بلجيكي,مراهقون بين القتلى الخمسة في حادث الحافلة البلجيكية,0.76
مسلحون يختطفون سبعة عمال أجانب في نيجيريا,اختطاف سبعة عمال أجانب في نيجيريا,0.68
'اغتصاب جماعي' لسياحة سويسرية في الهند,سياحة سويسرية تعرضت للاغتصاب الجماعي في الهند,1.0
فلسطينيون يتصادمون مع القوات الإسرائيلية في الضفة الغربية، القدس,اشتباك فلسطينيين مع قوات الأمن في الضفة الغربية,0.84
طائرات إسرائيلية تضرب داخل سوريا,إسرائيل تشن غارة جوية على سوريا,0.92
الإيرانيون يصوتون في الانتخابات الرئاسية,كيتة يفوز في الانتخابات الرئاسية في مالي,0.08
100 قتيلاً في اشتباكات قبلية جديدة في دارفور,'9 قتلى' في اشتباك عشائري في دارفور الجديدة,0.56
احتجاج ضد الغارات الأمريكية في باكستان مؤجل,6 قتلى في هجوم طائرة أمريكية بدون طيار في شمال غرب باكستان,0.28
12 قُتلوا في حادث حافلة في باكستان,10 قتلى في حادث مرور في شمال غرب باكستان,0.64
كارني يضع شريطا عاليا للتغيير في بنك إنجلترا,(كارني) يضع معايير عالية للتغييرات في بنك إنجلترا,1.0
اعتقال 8 أشخاص بعد انهيار مبنى في بنغلاديش,أربعة اعتقلوا مع ارتفاع عدد المباني في بنغلاديش إلى 352,0.48
انتحاري يقتل 3 في قاعدة أمريكية في أفغانستان,انتحاريون يهاجمون قاعدة أمريكية في أفغانستان,0.56
الأفغان يتدفقون إلى الجامعات، حتى مع ظهور حركة طالبان,حاكم مقاطعة أفغانستاني يتخلى عن طالبان,0.12
كوريا الشمالية تؤجل اجتماعات الأسرة مع كوريا الجنوبية,"كوريا الشمالية ""تؤجل"" اتحاد الأسرة مع كوريا الجنوبية",1.0
إيرادات أبل تفتقد مرة أخرى، آيفون يخيب الأمل,وكالة التجارة الأمريكية تحكم لصالح سامسونج وتحظر استيراد آيفون 4,0.12
مسلحون يقتلون 10 سياح أجانب في شمال باكستان,مسلحون يقتلون 11 من المتسلقين الأجانب في باكستان,0.68
ديفيد بيكهام يعلن عن تقاعده من كرة القدم,ديفيد بيكهام يتقاعد من كرة القدم,0.88
(مات سميث) سيغادر (دكتور هو) بعد 4 سنوات,مات سميث يترك برنامج دكتور هوو,0.8
أجيال منقسمة حول زواج المثليين,نهاية قمة مجموعة العشرين منقسمة حول سوريا,0.0
23 قُتلوا في تفجيرات السيارات في العراق,10 قتلى في تفجير في العراق,0.32
رجل يحرق نفسه في المجمع الوطني يموت من إصاباته,رجل 'حرق نفسه' في المجمع الوطني يموت,1.0
هجمات طالبان تقتل 17 مدنياً في أفغانستان,سلسلة من الهجمات تقتل 10 رجال شرطة في أفغانستان,0.28
وزير مصري نجا من محاولة اغتيال,رئيس الوزراء السوري ينجو من محاولة اغتيال,0.32
السيدة الأولى السابقة باربرا بوش تغادر مستشفى تكساس,السيدة الأولى السابقة باربرا بوش تغادر المستشفى,0.92
شوماخر في غيبوبة بعد حادث التزلج,مايكل شوماخر لا يزال في غيبوبة يقاتل من أجل حياته بعد حادث التزلج,0.8
11 قُتلوا في هجوم على مركز شرطة صيني,11 قتيلاً في هجوم على مركز شرطة في الصين,1.0
(برادلي كوبر) و (جي جي أبرامز) يتحدثان عن تصوير فيلم عن حياة (لانس أرمسترونغ),(برادلي كوبر) في محادثات للعب دور (لانس أرمسترونغ) في فيلم عن حياته,0.8
تحطم طائرة بوينج في روسيا، 50 قتيلا,تحطم طائرة بوينج في مدينة كازان الروسية، 50 قتيلا,0.76
"وزراء الاتحاد الأوروبي ""عازمون"" على حل فضيحة لحوم الخيل",وزراء الاتحاد الأوروبي يعقدون محادثات أزمة حول فضيحة لحوم الخيل,0.88
حزب المعارضة التايلاندي يقاطع الانتخابات العامة,المعارضة التايلاندية تعلن مقاطعة الانتخابات,0.96
سقوط مبنى في بنغلاديش يزيد عدد القتلى إلى 540: الجيش,انهيار مبنى في بنغلاديش يزيد عدد القتلى عن 1000,0.52
(ججان ردي) نقل إلى المستشفى، أزمة الكهرباء مستمرة في (سيمندرا),تلنجانا: ججان سيقضي يوم الخميس في المستشفى؛ استمر إغلاق الكهرباء في سيماندرا,0.84
رئيس جمهورية أفريقيا الوسطى أطاح به المتمردون,رئيس جمهورية أفريقيا الوسطى، رئيس الوزراء يستقيل,0.52
تعادل البرازيل 2-2 أمام إنجلترا في إعادة فتح الماراكانا,البرازيل تُسيطر عليها إنجلترا 2-2 بينما يُعيد فتح ماراكانا,1.0
"حرائق كاليفورنيا: 1,900 على الخطوط بينما يعمل رجال الإطفاء على الحد من الأضرار (+فيديو)",حرائق كاليفورنيا تنمو لكن المسؤولين يقولون أن فرق الإطفاء تحرز تقدماً,0.76
جورج دبليو بوش يحذر من الجدل المرير حول الهجرة,جورج دبليو بوش يتدخل في نقاش الهجرة,0.6
مانديلا في المستشفى يستجيب للعلاج,مانديلا في المستشفى بعد أن توقف عن الكلام,0.68
روسيا تدين تجربة كوريا الشمالية النووية,كوريا الجنوبية تؤكد أن كوريا الشمالية أجرت تجربة نووية ثالثة مثيرة للجدل,0.24
المئات من عمال مصنع الملابس في بنغلاديش مرضوا,المئات يمرضون في مصنع بنغلاديش,0.88
تفجير انتحاري في اليمن يقتل جنودا,انتحارية تقتل 16 في محطة روسية,0.4
18 محاصرين في انفجار منجم الفحم الروسي,عشرة قتلى في انفجار منجم للفحم في روسيا,0.56
المتظاهرون التايلانديون اقتحموا مقر الجيش,المتظاهرون التايلانديون يقتحمون مقر الجيش,0.92
إسرائيل تنفذ ضربة جوية على سوريا,إسرائيل تطلق ضربة جوية جديدة ضد سوريا,0.88
الشرطة تطلق الغاز المسيل للدموع لتفريق المتظاهرين في تونس,الشرطة تطلق الغاز المسيل للدموع على المتظاهرين في القاهرة,0.44
المعارضة الرئيسية في مصر ترفض دعوة الرئيس للحوار,المعارضة المصرية تفكر في استجابة دعوة مرسي للحوار,0.76
طوكيو تستضيف الألعاب الأولمبية لعام 2020,المصارعة في دورة الألعاب الأولمبية في طوكيو 2020,0.28
البدء في الإسكان يرتفع بنسبة 6.8% في مايو,قد يبدأ الإسكان بنسبة 6.8%,0.92
كاسترو الكوبي يتولى رئاسة اللجنة,كاسترو الكوبي يتولى رئاسة اللجنة,1.0
زلزال بقوة 6.9 ضرب نيوزيلندا,زلزال بقوة 5.6 يهز إيران,0.04
العشرات يخشون أن يكونوا محاصرين في انهيار مبنى في الهند,عمال الإنقاذ يسعون للعثور على 20 شخصًا ما زالوا محاصرين في انهيار مبنى في الهند,0.6
مؤتمر صحفي يومي: جنوب السودان,مؤتمر صحفي يومي: سوريا,0.24
إسلاميون يهاجمون مدينة شمال مالي بعد تفجيرات انتحارية,إسلاميون يهاجمون قوات مالي في غاو,0.64
بريطانيا تعتزم ترحيل أبو قتادة,بريطانيا تخسر محاولة ترحيل رجل الدين الراديكالي أبو قتادة,0.44
البرلمان الفرنسي يدعم إصلاح قانون الدعارة,البرلمان الروسي ينظر في حظر التبني الأمريكي,0.16
طلقات نارية وانفجارات مسموعة بينما يواصل التايلانديون الاحتجاج في بانكوك,طلقات نارية وانفجارات تثير الاحتجاجات التايلاندية قبل يوم الانتخابات,0.52
الجيش الإسرائيلي يركز على الحدود الشمالية,الجيش المصري سيطر على جماعة الإخوان المسلمين,0.32
كوريا الشمالية تمنع الوصول إلى كايسونغ,كوريا الشمالية تتعهد بإعادة تشغيل منشآتها النووية,0.2
حُكم على مانينج بالسجن 35 سنة,أرييل كاسترو حكم عليه بالسجن 1000 سنة,0.08
مجلس الشيوخ الأمريكي يوافق على صفقة الهاوية المالية,"""إنه رسمياً، تم التوصل إلى اتفاق بشأن الهاوية المالية""",0.68
تم إيقاف (زيمرمان) بسبب تجاوز السرعة في (تكساس) وأطلق سراحه بتحذير,تم إيقاف (زيمرمان) في (تكساس) بتهمة تجاوز السرعة,1.0
الرئيس الإيراني يحذر من حركة طالبان في سوريا,روسيا والصين قلقة من الضربات الجوية الإسرائيلية في سوريا,0.28
سوريا تنفي تقارير عن هجوم دمشق القاتل بالغاز العصبي,حلفاء الولايات المتحدة يحصلون على مساعدة في صد هجمات الكمبيوتر الإيرانية,0.0
أسهم الصين تغلق أعلى بعد الاجتماع الاقتصادي,أسهم الصين إغلاق أعلى يوم الأربعاء,0.68
روسيا تكشف عن ربط نفطي بقيمة 30 مليار دولار إلى المحيط الهادئ,روسيا تكشف عن وصلة نفطية بقيمة 25 مليار دولار إلى المحيط الهادئ,0.68
الشرطة قتلت المسلح ووجدت 3 جثث أخرى في منزل كولورادو,أربعة قتلى بعد مواجهة الشرطة مع مسلح محاصر في منزل أمريكي,0.4
دولس وغابانا أدينوا بالتهرب الضريبي,دولس وغابانا تعرضوا لغرامة في قضية ضريبية إيطالية,0.6
زلزال بقوة 7.2 في باكستان,زلزال بقوة 7.7 ضرب جنوب غرب باكستان,0.76
الكويكب يمر بين الأرض والأقمار الصناعية,كويكب يمر بالقرب من الأرض,0.88
معركة مدينة مالي تعكس تكتيكات الإسلاميين,الاتحاد الأوروبي يدرب جيش مالي على محاربة المتشددين الإسلاميين الشماليين,0.4
اثنين من المتعقبين سانتا تتنافس هذا عيد الميلاد,إسبانيا تعيد عقارب الساعة للوراء,0.0
سفن تنقل الأسلحة الكيميائية السورية,سوريا تحميل الأسلحة الكيميائية في القنابل، في انتظار أمر الأسد,0.52
مقتل 2 وجرح 11 في هجمات في العراق,15 قتيلاً و 90 جريحاً في هجمات جديدة في العراق,0.44
هل يمكن للولايات المتحدة أن تثق بأن سوريا ستسلم الأسلحة الكيميائية؟,الولايات المتحدة تقول أن سوريا ربما استخدمت غاز السارين في الأسلحة الكيميائية,0.2
المغنية المكسيكية جيني ريفيرا ماتت في حادث تحطم طائرة,(جيني ريفيرا) ، نجمة الموسيقى المكسيكية، ماتت في حادث تحطم طائرة,0.68
محكمة بنغلاديش تحكم على أول نائب بالموت بتهمة ارتكاب جرائم حرب,رئيس الوزراء البريطاني يضغط على سريلانكا بشأن جرائم الحرب,0.36
موغابي يعلن الفائز في الانتخابات المتنازع عليها,زيمبابوي: موغابي يفوز في تصويت مثير للجدل,0.8
ارتفع عدد القتلى إلى 15 في غرق قارب إندونيسي,اندونيسيا: ارتفع عدد القتلى إلى 11 في غرق قارب في اندونيسيا,0.72
محكمة مصرية تحظر جماعة الإخوان المسلمين,"محكمة مصر تحظر ""أنشطة"" الإخوان المسلمين",0.76
روحاني متقدم في الانتخابات الرئاسية الإيرانية - نتائج أولية,روحاني يتقدم في الإحصاء الأولي لإيران,0.84
الشرطة تعرضت للهجوم في احتجاجات بلفاست,السياسيون في محادثات عن عنف العلم,0.12
"كوريا الجنوبية تقترح إجراء محادثات "" نهائية "" مع كوريا الشمالية حول كايسونغ",كوريا الشمالية تقترح محادثات رفيعة المستوى مع الولايات المتحدة,0.2
"ضحية الاغتصاب الجماعي في الهند ""تناضل ضد الاحتمالات""",ضحية الاغتصاب الهندية توفيت في مستشفى سنغافورة,0.36
مسلحون قتلوا 9 سياح أجانب وواحد باكستاني,مسلحون يقتلون 11 سائحاً أجنبياً في باكستان,0.56
بيان المتحدثة باسم الممثلة السامية كاثرين آشتون بشأن أحدث سلسلة من الهجمات في العراق,بيان المتحدثة باسم الممثلة العليا للاتحاد الأوروبي كاثرين اشتون بشأن استئناف عمليات الإعدام في العراق,0.64
مصر تعزز الأمن قبل احتجاجات مؤيدة لمرسي,مصر تستعد للاحتجاجات الضخمة,0.6
يحث ياكيموفيتش مجلس الوزراء على الموافقة على إطلاق سراح السجناء الفلسطينيين,إسرائيل توافق على الإفراج عن 104 سجناء فلسطينيين,0.4
فلسطينيون يبنون خيمة احتجاج أخرى في الضفة الغربية,أول تصويت للفلسطينيين في الأمم المتحدة رمزي و تاريخي,0.08
سقوط مبنى في بنغلاديش يزيد عدد القتلى إلى 362,ارتفع عدد القتلى في انهيار مبنى في بنغلاديش إلى 580,0.72
استدعاء المبعوثين الإسرائيليين حول خطط الاستيطان,بريطانيا تستدعي المبعوث الإسرائيلي حول المستوطنات,0.5
إثنان قتلى و إثنان جرحى في إطلاق نار في مدرسة نيفادا,نيفادا: قتيلين وجرحان في إطلاق نار في مدرسة متوسطة,1.0
حظر مدارس الجنس المختلطة لحماس يدخل حيز التنفيذ,"حماس في ""حظر"" المدارس المختلطة",0.84
تم إلقاء القبض على رجل بعد إطلاق النار على ضابط شرطة في ليدز,لجنة البحرية تحث على الإطاحة بالضباط الذين زيّفوا الموت,0.08
رئيس الوزراء الأوكراني يستقيل وسط الاحتجاجات,رئيس الوزراء التركي يشير إلى العودة إلى الخط المتشدد ضد المتظاهرين,0.12
أوباما يعيد التركيز على الاقتصاد في تقرير حالة الاتحاد,Factbox: ما الذي يجب البحث عنه في خطاب أوباما عن حالة الاتحاد,0.44
جوجل تطلق بالونات لنشر الإنترنت,جوجل تلعب لعبة الضرائب الدولية,0.2
العراق يدعم مصر في حملة ضد مؤيدي مرسي,العراق يدعم حملة مصر على أنصار محمد مرسي,0.96
روسيا تعطي موافقة أولية لحظر التبني الأمريكي,روسيا تعطي الموافقة الأولية لحظر التبني,0.76
خمسة أدانوا في قضية الاتجار بالأعضاء في كوسوفو,كوسوفو: 3 يحصلون على عقوبة السجن في قضية الاتجار بالأعضاء,0.56
(هيريك روشان) وزوجته (سوزان) ينفصلان,(هيثيك روشان) و (سوزان) سيتطلقان,0.88
مسلح بين 7 قتلى بعد إطلاق النار في شقة فلوريدا,المسلح من بين سبعة قتلى بعد إطلاق النار في شقة في فلوريدا,1.0
أوباما يشيد بالتقدم في حقوق المثليين في خطاب تنصيبه,آلاف يحتجون على زواج المثليين في فرنسا,0.2
موجة من التفجيرات تقتل 15 في العراق,سيارة مفخخة تقتل 49 شخصاً على الأقل في العراق,0.44
في خطوة صدمة، أوباما يضع ضربة سوريا على الانتظار,أوباما يعلق الهجوم على سوريا,0.92
إسرائيل تهاجم سوريا مع تصاعد التوترات حول الأسلحة,ضربات جوية جرحت مدنيين في درعا السورية,0.36
مسلحون يقتلون تسعة أشخاص في شمال غرب باكستان,متشددون يقتلون 6 جنود في شمال غرب باكستان,0.52
تحطم طائرة سان فرانسيسكو في لمحة,قتيلين و 181 جريحا في حادث تحطم طائرة في سان فرانسيسكو,0.24
اعتقال 8 أشخاص بعد انهيار مبنى في بنغلاديش,احتجاج العمال بعد انهيار مبنى في بنغلاديش,0.44
ركاب رحلة بحرية في عيد الميلاد أصيبوا بفيروس نوروفيروس,مسافر الرحلة المفقود هو سيارة إسعاف نيو ويلز,0.0
المعلومات الجديدة التي تم تمريرها للشرطة المتعلقة بموت الأميرة (ديانا) و (دودي فايد) يُعتقد أنها تتضمن مزاعم بقتلهما,معلومات وفاة الأميرة (ديانا) و (فايد) تلقينا جديدة وفاة الأميرة (ديانا) و (دودي الفايد) تتم دراستها من جديد من قبل الشرطة بعد أن تلقينا معلومات,0.7
طلب سنودن البقاء في روسيا,سنودن يصدر أول فيديو لروسيا,0.28
أسهم الصين تغلق بانخفاض يوم الأربعاء,أسهم الصين تغلق أعلى يوم الجمعة,0.44
عدوى في المعدة ستجعل نادال المريض يفوت بطولة أستراليا المفتوحة,رافا نادال سيغيب عن بطولة استراليا المفتوحة,0.68
نريندرا مودي يتعهد بالوقوف بقوة ضد باكستان,مودي يعد بموقف صارم ضد باكستان,0.96
محكمة مصرية تنظر في إطلاق سراح مبارك,محكمة مصر تأمر بإطلاق سراح مبارك,0.68
فتيان الكشافة يؤجلون قرار قبول المثليين,الكشافة الأمريكية تؤجل التصويت على رفع حظر المثليين,1.0
تفجيرات سيارة مفخخة تقتل ثمانية في جنوب العراق,تفجير سيارة يقتل 14 في شمال العراق,0.28
(فان دير سلوت) سيتزوج في السجن,(جوران فان دير سلوتس) يخطط للزواج في سجن (بيرو),0.8
أسهم طوكيو تغلق بانخفاض 0.26,أسهم طوكيو تغلق 1.53%,0.6
إغلاق العقود الآجلة لمؤشر الأسهم الصيني مرتفعة -- 4 ديسمبر,إغلاق مؤشر الأسهم الصينية الآجلة أقل -- 24 يناير,0.44
صور اليوم: 7 أغسطس 2013,صور اليوم: 11 أبريل 2013,0.56
"فلسطينيون ""تعرضوا"" لإطلاق نار إسرائيلي في غزة",مقتل فلسطينيين في غارة جوية إسرائيلية على غزة,0.56
(جيسي جاكسون جونيور) وزوجته أقرّا بالذنب في الاحتيال,زوجة جيسي جاكسون الابن تعترف بالذنب في الاحتيال,0.92
الولايات المتحدة تطرد دبلوماسيين فنزويليين,الولايات المتحدة تطرد دبلوماسيين فنزويليين,0.88
(هول) المخضرم في (بي بي سي) يعترف بالاعتداء الجنسي على الأطفال,ستيوارت هول يعترف بالاعتداءات الجنسية على الأطفال,0.68
سبعة قتلى وثلاثة جرحى في حادث طريق في جنوب الصين,20 قتيلاً و 44 جريحاً في حادث سير في الفلبين,0.12
رايان إير يعلن عن أرباح قياسية لكنه يحذر من أن النمو قد يتباطأ هذا العام,ستانستيد: رايان إير يبلغ عن زيادة 13٪ في الأرباح السنوية ولكن يحذر من تباطؤ النمو هذا العام,0.68
الأسهم التي يجب مراقبتها عند الإغلاق يوم الإثنين,الأسهم التي يجب مراقبتها عند الإغلاق يوم الخميس,0.6
الذكرى الخمسين لموت جون كينيدي,في الذكرى الخمسين لوفاة جون كينيدي، عقدت دالاس أول ذكرى لها,0.8
زلزال بقوة 6.3 ضرب تايوان,زلزال بقوة 7.7 ضرب جنوب غرب باكستان,0.24
كتب لمساعدة الأطفال على التحدث عن ماراثون بوسطن الأخبار,تقرير عن انفجارين على خط النهاية في ماراثون بوسطن,0.16
قطاع التكنولوجيا يزداد حرارة: جوجل و آي بي إم تسجل أرباح قوية,أسهم جوجل تتجاوز 1000 دولار بسبب الأرباح القوية,0.52
ملفات تعريف المرشحين الرئاسيين في كينيا,الصحفية الإيطالية تم اختيارها كمرشحة رئاسية,0.2
إسرائيل تحرر سجناء فلسطينيين,اللجنة الحكومية توافق على إطلاق سراح 26 سجينا فلسطينيا,0.68
انهيار مبنى في فيلادلفيا، 8-10 أشخاص قد يكونون محاصرين,انهيار مبنى في فيلادلفيا؛ تقارير عن الناس المحاصرين,0.8
أوباما يلتقي بعائلة مانديلا,أوباما يلتقي بزوما ويحيي مانديلا,0.6
مجلس الشيوخ الأمريكي يبدأ مناقشة مراقبة الأسلحة,مجلس الشيوخ الأمريكي مستعد للتصويت على مشروع قانون السيطرة على الأسلحة,0.68
تفجير سيارة يقتل 53 شخصاً في دمشق,تفجيرات السيارات تقتل 13 مدنياً في العاصمة العراقية,0.28
"""أصدقاء سوريا"" في الدوحة يتحدثون عن تسليح المتمردين",المحادثات السورية تتفق على المساعدات العسكرية للمتمردين,0.52
سوريا تدين الضربات الجوية الإسرائيلية,سلسلة من الهجمات المميتة تضرب العراق,0.4
قائد مصر يفرض حالة الطوارئ في 3 مدن,الرئيس المصري يعلن حالة الطوارئ في ثلاث مدن,1.0
متظاهرون من حزب (ABVP) يتصادمون مع الشرطة في (جانتر مانتر) ويرمون الحجارة,المتظاهرون يشتبكون مع الشرطة في جانتار منتار، 5 أشخاص محتجزون,0.56
رئيس الوزراء التركي يحث على إنهاء الاحتجاجات في اسطنبول,الشرطة التركية تطلق الغاز المسيل للدموع على المتظاهرين في اسطنبول,0.56
رجلين متهمين بجرائم إرهابية,النيجيري المولود في السعودية متهم بالإرهاب في نيويورك,0.36
الاتحاد الأوروبي يحصل على جائزة نوبل للسلام,يحصل الاتحاد الأوروبي على جائزة نوبل للسلام لعام 2012,0.72
تم تأخير بداية مهرجان سان فيرمين لسباق الثيران لفترة وجيزة بسبب عرقلة الرؤية بسبب علم الباسك,يبدأ مهرجان سان فيرمين للركض مع الثيران,0.52
ما يصل إلى 21، معظمهم من الأجانب، قتلوا في هجوم انتحاري في كابول,بريطاني من بين القتلى في هجوم انتحاري في كابول,0.56
ضابط شرطة لوس أنجلوس السابق مطلوب في جرائم قتل إرفين,ضابط وكالة المخابرات المركزية السابق حكم عليه بالسجن 30 شهراً بتهمة تسريب المعلومات,0.0
أسهم طوكيو تغلق 0.88% منخفضة,أسهم سنغافورة تغلق بانخفاض 0.44 بالمئة,0.16
"محكمة باكستانية تطالب بإجابات عن ""التجديف""",تقرير الباكستان والأمم المتحدة يكشف عن مستويات مثيرة للقلق من تعاطي المخدرات,0.12
شركة (ماكافي) التابعة لشركة (إنتل) تشتري شركة (ستون سوفت) المتخصصة في الجدران النارية القائمة على السحابة مقابل 389 مليون دولار نقداً,"""ماكافي"" تستحوذ على ""ستون سوفت"" مقابل 389 مليون دولار",0.76
زلزال بقوة 4.1 ضرب الولايات المتحدة,زلزال بقوة 7.2 ضرب الفلبين,0.2
حكم بالإعدام على زعيم المعارضة في بنغلاديش بتهمة ارتكاب جرائم حرب,بنغلاديش: محكمة جرائم الحرب تحكم على هارب بالإعدام,0.72
قاتل الشرطي المزعوم مات من رصاصة في الرأس,القاتل الشرطي المزعوم مات من طلق ناري,0.84
سيارة مفخخة في القنصلية السويدية في بنغازي في ليبيا، لا إصابات,سيارة مفخخة تصطدم بالقنصلية السويدية في بنغازي، لم يصب أحد,0.96
اعتقل مشرف في قضية مسجد لال,اعتقل مشرف في باكستان,0.6
"إيران تأمل أن تسفر المحادثات النووية عن ""خريطة طريق""",المحادثات النووية الإيرانية في جنيف تثير آمال كبيرة,0.88
35 متشدداً قتلوا في غارات أفغانية: مسؤول,12 متشددا قتلوا في غارات أفغانية: الوزارة,0.56
كوريا الشمالية أطلقت صواريخ قصيرة المدى,كوريا الشمالية تطلق صواريخ قصيرة المدى,0.8
المتظاهرون التايلانديون يعرقلون التصويت؛ 1 قُتل في أعمال عنف,المتظاهرون التايلانديون يغلقون مراكز الاقتراع في بانكوك,0.56
الرئيس الفنزويلي هوغو شافيز يموت من السرطان,هوغو شافيز: مسؤولون فنزويليون من أجل الوحدة,0.36
التجربة الثالثة لكوريا الشمالية تقربها من وضع القوة النووية,يقول حلف شمال الأطلسي أن التجربة النووية لكوريا الشمالية تهديد خطير للسلام العالمي,0.44
كوريا الشمالية تجري تجربة نووية ثالثة,كوريا الشمالية تؤكد تجربتها النووية الثالثة,0.92
الأسهم الهندية مفتوحة,الأسهم الهندية مفتوحة أقل,0.72
إيرادات المقامرة في ماكاو تصل إلى 38 مليار دولار في 2012,إيرادات القمار في ماكاو تصل إلى 38 مليار دولار في 2012,1.0
الإسرائيليون والفلسطينيون يستأنفون المحادثات في الولايات المتحدة,الإسرائيليون والفلسطينيون يبدأون المحادثات,0.76
حفل تأبين نيلسون مانديلا,وفاة نيلسون مانديلا: تغطية حية,0.48
مقاطعة (إن إم) تستعد لسماع دعوى زواج المثليين,بعض مسؤولي المقاطعة يمهدون الطريق للزواج من نفس الجنس,0.76
أربعة من أفراد طاقم طائرة هليكوبتر تابعة للقوات الجوية الأمريكية قُتلوا في تحطم في المملكة المتحدة,طاقم طائرة هليكوبتر تابعة للقوات الجوية الأمريكية قتل في تحطم طائرة بريطانية,0.8
طوكيو تستضيف الألعاب الأولمبية لعام 2020,طوكيو تفوز بسباق استضافة دورة الألعاب الأولمبية لعام 2020,0.84
ماليزيا تعتقل السيناتور الأسترالي في المطار,ماليزيا تعتقل نائب أسترالي في المطار,0.8
كوريا الجنوبية تقول أن الشمال أطلق صواريخ,كوريا الشمالية تطلق صواريخ قصيرة المدى,0.44
بريطانيا تغلق مصانعها مع وصول فضيحة لحوم الخيل إلى فرنسا,"وزراء الاتحاد الأوروبي ""عازمون"" على حل فضيحة لحوم الخيل",0.6
الولايات المتحدة تحذر سوريا من الأسلحة الكيميائية,قلق الولايات المتحدة يزداد بشأن الأسلحة الكيميائية السورية,0.64
37 قُتلوا في حادث حافلة في إيطاليا,12 قُتلوا في حادث حافلة في باكستان,0.24
اليوان الصيني يرتفع إلى 6.2689 مقابل الدولار الأمريكي,اليوان الصيني يتراجع إلى 6.2816 مقابل الدولار الأمريكي,0.6
الولايات المتحدة تعترف بالمعارضة السورية,روسيا تدعو المعارضة السورية للمحادثات,0.4
مصر تصوت على دستور جديد,المصريون يصوتون على دستور جديد,0.96
أسطورة بريستون وإنجلترا توم فيني يموت في 91,توم فينى العظيم السابق فى إنجلترا مات فى سن 91,0.88
سيارة مفخخة تقتل واحد وتجرح خمسة في بنغازي,سيارة مفخخة تضرب وزارة الخارجية الليبية في بنغازي,0.6
قنابل على جانب الطريق تقتل 5 في أفغانستان,قنبلة على جانب الطريق تقتل 3 رجال شرطة في أفغانستان,0.68
التاميل في سريلانكا يصوتون لمزيد من الحكم الذاتي,المحادثات السورية لكاميرون وبوتين,0.08
القوات الفرنسية تقترب من تمبكتو,القوات التي تقودها فرنسا تسيطر على الوصول إلى تمبكتو,0.72
غارة جوية لحلف شمال الأطلسي تقتل طفلين أفغانيين,قتل جندي من حلف شمال الأطلسي في أفغانستان,0.24
مسلحون يقتلون 11 سائحاً أجنبياً في باكستان,مسلحون يقتلون 11 من المتسلقين الأجانب في باكستان,0.8
كوريا الشمالية ستوقف أعمال المنطقة الصناعية المشتركة,كوريا الشمالية تمنع الوصول إلى المنطقة الصناعية المشتركة,0.8
متهم بالاغتصاب الجماعي في دلهي تعرض للضرب والتسمم,تم تأجيل حكم الاغتصاب الجماعي في دلهي مرة أخرى,0.36
فرنسا تتعهد بمساعدة عسكرية في مالي,معظم الفرنسيين يدعمون العملية العسكرية في مالي,0.28
المصريون يصوتون على دستور مثير للانقسام,المصريون يصوتون على تغيير الدستور,0.8
"ريد يذكر "" تقدم هائل "" في محادثات سقف الديون",يبدو أن قادة مجلس الشيوخ قريبون من اتفاق سقف الديون الأمريكية,0.56
زلزال بقوة 6.2 ضرب سارانغاني,زلزال بقوة 4.3 في جنوب غرب الصين,0.4
قتيل واحد و 11 جريح في حادث سيارة في لوس أنجلوس,6 قتلى و 33 جريحا في انفجار كوتاباتو,0.24
رئيس شركة إيزي جيت للإستقالة,"رئيس شركة الطيران البريطانية ""إيزي جيت"" يستقيل",0.84
أوباما يجدد عرض لخفض شبكة الأمان الاجتماعي في صفقة الميزانية الكبيرة: مساعد,اليابان تحث الولايات المتحدة على التعامل بسرعة مع الجمود في الميزانية,0.16
تفجير انتحاري يقتل 14 شخصاً في مجلس إقليم أفغانستان,انتحاري يقتل 11 في أفغانستان,0.48
اللجنة تقترب من القرارات النهائية الهجرة الكبرى,اللجنة القضائية في مجلس الشيوخ تقترب من القرارات الأخيرة في تشكيل مشروع قانون الهجرة,0.68
القوات الأمريكية قتلت في هجوم من الداخل الأفغاني,"قتل جنود حلف شمال الأطلسي في ""هجوم من الداخل"" الأفغاني",0.76
أُلقي القبض على الأم بتهمة القتل بعدما قتلت الكلبة ابنتها,رجل ألقي القبض عليه للاشتباه في جريمة قتل بعد طعن في سفولك,0.36
خمسة قتلى و40 مفقودين في كارثة القطار في كندا,لا يزال 40 مفقوداً في حطام القطار الكندي,0.64
قتل سياسي معارض تونسي بالرصاص,قُتل زعيم المعارضة التونسية واندلعت الاحتجاجات,0.6
الأمم المتحدة تطالب بتعزيز المساعدات السورية,الأمين العام للأمم المتحدة يضغط من أجل زيادة المساعدات السورية,0.96
الأسهم ترتفع في وول ستريت,انخفاض الأسهم في وول ستريت,0.32
(جورج زيمرمان) لم يُوجد مذنباً بجريمة قتل (تريفون مارتن),احتجاجات و نداءات للهدوء بعد تبرئة زيمرمان من قتل تريفون مارتن,0.52
المخبر إدوارد سنودن يطير إلى موسكو,وكيل الأمن القومي إدوارد سنودن يغادر هونغ كونغ في رحلة إلى موسكو,0.72
17 قتيلا و 133 جريحا في هجمات بالقنابل في شمال العراق,مقتل 2 وجرح 6 في اشتباكات في شمال لبنان,0.12
الكشف عن أسرار انتخابات 2012,كل العيون على كابريليس في انتخابات فنزويلا,0.24
الحزن الملكي على وفاة الممرضة,المهرج في الراديو يبكي على وفاة الممرضة,0.56
كوريا الشمالية تقول أنها قد تؤجل إطلاق صاروخ مثير للجدل,يبدو أن كوريا الشمالية ستؤجل إطلاق صاروخ مثير للجدل,0.84
مذكرات غيتس النقدية تهز إدارة أوباما,(غيتس) يفجر إدارة (أوباما),0.8
(جيف بيزوس) يراهن بـ 250 مليون دولار على إحياء صحيفة (واشنطن بوست),جيف بيزوس يدفع 250 مليون دولار لصحيفة واشنطن بوست,0.84
(بروكس) أعلن عدم إدانته بتهم الاختراق,(بروكس) أعلن عدم إدانته في جلسة الاستماع,0.76
التطهير يرسل رسالة مرعبة إلى النخبة الكورية الشمالية,تطهير عم كيم يرسل رسالة مرعبة إلى النخبة الكورية الشمالية,0.8
جنوب أفريقيا تحتفل بعيد ميلاد مانديلا الـ95,رئيس وزراء جنوب أفريقيا السابق نيلسون مانديلا عاد إلى المستشفى,0.28
أوباما يعلن أن قانون الرعاية الصحية يعمل,أوباما يتعهد بجعل قانون الرعاية الصحية الجديد يعمل,0.6
الأمطار الغزيرة تزيد من خطر الفيضانات يوم عيد الميلاد,المطر الطازج يجلب المزيد من الفيضانات,0.6
الآلاف يحتجون على زواج المثليين,الآلاف يحتجون على زواج المثليين في باريس,0.72
زعيم عصابة تايوان تم القبض عليه في المطار بعد 17 عاما,زامبيا تعتقل زعيمها السابق باندا بسبب صفقة النفط,0.08
محادثات إيران النووية تبدأ وسط آمال التقدم,المحادثات النووية الإيرانية تبدأ في جنيف,0.6
الاحتجاجات السياسية في تايلاند تعرقل المزيد من الوزارات,المتظاهرون التايلانديون يحاصرون المزيد من الوزارات,0.84
بيزوس من أمازون يشتري واشنطن بوست مقابل 250 مليون دولار,بيزوس من أمازون يشتري واشنطن بوست مقابل 250 مليون دولار,0.92
جولة أوباما الاقتصادية تتأثر بالتوقعات المنخفضة,أوباما يشجع الكشافة على إنهاء الحظر على المثليين,0.36
إسرائيل تتعهد بإنكار حزب الله بعد الضربة الجوية,سيارة مفخخة تقتل أربعة أشخاص في معقل حزب الله في بيروت,0.12
فرنسا ترحب بالاتفاق الأمريكي الروسي حول سوريا,جامعة الدول العربية ترحب بالاتفاق الأمريكي الروسي حول سوريا,0.48
المزيد من الجنود الفرنسيين إلى جمهورية أفريقيا الوسطى,معارك بالرصاص في عاصمة أفريقيا الوسطى تخلق حالة من الذعر,0.4
قرار الأمم المتحدة يأمر بتدمير الأسلحة الكيميائية السورية,ألمانيا مستعدة لمساعدة سوريا في المهمة الكيميائية,0.2
تحالف مصر المؤيد لمرسي يشير إلى مرونة في المحادثات,تحالف مصر المؤيد لمرسي يشير إلى مرونة في المحادثات,0.92
ديفيد بيكهام سيتقاعد في نهاية الموسم,ديفيد بيكهام يتقاعد من كرة القدم,0.84
ليبيا تغلق فجأة حدودها مع أربع دول,ليبيا تغلق الحدود وتعلن الأحكام العرفية في الجنوب,0.68
زلزال بقوة 6.0 يضرب اليونان -- USGS,زلزال بقوة 5 درجات يهز اليابان,0.2
البحث عن رجل سقط في البحر,لارا تخطط لزيارة نيبال,0.04
المتشددون يخططون لفرار من سجن باكستان,هجوم على سجن في باكستان يفر 250 من مقاتلي حركة طالبان,0.6
النيزك يضرب وسط روسيا أكثر من 500 شخص جرحوا,النيزك يضرب وسط روسيا، 400 جريح,0.6
عاصفة ثلجية تجعل شمال شرق الولايات المتحدة تتوقف,عاصفة ثلجية تضرب شمال شرق الولايات المتحدة وتغلق الطرق,0.84
المتظاهرون في حلف شمال الأطلسي برأوا من اتهامات الإرهاب,المتظاهرون في حلف شمال الأطلسي أدينوا بتهم غير إرهابية,0.32
"""المصداقية على المحك حول سوريا""",أوباما: الكونغرس، مصداقية العالم على المحك,0.28
طالبان على جدول أعمال الولايات المتحدة في باكستان,ما لا يقل عن 33 قتيلاً في زلزال كبير في باكستان,0.0
وزير الداخلية المصري ينجو من القنبلة,وزير الداخلية المصري ينجو من هجوم بالقنبلة,1.0
ينخفض اليوان الصيني إلى 6.2767 مقابل الدولار يوم الخميس,اليوان الصيني يتراجع إلى 6.1818 مقابل الدولار يوم الثلاثاء,0.4
أوباما يعقد محادثات حول العمل السوري,كاميرون يخسر التصويت البرلماني على العمل العسكري في سوريا,0.28
مصر 'تجمّد أصول جماعة الإخوان المسلمين',مصر تجمد أموال الإخوان المسلمين,1.0
تقرير زين: ليس من السهل أن تكون عالية الصيانة,نيزك روسي يترك المبنى مفتوحاً,0.0
توني أبوت أقسم على منصب رئيس الوزراء الأسترالي الجديد,توني أبوت أقسم على منصب رئيس وزراء أستراليا,0.92
الجيش المصري يضرب جماعة الإخوان,الجيش المصري يضرب جماعة الإخوان المسلمين,0.8
مجلس النواب في فنزويلا يلتقي وسط أزمة صحية تشافيز,الجمعية تجتمع وسط أزمة تشافيز,0.68
المعارضة السورية تهدد بالانسحاب من المحادثات,المعارضة السورية توافق على المحادثات,0.4
انتحاري يقتل شرطي في باكستان,انتحاريون يقتلون 3 جنود في باكستان,0.52
المتظاهرون المناهضون للحكومة يقتحمون شوارع كييف,المحتجون في أوكرانيا يسقطون تمثال لينين,0.16
رجل من شيكاغو سيتم الحكم عليه بتهمة الإرهاب,مدراء بنك كابول يحكم عليهم بتهمة الفساد,0.2
هجوم طائرة أمريكية بدون طيار يقتل ثلاثة في شمال غرب باكستان,هجوم طائرة أمريكية بدون طيار يقتل سبعة في شمال وزيرستان,0.48
خلل في المسار يعطل خدمة القطارات بين رافلز بلايس و مارينا باي,خدمة القطار تعطلت بين رافلز بلايس و مارينا باي,0.84
حُكم على مانينج بالسجن 35 عاماً بتهمة تسريب أسرار حكومية,سجن بريطاني لعشر سنوات لبيع أجهزة كشف القنابل المزيفة,0.2
الشرطة البريطانية تقول أنه لا علاقة للإرهاب بتحطم المروحية,الشرطة الصينية تبحث عن ثمانية مشتبه بهم في الحادث,0.2
انتحاري يقتل 13 شخصا في جنوب روسيا,انتحاري يقتل 16 شخصاً في فولغوغراد الروسية,0.36
41 قتيلا و 22 جريحا في هجمات عنيفة في العراق,15 قتيلاً و 90 جريحاً في هجمات جديدة في العراق,0.36
كيري يزور الأردن، السلام الإسرائيلي الفلسطيني على جدول الأعمال,كيري يؤجل زيارته لإسرائيل بعد أسبوع,0.5
نسبة البطالة في منطقة اليورو تصل إلى مستوى قياسي جديد,البطالة في الاتحاد الأوروبي تصل إلى مستوى قياسي جديد,0.88
بطل نيلسون مانديلا الحقيقي لم يكن غاندي، ولكن نهرو,"صحة نيلسون مانديلا ""غير مستقرة""",0.28
في مواجهة ضريبة الإنقاذ، يحاول القبارصة سحب الأموال من البنوك,تنفيذ شروط الإنقاذ الفوري على بنوك قبرص,0.6
"أوباما يوقع على "" أوباما كير ""","الأمريكيون يتسابقون للتوقيع على "" أوباما كير "" بحلول الموعد النهائي",0.24
(لانس أرمسترونغ) يعترف بكل شيء لـ (أوبرا),(لانس أرمسترونغ) يعترف بتعاطي المنشطات في مقابلة مع (أوبرا),0.84
أندي موراي يستحق لقب فارس، يقول ديفيد كاميرون,ديفيد كاميرون: اندي موراي يستحق لقب فارس,1.0
مؤشر Hushen 300 يغلق أعلى -- 14 أكتوبر,مؤشر (هوشن 300) يغلق منخفضاً في 12 مارس,0.4
وزارة الخارجية الأمريكية أخطأت بشأن بنغازي,رئيس أمن وزارة الخارجية يستقيل بعد بنغازي,0.48
كرة القدم الفرنسية تستضيف أستراليا للمرة الأولى في أكتوبر,مسؤول NRA لمواجهة الأسئلة لأول مرة منذ التصريحات المثيرة للجدل,0.0
السفير الهندوراسي في كولومبيا طرد بعد حفلة جنونية,سفير هندوراس يستقيل بعد زفاف مزعوم في السفارة,0.72
يجب على سوريا تدمير الأسلحة الكيميائية,ليبيا  ⁇  تدمير الأسلحة الكيميائية الأخيرة  ⁇ ,0.48
هزة متوسطة في وسط البحر المتوسط,إيران: مرشح معتدل يفوز بالانتخابات الرئاسية,0.0
ثلاثة أفغان قتلوا في هجوم انتحاري,ثلاثة أفغان قتلوا في انفجار جديد في قاعدة أمريكية في شرق أفغانستان,0.72
تفجيرات انتحارية تضرب الجيش المصري في سيناء، 6 قتلى,تفجيرات انتحارية تضرب الجيش المصري في سيناء، 4 قتلى,0.56
الأسواق الآسيوية تستفيد من البيانات الاقتصادية الأمريكية المتفائلة,ارتفعت الأسواق الآسيوية بسبب البيانات الإيجابية للولايات المتحدة والصين,0.68
انتحاري يقتل 9 أشخاص في تجمع سياسي في باكستان,انتحاري يقتل حارس في السفارة الأمريكية في تركيا,0.32
أربعة من أنصار مرسي قتلوا في اشتباكات في مصر,عشرات الجرحى أثناء اشتباك مؤيدي مرسي مع قوات الأمن,0.44
الطلاب يأخذون جولة على الموجات,زلزال بقوة 5.5 ضرب تايوان,0.0
ضابط (بيستوريوس) انسحب من القضية,ضابط (بيستوريوس) بتهمة محاولة القتل,0.44
(فيني جونز) يكشف عن معركة السرطان الجديدة,(فيني جونز) يكشف أنه مصاب بسرطان الجلد,0.8
قائد حركة طالبان الباكستانية حكيم الله محسود قتل في غارة طائرة بدون طيار,حركة طالبان الباكستانية تتعهد بالثأر من قتل حكيم الله في سفك الدماء,0.52
عشرات القتلى في غارة جوية على مخبز في وسط سوريا,'عشرات قتلى' في غارة جوية سورية على مخبز,1.0
مسلحون يقتلون جندياً ويجرحان آخرين في باكستان,مسلحون يقتلون 6 من عمال شلل الأطفال في باكستان,0.4
الشرطة أكدت كيف تم القبض على المشتبه به,الغارة على ماراثون بوسطن المشتبه به التفجير التقط في الفيلم,0.44
بدأ تدمير الأسلحة الكيميائية السورية,تدمير الأسلحة الكيميائية السورية قد يثبت صعوبة,0.56
الفيضانات في كندا تجبر على إخلاء مدينة أخرى,حرائق غابات كاليفورنيا قوات الإخلاء من المنازل والجامعة,0.16
الأمم المتحدة تقول أن الطائرات بدون طيار الأمريكية تنتهك سيادة باكستان,الأمم المتحدة: غارات الطائرات بدون طيار الأمريكية تنتهك سيادة باكستان,0.88
"أوباما يشيد بـ""إلهام"" مانديلا",أوباما يشيد بتأثير إلهام مانديلا,0.96
أوباما يأتي 'للاستماع' لإسرائيل والفلسطينيين,كيري يرحب بالخطة العربية للمحادثات الإسرائيلية الفلسطينية,0.16
رسائل البريد الإلكتروني - شركة النفط سألت التاجر عن اجتماع مع الوزير,شركة النفط سألت تاجر المارقة عن اجتماع مع الوزير,0.84
ارتفع عدد القتلى في هجوم الشرطة النيجيرية إلى 30,ارتفع عدد القتلى في هجوم حافلة في كينيا إلى ستة,0.28
"سوريا ""تعلن عن الأسلحة الكيميائية وتوقيع الاتفاقية""","روسيا وسوريا تعملان على خطة أسلحة كيميائية ""ملموسة""",0.52
أستراليا ستلغي سقف الديون الوطنية المرتفع,رئيس الوزراء الأسترالي يصر على عدم المجادلة مع إندونيسيا,0.0
الأسواق الآسيوية ارتفعت لثلاثة أسابيع على أمل صفقة الديون الأمريكية,الأسهم الآسيوية وصلت إلى أعلى مستوياتها في ثلاثة أسابيع على أمل صفقة الديون الأمريكية,0.96
رئيس الوزراء الإيطالي ماريو مونتي يستقيل,رئيس الوزراء الفلسطيني فياض يستقيل,0.28
"جنوب أفريقيا تعترف بالخطأ بشأن ""فصام"" مانديلا","جنوب أفريقيا تعترف بـ""خطأ"" محتمل بشأن شخص أصم في نصب مانديلا التذكاري",0.64
إيران تقول أن القضايا الخطيرة لا تزال في المحادثات النووية,"إيران تتعهد بالحفاظ على برنامجها النووي ""السلمي""",0.32
حشود تجتمع في بيت لحم للاحتفال بعيد الميلاد,أوه، بلدة صغيرة من بيت لحم  ⁇  حقيقي,0.4
قتل سبعة من قوات حفظ السلام في دارفور السودانية,قُتل حارس سلام في اشتباك في أبيي,0.32
حلف شمال الأطلسي: بطارية صواريخ باتريوت تعمل على الحدود السورية,أوباما: بطاريات صواريخ باتريوت والقوات ستبقى في الأردن بالقرب من الحدود السورية,0.64
الأسهم الأمريكية تراجعت في اليوم الثالث من الإغلاق,الأسهم تنخفض في اليوم الثالث من إغلاق الحكومة,0.92
غينيا تصوت في الانتخابات التشريعية المتأخرة منذ فترة طويلة,غينيا الاستوائية تصوت في الانتخابات التشريعية,0.68
حلف شمال الأطلسي: ثلاثة جنود قتلوا في هجوم في أفغانستان,"قتل جنود حلف شمال الأطلسي في ""هجوم من الداخل"" الأفغاني",0.6
جندي إسرائيلي يضرب طفلة فلسطينية في الخليل,جنود إسرائيليون يقتلون امرأة فلسطينية في الضفة الغربية,0.24
الأمم المتحدة تعلن عن قلقها من الضربات الإسرائيلية على سوريا,مسؤول إسرائيلي يؤكد غارة جوية ثانية على سوريا,0.44
الجيش المصري يشن غارات جوية جديدة على متشددي سيناء,مصر تشن هجوماً جديداً ضد متشددي سيناء,0.68
القوات الفرنسية تهاجم حلفاء القاعدة في مالي,معركة لاستعادة شمال مالي: مئات الجنود الفرنسيين يطردون المتمردين المرتبطين بالقاعدة,0.52
الشرطة المصرية تطلق الغاز المسيل للدموع على المتظاهرين من الإخوان,الهند: إطلاق الغاز المسيل للدموع على متظاهري الاغتصاب الجماعي,0.24
النظام السوري يوافق على حضور مؤتمر السلام,"سوريا والمعارضة تتفقان ""من حيث المبدأ"" على حضور مؤتمر السلام",0.6
عشرات الجرحى في تحطم طائرة بوينغ 777 في مطار سان فرانسيسكو,"طائرة ""أسيانا إير بوينغ 777"" تحطمت في مطار ""سان فرانسيسكو""",0.76
مقتل 13 طفلاً في حريق مسجد في ميانمار,الشرطة في ميانمار تقول أن 13 طفلاً ماتوا في حريق كهربائي في مسجد,0.92
مجلس الشيوخ الأمريكي يصوت على صفقة الهاوية المالية مع اقتراب الموعد النهائي,الهاوية المالية: مجلس النواب يؤجل التصويت على صفقة الهاوية المالية,0.56
رجل يحمل سكيناً ألقي القبض عليه عند مدخل قصر باكنغهام,رجل متهم بعد القبض على قصر باكنغهام,0.44
5 أشخاص مدفونين في انهيار كولورادو,خمسة متزلجين على الجليد قتلوا في انهيار في كولورادو,0.56
بان كي مون يراجع اتفاق الأسلحة الكيميائية السورية,حظر مراجعة اتفاق الأسلحة الكيميائية في سوريا,0.72
الرئيس العراقي في المستشفى بسبب مشكلة صحية,الرئيس العراقي في المستشفى بعد إصابته بجلطة دماغية,0.72
التحالف الحاكم منذ فترة طويلة في ماليزيا يحتفظ بالسلطة,التحالف الحاكم في ماليزيا يفوز بالأغلبية,0.76
انفجارات قرب السفارة الإيرانية في بيروت,انفجاران قرب السفارة الإيرانية في بيروت,0.84
إصابة 19 في إطلاق نار نيو أورليانز,الشرطة: 19 جريحاً في إطلاق نار يوم الأم,0.84
"هايجل يندب على التغييرات ""السياسية"" في ميزانية الدفاع الأمريكية",هاجل يدافع عن التخفيضات المقترحة في الإنفاق الدفاعي,0.48
الولايات المتحدة تحظر حمل السوائل والمواد الهلامية على متن رحلات إلى روسيا,الولايات المتحدة تحظر حمل السوائل على الرحلات المباشرة إلى روسيا,0.88
جماعة الإخوان المصرية تقف على الأرض بعد عمليات القتل,مصر: جماعة الإخوان المسلمين تقف وراء مرسي,0.48
قوات الناتو قتلت طفلين أفغانيين,ضربة حلف شمال الأطلسي تقتل 11 طفلا أفغانيا,0.6
الرئيس الإيراني يدعو لمحادثات نووية جديدة,وزير إيراني يلوم الغرب على فشل المحادثات النووية,0.4
تقتل الفيضانات شخصين، وتجبر 75 ألفاً على مغادرة منازل كالجاري,"الفيضانات تجبر 75,000 من المنازل الكندية",0.68
4 جنود حلف شمال الأطلسي قتلوا في أفغانستان,ثمانية جنود من حلف شمال الأطلسي قتلوا في أفغانستان,0.52
"إعصار "" فيتو "" يصل إلى شرق الصين",إعصار فيتو يضرب جنوب شرق الصين,0.76
سيقضي مانديلا عيد الميلاد في المستشفى,فيلم مانديلا سيبدأ هذا الشهر في جنوب أفريقيا,0.04
استطلاعات الرأي تشير إلى أن حليف بوتين يفوز في تصويت موسكو,أظهرت استطلاعات الرأي أن حليف بوتين يفوز في تصويت موسكو، نفالني يصرخ بالخطأ,0.68
القاضي يدخل إدعاء غير مذنب لجيمس هولمز,لا أدين لـ (جيمس هولمز) لكن خيار الجنون لا يزال على الطاولة,0.8
على الأقل 45 قُتلوا في حادث قطار في إسبانيا,مقتل 13 على الأقل في تفجيرات ثلاث سيارات في ديالى العراقية,0.2
كريس فروم يقود إلى نهاية جولة فرنسا,تم إلغاء حفلات كريس براون,0.0
تطبيق أبل يوجه السائقين إلى مدرج مطار ألاسكا,تطبيق أبل يرسل السائقين إلى المطار,0.72
طائرة بدون طيار أمريكية قتلت 3 متشددين في باكستان,طائرة بدون طيار أمريكية تقتل 4 متشددين في باكستان,0.68
فرنسيس يبدأ البابوية بالصلاة,البابا فرنسيس يخرج من الفاتيكان للصلوات,0.72
مجلس الشيوخ الأمريكي للاجتماع كطريق للخروج من الجمود المالي لا يزال بعيد المنال,مجلس الشيوخ الأمريكي يعقد جلسات نادرة يوم الأحد وسط الجمود المالي,0.72
أخوية مصر محاصرة كزعيمها,الإخوان المسلمون في مصر يتجهون إلى مسيرة حاشدة,0.36
فرقاطة الشبح الصينية الجديدة في الخدمة,بيلاروسيا ولاتفيا لتشكيل لجنة حدودية,0.04
العنف في العراق يقتل 11,العنف في العراق يقتل سبعة أشخاص,0.44
الاحتجاجات مستمرة في العاصمة الأوكرانية المتوترة,الاحتجاجات مستمرة في البرازيل,0.32
إطلاق سراح بريطانيين بعد اختطافهم في سيناء المصرية,البدو يطلقون سراح بريطانيين اعتقلوا في سيناء,0.64
سوريا ترحب بالاتفاق النووي الإيراني,إيران والقوى العالمية الست تبرم اتفاقاً نووياً,0.6
إسرائيل تواجه ردة فعل أوروبية على خطة الاستيطان,دعوة إسرائيل إلى المحاسبة على أحدث خطط الاستيطان من قبل الدول الأوروبية,0.72
أوباما يمزح عن نفسه في عشاء الصحفيين,أوباما يسخر من النقاد أثناء العشاء الصحفي,0.44
ألين يرد على مزاعم إساءة معاملة فارو في رسالة,ألين يدافع عن نفسه ضد مزاعم إساءة معاملة فارو,0.84
هروب أكثر من 1000 سجين من سجن الكويفية في ليبيا,ألف سجين هربوا من سجن ليبيا,0.88
ما هو الخيار النووي؟,الصور تظهر استعداد كوريا الشمالية النووي,0.24
الفوركس والذهب 6 مارس 2013,الفوركس والذهب 12 مارس 2013,0.52
الإسلاميون يقتلون 21 في هجمات انتحارية في النيجر,سيارة مفخخة تقتل 20 شخصاً في بلدة تركية قرب الحدود السورية,0.2
الولايات المتحدة قررت أن سوريا استخدمت أسلحة كيميائية,الأمم المتحدة تصوت على القضاء على الأسلحة الكيميائية في سوريا,0.56
والد سنودن يصل إلى موسكو,والد إدوارد سنودن في موسكو,0.84
حركة طالبان الباكستانية تعين قائداً جديداً بعد هجوم طائرة بدون طيار,قُتل زعيم حركة طالبان الباكستانية في غارة طائرة أمريكية بدون طيار,0.44
تفجيرات مزدوجة في باكستان تقتل 40 على الأقل,الآن، المسلحون يقاتلون الشرطة الباكستانية,0.24
مقتل مؤيد لجماعة الإخوان المسلمين في اشتباك بالقاهرة,مقتل مؤيدين لجماعة الإخوان المسلمين في مصر,0.72
إيرادات فيسبوك ترتفع بنسبة 63% مع تسارع إعلانات الهاتف المحمول,أرباح فيسبوك ترتفع مع توسع قاعدة المستخدمين,0.68
المبعوث السوري يدعو إلى تشكيل حكومة وحدة وطنية,المبعوث السوري يدعو إلى التغيير السياسي لإنهاء الصراع,0.44
37 قتيلاً في حادث تحطم حافلة جولة في إيطاليا,ثلاثون قُتلوا في تحطم حافلة إيطالية,0.64
(روجرز) ، (فيديوترون) توسع نطاق التواصل مع اتفاقية مشاركة الشبكة,(روجرز) ، وصل (فيديوترون) إلى الشبكة المشتركة، صفقة الطيف,0.84
أسهم الصين تنخفض يوم الخميس,أسهم الصين تغلق بانخفاض يوم الخميس,1.0
نساء عاريات يحتجون ضد برلسكوني وهو يصوت في الانتخابات,رئيس بلغاريا يدعم المحتجين ويعارض إجراء انتخابات مبكرة,0.12
إندونيسيا: تلاميذ من بين 14 قتيلا في اندلاع بركان إندونيسيا,اندونيسيا: ستة قتلى في اندلاع بركان اندونيسي,0.56
التوصل إلى اتفاق بشأن الحكومة الإيطالية الجديدة,إيطاليا ستقسم حكومة ائتلافية جديدة,0.68
أوباما يبكي وفاة الشهير نيلسون مانديلا,سكان جنوب أفريقيا يحزنون ويحتفلون بمانديلا,0.36
(غوا) الخطوة الأولى في مسيرة (مودي) إلى (دلهي),لأول مرة في التاريخ، التكنيون لتدريس الهندسة في روسيا,0.0
أسهم سنغافورة تغلق بنسبة 0.4% أعلى,الأسهم الهندية تفتح أعلى,0.36
مالديف تجري انتخابات جديدة للرئيس,مالديف تجري انتخابات رئاسية جديدة,0.92
مصر تعلن اعتقال 1004 من مؤيدي الإخوان المسلمين,مصر تأمر بإلقاء القبض على زعيم الإخوان البادي,0.36
مركز التجارة العالمي الجديد أعلن أطول مبنى في الولايات المتحدة,مركز التجارة العالمي واحد سمي أطول مبنى في الولايات المتحدة,0.84
ما تقوله الصحف، 12 مارس 2013,ما تقوله الصحف، ٢٥ يونيو ٢٠١٣,0.36
إسرائيل تعطى الضوء الأخضر لـ 1500 منزل للمستوطنين,إسرائيل تكشف عن 1800 منزل للمستوطنين,0.64
(بيرس مورغان) استجوب من قبل الشرطة,(بيرز مورغان) تمت استجوابه من قبل الشرطة في قضية القرصنة,0.72
تم كشف قضية الاغتصاب الجماعي لصحفية فوتوغرافية في مومباي واعتقل خمسة متهمين,قضية الاغتصاب الجماعي للصحفية في مومباي: اعتقل جميع المتهمين الخمسة,0.96
اعتقال جاسوس إسرائيلي في اليمن,القوات الإسرائيلية تعتقل اثنين في هجوم اعتقال في الخليل,0.32
البنات الباكستانيات يتعلمن درساً صعباً,فتاة باكستانية قتلتها طالبان تظهر على الفيديو,0.36
رئيس مصر المؤقت يعين مستشارين,رئيس مصر المؤقت يقسم في مجلس الوزراء الجديد,0.56
الصين تطلق أول صاروخ جو-جو من مروحية,محكمة صينية تحكم على بو شيلاي بالسجن مدى الحياة بتهمة الفساد,0.12
بريطانيا تؤكد مخاوفها من الأسلحة الكيميائية السورية,"نهاية ""قريبة"" للأسلحة الكيميائية السورية",0.28
القمع في مصر يحصل على إدانة,مصر: حملة القمع في مصر تثير غضباً عالمياً,0.92
مصر تعلن حلف زعيمها المؤقت الجديد,الجيش المصري يضرب جماعة الإخوان,0.12
تفجير سيارة يقتل 17 في باكستان,انتحاري يقتل 10 أشخاص في باكستان,0.52
قائد كبير في حركة طالبان الباكستانية تم القبض عليه في أفغانستان,الشيعة الباكستانيون يطالبون بالحماية من المتشددين,0.12
السائق في حادث القطار الإسباني يواجه أسئلة من القاضي,السائق في حادث القطار في إسبانيا استجوب من قبل القاضي,1.0
الأسهم تغلق بنسبة 0.39% أعلى,أسهم سنغافورة تغلق بانخفاض 0.31%,0.32
الولايات المتحدة تصدر تقريراً أولياً عن تأثيرات التكسير على المياه,اعتقل رجال في الصين بعد أخذ الفتيات إلى الفندق,0.0
"روسيا ""وحدها"" في إلقاء اللوم على المتمردين السوريين في الهجوم الكيميائي: الولايات المتحدة",روسيا تطلب من الأمم المتحدة النظر في تحقيقها في استخدام الأسلحة الكيميائية في سوريا,0.52
الفلبين، المتمردون يصلون إلى اتفاق لتقاسم الثروة,"الفلبين والمتمردون يتوصلون إلى ""صفقة الثروة""",1.0
ارتفع عدد القتلى من أعمال العنف في غرب الصين إلى 35,عدد القتلى في حريق الصين الشمالي الشرقي يرتفع إلى 112,0.24
(عمران) سيتنافس من أربعة مقاعد في الجمعية الوطنية,عمران خان سيخوض الانتخابات من 4 مقاعد في الجمعية الوطنية,0.95
شركة السيارات الكهربائية الإسرائيلية الرائدة,شركة السيارات الكهربائية الإسرائيلية الرائدة ستنهار,0.88
مدرب فريق (هيوستن تكساس) (غاري كوبياك) في المستشفى بعد انهياره في المباراة,مدرب فريق تكساس غاري كوبيك في حالة مستقرة بعد انهيار,0.56
مقتل قائد حركة طالبان الموالية لباكستان في غارة طائرة أمريكية بدون طيار,قُتل قائد طالبان في غارة طائرة أمريكية بدون طيار,0.88
سيارة مفخخة تقتل 20 شخصاً في شمال غرب سوريا,سيارة مفخخة في شمال سوريا تقتل 20 شخصا,0.92
جنود كوريا الجنوبية يقتلون رجل يحاول عبور الحدود إلى الشمال,كوريا الشمالية تغلق الخط الساخن الأخير إلى الجنوب,0.2
ما يصل إلى 50 قتيلاً في حادث قطار أسباني,أكثر من 70 قتيلاً في حادث القطار السريع الإسباني,0.68
حكم بالإعدام على خمسة أجانب بتهمة تهريب المخدرات في مصر,مصر تحكم على 5 باكستانيين بالإعدام بتهمة تهريب المخدرات,0.84
القطار الفرنسي يتحرك جنوب باريس,ركاب القطار الفرنسيون يتحدثون عن محنة الحادث,0.24
المتحدث السابق باسم الرئيس الأمريكي رونالد ريغان يموت,المتحدث السابق باسم ريغان لاري سبيكس يموت في 74,0.84
مصر تصوت على دستور جديد,المصريون يصوتون على دستور مثير للانقسام,0.76
أوباما يلتقي بعائلة مانديلا بينما لا تزال الأيقونة في المستشفى,سوف يلتقي أوباما بعائلة مانديلا ولن يزوروا المستشفى,0.56
الأرباح الضعيفة تسحب الأسهم الأمريكية إلى أسفل في التجارة المبكرة,الأرباح الضعيفة تسحب الأسهم إلى الأسفل في وول ستريت,0.76
ثلاثة يخشون الموت بعد تحطم طائرة هليكوبتر في الحانة,ثلاثة أشخاص يخشون الموت بعد تحطم مطعم مروحية,1.0
النيجيري متهم بتهمة الرشوة,عضو برلماني نيجيري متهم بقبول رشوة 3 ملايين دولار,0.68
انخفضت الروبية 8 بايس مقابل الدولار في التجارة المبكرة,الروبية ارتفعت 22 بايس مقابل الدولار في التجارة المبكرة,0.36
بيرس يحث إسرائيل على العودة إلى محادثات السلام,بيريز الإسرائيلي يدعو إلى العودة إلى محادثات السلام,1.0
أوباما سيتحدث عن سوريا من البيت الأبيض في الساعة 1:15,أوباما سيقدم بياناً عن سوريا في البيت الأبيض الساعة 1:15 مساءً,1.0
الأسهم الهندية مفتوحة أقل,الأسهم الهندية تغلق منخفضة,0.36
الولايات المتحدة تستعد لعمل منفرد ضد سوريا,الولايات المتحدة تطالب بالتحرك ضد سوريا,0.68
اشتباكات قصيرة مع الشرطة في بلفاست,اشتباكات بين الحداد والشرطة في تونس,0.24
زلزال الصين: ارتفاع عدد القتلى,عدد القتلى من الإنفلونزا الصينية يرتفع إلى ستة,0.28
أربعة اعتقلوا مع ارتفاع عدد المباني في بنغلاديش إلى 352,اعتقال مالك مبنى في بنغلاديش يصل عدد القتلى إلى 372,0.52
إيران تدين استخدام الأسلحة الكيميائية في سوريا,تثار تساؤلات حول مزاعم الأسلحة الكيميائية في سوريا,0.52
زلزال جديد قوي ضرب منطقة باكستان,زلزال جديد قوي ضرب منطقة باكستان,0.96
القوات الهندية قتلت جندي باكستاني على طول خط المراقبة في كشمير,القوات الهندية داهمت موقع عسكري باكستاني,0.24
البابا بنديكتوس السادس عشر يودع الكرادلة,البابا بنديكتوس السادس عشر يغادر الفاتيكان للمرة الأخيرة,0.72
حاملة الطائرات الصينية الجديدة تمدد حملة التحديث العسكري,نائب رئيس الوزراء الصيني يلتقي بالحاكم العام الأسترالي,0.24
رئيس البرازيل يعقد محادثات أزمة حول احتجاجات الشوارع,زعيم البرازيل يعد بإصلاح التصويت,0.32
العاصفة الاستوائية (أندريا) تقترب من الساحل الشرقي,العاصفة الاستوائية (أندريا) ستنتقل إلى الساحل الشرقي,0.8
أربعة قتلى في حادث قطار إندونيسي,خمسة قتلى أثناء اصطدام قطار بإندونيسيا بشاحنة وقود,0.68
إسرائيل تقدم خطة لبناء 900 منزل استيطاني,إسرائيل تكشف عن خطط لبناء منازل جديدة للمستوطنين,0.76
ملكة جمال نيويورك تفوز بتاج ملكة جمال أمريكا,ملكة جمال نيويورك تتوج ملكة جمال أمريكا,1.0
وجد النمساوي يخزن 56 جمجمة مسروقة في المتحف المنزلي,الرجل النمساوي متهم بعد أن تم العثور على 56 جمجمة بشرية في منزله,0.88
الولايات المتحدة مستعدة لتنصيب أوباما,مجلس النواب الأمريكي يؤيد فرض عقوبات جديدة على إيران قبل تنصيبها,0.08
مقتل متشدد سعودي مشتبه به في الحجز اللبناني,طائرة بدون طيار أمريكية تقتل 6 متشددين في اليمن,0.08
رجل يحرق نفسه على الساحة الوطنية,رجل يحرق نفسه في المجمع التجاري الوطني في واشنطن,0.96
7 قتلى في هجمات في العراق,27 قُتلوا في هجمات في جميع أنحاء العراق,0.4
الآلاف يحتجون على زواج المثليين,آلاف يحتجون على زواج المثليين في فرنسا,0.64
الهند: صورة اليوم: 27 يناير,هند انك: صورة اليوم: 20 مارس,0.2
تم إغلاق مبنى الكابيتول الأمريكي بعد إطلاق النار,شاهدوا على الهواء مباشرة: الكابيتول الأمريكي مغلق بعد تقارير عن إطلاق النار,0.96
أول منطقة تجريبية للتجارة الحرة في الصين تفتح أبوابها,منطقة التجارة الحرة في شنغهاي تبدأ عملها,0.76
12 قتيلا و 25 جريحا في انفجار قنبلة في شمال غرب باكستان,6 قتلى و 12 جريح في انفجار في شمال غرب باكستان,0.52
صور مختارة من انهيار مبنى في بنغلاديش,ما لا يقل عن 200 قتيل في انهيار مبنى في بنغلاديش,0.28
المحكمة الصينية تؤيد عقوبة الإعدام لقتلة ميكونغ,المحكمة تؤيد أحكام الإعدام لقتلة ميكونغ,0.88
"المتظاهرون المصريون ""سيتم تفريقهم""",مدرسة الاختطاف ستحكم عليها,0.0
انفجار أسطوانة غاز في حافلة مدرسية في باكستان يقتل 17,انفجار أسطوانة غاز قاتلة في حافلة مدرسية في باكستان,0.76
الشحنة الكورية الشمالية تكشف تجارة إصلاح الصواريخ مع كوبا,السفينة الكورية الشمالية التي تحمل صواريخ كوبا ضبطت,0.56
القوات الإسرائيلية تعتقل 5 فلسطينيين في الضفة الغربية,القوات الإسرائيلية تعتقل خمسة فلسطينيين في الضفة الغربية,0.96
احتجاجات تجتاح البرازيل رغم التنازلات,احتجاجات مخطط لها في جميع أنحاء البرازيل على الرغم من التنازلات,0.8
أنجيلا ميركل تفوز بالولاية الثالثة في الانتخابات الألمانية,ميركل تفوز بشكل كبير في الانتخابات الألمانية,0.76
عمال كوريا الجنوبية يتركون منطقة المصنع المشترك,عمال كوريا الجنوبية مستعدون لمغادرة منطقة المصنع المشتركة,0.76
مجلس الشيوخ للتصويت على المضي قدما في هيجل يُومئُ,(بينديكت) يعود إلى منزله الجديد و البابا الجديد,0.0
مقتل 15 وجرح عشرات في تفجير انتحاري في محطة القطارات الروسية,انتحاري يقتل 14 شخصا في محطة القطارات الروسية,0.64
زعيم المعارضة الكمبودية سام رينسي يعود لإثارة الانتخابات,رئيس المعارضة الكمبودية يتجه إلى البرلمان في مسعى للانتخابات,0.6
الغرب يثني على تصويت المعارضة السورية للانضمام إلى محادثات السلام,المعارضة السورية تعين وفداً للمحادثات,0.52
أوباما يسافر إلى أوكلاهوما التي دمرتها الأعاصير,أوباما يزور أوكلاهوما,0.92
لا اتفاق على الهاوية المالية بينما يذهب أوباما في إجازة,جون بوهنر: من أصل متواضع، الهاوية المالية قد تكون خسارته,0.2
سيارة مفخخة في سوريا تقتل 12 شخصاً على الأقل في بلدة تحت سيطرة المتمردين,سيارة مفخخة في سيناء تقتل 10 جنود مصريين على الأقل,0.36
كيري: الخطة الاقتصادية الفلسطينية التي تبلغ قيمتها 4 مليارات دولار قد تنجح,كيري: لا اتفاق بعد في المحادثات النووية مع إيران,0.0
سقوط مبنى في بنغلاديش يزيد عدد القتلى إلى 359,ارتفع عدد القتلى في انهيار مبنى في الهند إلى 72,0.16
عشرات القتلى في جمهورية أفريقيا الوسطى,98 قتيلا في جمهورية أفريقيا الوسطى بعد اشتباكات,0.68
ليبيا تهدد بعمل الجيش ضد المتظاهرين النفطيين,تهديد قنبلة قوات الإخلاء في برينستون,0.16
الاتحادات التركية تدعو إلى إضراب يوم الاثنين احتجاجاً على عنف الشرطة,الاضطرابات في تركيا: النقابات تدعو إلى الإضراب بسبب قمع الشرطة,0.68
فيتش ترقّي تصنيف الائتمان اليوناني,مؤسسة موديز ترقّي تصنيف اليونان الائتماني,0.68
مسلحون يهاجمون قارب الشرطة في منطقة النفط في نيجيريا,الشرطة السودانية تمنع الاحتجاج أمام لجنة حقوق الإنسان,0.0
الروس يغادرون سوريا و يعبرون إلى لبنان,روسيا تقدم مساعدات إنسانية للاجئين السوريين في لبنان,0.44
جنديين أمريكيين قتلوا في هجوم من الداخل في أفغانستان,8 جنود قتلوا في هجوم بالقنبلة في شمال غرب باكستان,0.16
أيقونة جنوب أفريقيا نيلسون مانديلا في المستشفى,نيلسون مانديلا من جنوب أفريقيا في المستشفى,1.0
البابا فرنسيس يدين اللامبالاة العالمية للمعاناة,البابا فرنسيس يذكر المهاجرين القتلى في لامبيدوزا,0.28
القاضي منصور يتولى رئاسة مصر المؤقتة,أقسم القاضي عدلي منصور رئيساً مؤقتاً لمصر,0.88
انفجار يقتل 10 فتيات في شرق أفغانستان,التفجير يقتل تسعة في جنوب أفغانستان: مسؤولون,0.56
الشرطة الكينية تعتقل قائد التجنيد والتمويل الرئيسي للشباب,كينيا: اعتقال زوجين من قبل شرطة مكافحة الإرهاب,0.64
أوباما يعلن خطط السيطرة على الأسلحة الأربعاء,أوباما يضع خطط للسيطرة على الأسلحة,0.72
قنابل تقتل شخصين وتجرح العشرات في ماراثون بوسطن,تم العثور على قنبلتين فقط في هجوم ماراثون بوسطن,0.44
الأسلحة الكيميائية السورية قد تنتهي في البحر,الولايات المتحدة لتدمير مخزون الأسلحة الكيميائية السورية في البحر,0.48
الرئيس لإبرام الشراكة الإيكولوجية مع سريلانكا,رئيس الوزراء الباكستاني يطالب بتعميق العلاقات الاقتصادية مع سريلانكا,0.52
ثلاثة أطلقوا سراحهم في التحقيق في إساءة استخدام المركز,انهيار مبنى من ثلاثة طوابق في إيبوتي ميتا,0.0
انفجار قنبلة في مركز تجاري يوناني، إصابة شخصين,انفجار قنبلة في مركز تجاري في أثينا,0.88
ستة أستراليين قتلوا في حادث تحطم طائرة في لاوس,عشرات القتلى في حادث تحطم طائرة في لاوس,0.6
ثلاثة قتلى، بما في ذلك المسلح، في ماريلاند مول إطلاق النار,ثلاثة قتلى في إطلاق نار في مركز تجاري في ولاية ماريلاند,0.84
الأمم المتحدة تؤكد استخدام غاز السارين في الهجوم السوري,"""جريمة حرب"": الأمم المتحدة تعثر على غاز السارين المستخدم في هجوم الأسلحة الكيميائية في سوريا",0.68
سبعة قتلى في حادث شاحنة,6 قتلى في حادث شاحنة في المكسيك,0.64
ميركل تعيش فترة رئاسية ثالثة في ألمانيا,ميركل تفوز بشكل كبير في الانتخابات الألمانية,0.65
حاكم فيرجينيا السابق بوب ماكدونيل متهم بالفساد,حاكم (فيرجينيا) السابق (بوب ماكدونيل) زوجته متهمة بالفساد,0.76
سباقي السباق تايسون جاي و آسافا باول اختبار إيجابي للمادة المحظورة,الأمريكي السريع تايسون غاي يختبر إيجابية للمادة المحظورة,0.68
زلزال بقوة 6.3 يضرب هونشو، اليابان: CENC,زلزال بقوة 6.0 في جزر سانتا كروز,0.36
باكستان ستطلق سراح أكبر سجين في طالبان الأفغانية,باكستان ستطلق سراح قائد كبير لطالبان يوم السبت,0.76
محكمة مصر تأمر بإطلاق سراح مبارك,محكمة مصر تأمر بإطلاق سراح مبارك,1.0
المحققون الأمريكيون ينتظرون للاستجواب,الشرطة تلتقي في الشارع بحثاً عن المشتبه به في تفجيرات بوسطن,0.36
عشرة قتلى وخمسة جرحى في حادث طريق جنوب غرب الصين,قتيل واحد و 39 جريحاً في حادث طريق في شرق الصين,0.35
بوليوود تخفض التكاليف بمقدار الثلث مع انهيار الروبية,بوليوود تخفض التكاليف مع أزمة الروبية,0.84
النساء سيواجهن أعلى أقساط تأمين السيارات,سيدات السائقين سيواجهن زيادة في أقساط التأمين,1.0
الإعصار ينهار في الغرب الأوسط يقتل 6 ويدمر الأحياء,الإعصار، العواصف المدمرة ضربت الغرب الأوسط الأمريكي، قتلت 5,0.64
الصين تمنح الجهات التنظيمية الأمريكية إمكانية الوصول إلى سجلات التدقيق,الصين تعارض بيع الأسلحة الأمريكية لتايوان,0.16
أسهم سنغافورة ترتفع بنسبة 0.26 بالمئة,أسهم سنغافورة ترتفع بنسبة 0.11,0.4
إيران والوكالة النووية في أول محادثات منذ انتخاب روحاني,الوكالة الدولية للطاقة الذرية وإيران عقد أول محادثات نووية منذ انتخاب روحاني,0.96
رئيس الوزراء الصيني الجديد يرفض ادعاءات القرصنة الأمريكية,"رئيس الوزراء الصيني لي يرفض اتهامات القرصنة الأمريكية ""غير المبررة""",1.0
جوخار تسارنايف يدافع عن براءته في تهم تفجيرات بوسطن,جوخار تسارنايف متهم بتفجير ماراثون بوسطن,0.52
صور اليوم: 7 أغسطس 2013,صورة اليوم,0.56
حكم على ابن الجنرال الصيني بالسجن 10 سنوات بتهمة الاغتصاب,حكم على ابن مغني الجيش الصيني بالسجن 10 سنوات بتهمة الاغتصاب الجماعي,0.68
شرطة (بي جي) تبحث عن السائق في الحادث الذي قتل الطفل,الشرطة تبحث عن مسلحين في نيو أورليانز إطلاق النار في موكب عيد الأم,0.0
مصر تجري انتخابات رئاسية قبل الانتخابات البرلمانية,رئيس مصر المؤقت يقسم في مجلس الوزراء الجديد,0.28
البنتاغون يعدل الخطط لمزيد من الهجمات الشديدة على سوريا,البابا يشكر الجمهور على الانضمام له في اليقظة السورية,0.2
تيمور الشرقية تحظر نوادي الفنون القتالية وسط عمليات القتل,تيمور الشرقية تحظر مدارس الفنون القتالية وسط عمليات القتل,1.0
المشرعون الأفغان يوافقون على قانون الانتخابات الجديد,الرئيس الأفغاني يوافق على قانون الانتخابات,0.52
في باكستان، الجيش مصمم على محاربة طالبان الأخرى,الجيش الباكستاني مصمم على محاربة الطالبان الآخرين,0.96
الجيش المصري يسعى لمهاجمة الخاطفين,الرئيس المصري مرسي يستبعد إجراء محادثات مع ظهور شريط فيديو للرهائن,0.28
جنوب أفريقيا تحزن على دفن مانديلا,جنوب أفريقيا تقيم جنازة رسمية لمانديلا,0.56
"شهود يسمعون ""صوتًا عالًا"" في ماراثون بوسطن",تقرير عن انفجارين على خط النهاية في ماراثون بوسطن,0.6
الكلمات المتقاطعة الغامضة - السبت 27 أبريل,اختبار الكلمات المتقاطعة السبت 27 أبريل,0.56
"قائد سفينة "" كوستا كونكورديا "" سيتم محاكمته بتهمة القتل","تفاصيل الناجين من "" كوستا كونكورديا "" بعد عام",0.24
وزير إسرائيلي يحذر كيري من المقاطعة,وزير إسرائيلي ينتقد تحذير كيري المقاطعة,0.92
عمة أنجلينا جولي توفيت بسبب سرطان الثدي,أنجلينا جولي والحقيقة المعقدة حول سرطان الثدي,0.56
حثت سو تشي في ميانمار على وحدة الحزب وسط الخلافات,حثت سو تشي على وحدة الحزب وسط الخلافات,1.0
10 أشياء يجب معرفتها يوم الأربعاء,10 أشياء يجب أن تعرفها اليوم,0.6
البيت الأبيض، المتعاقدين الدفاعية مناقشة ضرر التخفيضات التلقائية الإنفاق,البيت الأبيض وشركات الدفاع تناقش خفض الإنفاق التلقائي,0.88
الرئيس الفنزويلي هوغو شافيز يموت من السرطان,الرئيس الفنزويلي هوغو شافيز توفي من السرطان في 58,0.76
اعتقال رئيس زامبيا السابق,اعتقال رئيس زامبيا السابق روبيا باندا,0.8
مجلس الشيوخ الأمريكي يؤكد ييلين كرئيس الاحتياطي الفيدرالي القادم,مجلس الشيوخ الأمريكي يؤكد على تولي جانيت ييلين رئاسة البنك المركزي الجديد,0.84
إطلاق سراح 26 سجيناً فلسطينياً من سجن إسرائيلي,السجين الفلسطيني يموت بسبب السرطان والاضطرابات في سجون إسرائيل,0.2
الأسهم الآسيوية ترتفع بعد سلسلة من البيانات الايجابية,الأسواق الآسيوية ترتفع على أساس بيانات الوظائف الأمريكية القوية,0.8
17 قتيلاً و 133 جريحاً في هجمات بالقنابل في شمال العراق,15 قتيلاً و 90 جريحاً في هجمات جديدة في العراق,0.56
ضابط مصاب في احتجاجات ضد الاغتصاب في الهند توفي,توفي شرطي هندي أصيب في احتجاج على الاغتصاب الجماعي,0.84
ملاحظات إنقاذ قبرص تثير قلق الأسواق,لماذا إنقاذ قبرص ليس أكثر من هراء اليورو المعتاد,0.52
أسماء الفصائل (بيانكا أوجوكو) القائدة الوطنية للجماعة,بيانكا أوجوكو تصبح القائدة الوطنية لـ APGA,0.84
"لا يمكن للولايات المتحدة أن ""تحدد بشكل قاطع"" استخدام الأسلحة الكيميائية في سوريا",الولايات المتحدة لا ترى أدلة قاطعة على استخدام الأسلحة الكيميائية من قبل سوريا,0.96
اثنا عشر قُتلوا عندما هاجم مسلحون القرية,خمسة قتلى في انفجارات في الهند,0.04
مصر تغلق صحيفة الإخوان المسلمين,مصر: اعتقال نائب رئيس جماعة الإخوان المسلمين,0.28
زلزال قوي في غرب الصين يقتل 47 شخصاً,زلزال قوي في غرب الصين يقتل 75 على الأقل,0.6
سنودن يشكر روسيا على اللجوء,سنودن يشكر روسيا على منحه اللجوء,1.0
مجلس الشيوخ يؤكد ييلين رئيس الاحتياطي الفيدرالي,مجلس الشيوخ الأمريكي يؤكد ييلين كرئيس الاحتياطي الفيدرالي القادم,0.84
القوات الفرنسية تسيطر على مدينة رئيسية في مالي,القوات الفرنسية تسيطر على مدينة رئيسية,0.76
المشتبه به في تفجيرات (بوسطن) دفن في (فيرجينيا),المشتبه به في تفجير بوسطن دفن في مقبرة فيرجينيا,1.0
إعصار ضخم وخطير جداً يتجه نحو مدينة أوكلاهوما,الأم والطفل من بين الخمسة الذين قتلوا في إعصار مدينة أوكلاهوما,0.32
مسلسل الرهائن يطول بعد إطلاق النار على حافلة مدرسية في ألاباما,نيفادا: قتيلين وجرحان في إطلاق نار في مدرسة متوسطة,0.16
الرئيس الفلسطيني يعين أكاديمي لتشكيل حكومة الضفة الغربية,الرئيس الفلسطيني يريد من الإسرائيليين التحدث عن السلام,0.36
ملالا الباكستانية تغادر المستشفى لتنتظر الجراحة,ملالا تغادر المستشفى البريطاني,0.72
اثنان وجدوا ميتين في حمام السباحة في فندق (إسيكس),رجل وامرأة وجدوا ميتين في حمام سباحة فندق (إسيكس),0.8
باكستان تدين غارة الطائرات بدون طيار الأمريكية في منطقة شوال,باكستان تدين غارة الطائرات بدون طيار الأمريكية في ميرانشاه,0.64
عاد السكان إلى موقع التفجير في تكساس,عودة السكان إلى الفلوجة,0.0
جنوب أفريقيا تصلي من أجل نيلسون مانديلا,جنوب أفريقيا تتحد في الصلاة والغناء من أجل نيلسون مانديلا,0.84
قد يواجه أحمدي نجاد في إيران اتهامات بسبب ظهوره في الانتخابات مع مساعده,قد يواجه أحمدي نجاد اتهامات بسبب ظهوره في الانتخابات,0.84
ميليباند يتعهد بتعزيز الحد الأدنى للأجور,البرتغال والصين لتعزيز العلاقات البحثية العلمية,0.0
أسهم سنغافورة تغلق بانخفاض 0.44 بالمئة,أسهم سنغافورة تغلق 0.5% أعلى,0.52
القناص ينتظر نتيجة الاستئناف,المجد الجديد للصين في السعي للتجديد,0.0
أسهم أبل تضررت بشدة من خيبة أمل آيفون,أسهم أبل تنخفض 11% بعد خيبة الأمل في الأرباح,0.64
الاتحاد الأوروبي يجدد العقوبات ضد زيمبابوي,الاتحاد الأوروبي يرفع عقوبات الماس ضد زيمبابوي,0.6
الأراضي الفلسطينية المحتلة: الفلسطينيون يرفضون مخطط محادثات السلام الأمريكية,الأراضي الفلسطينية المحتلة: يواجه الفلسطينيون طريقًا إلى لا مكان,0.28
أصحاب وآخرون متهمون في حريق مصنع بنغلاديش,تم العثور على 50 ناجياً في مصنع بنغلاديش,0.36
مصر مستعدة لجذب المستثمرين الخليجيين,مصر تسعى لجذب المستثمرين ...,0.68
الولايات المتحدة وروسيا تتوصلان إلى اتفاق بشأن سوريا,الاتفاق بين الولايات المتحدة وروسيا بشأن الأسلحة السورية,0.68
الفلسطينيون والأردن ينسقان مواقفهم بشأن محادثات السلام,مسؤول في حماس ينفي غزة والسلطة الفلسطينية منسقة على محادثات السلام,0.36
إلغاء التصويت في ثلاث محافظات في الانتخابات التايلاندية المتوترة,المعارضة الكمبودية ترفض فوز هون سين في الانتخابات,0.0
أوباما يلغي اجتماع موسكو مع بوتين,أوباما ألغى اللقاء مع بوتين,0.8
العقود الآجلة لـ KLCI المتداولة مختلطة في منتصف اليوم,أسهم KL مختلطة في منتصف اليوم,0.72
الهجوم المشتبه به من طائرات أمريكية بدون طيار يقتل 5 في باكستان,هجوم طائرة أمريكية بدون طيار يقتل عشرة على الأقل في باكستان,0.56
محكمة مصر تأمر بإطلاق سراح مبارك,المحكمة المصرية ترفض طلب الإفراج عن مبارك,0.4
هولاند يهدد باتخاذ إجراءات قانونية بعد مزاعم العلاقة,فرانسوا هولاند يهدد باتخاذ إجراءات قانونية بسبب ادعاءات العلاقة,0.8
المهجرون الإيرانيون يبلغون عن الوفيات في مخيم العراق,مقتل ما لا يقل عن 47 من المنفيين الإيرانيين في مخيم أشرف العراقي,0.6
(بليد رانر) (بيستوريوس) يرفض تهمة القتل,بيستوريوس شرطي بتهمة سبع محاولات القتل,0.4
القوات الإسرائيلية تعتقل شخصين في هجوم في الخليل,مصداقية إسرائيل على المحك حول التحدي النووي الإيراني,0.45
المصريون يصوتون على الدستور المدعوم من الإسلاميين,"""القاضي في صناديق الاقتراع يرشد الناخبين على التصويت على الدستور المصري""",0.28
الرئيس المكسيكي يؤدي اليمين وسط احتجاجات عنيفة,حاكم نيو مكسيكو السابق (ريتشاردسون) يضغط لحظر التجارب الكورية الشمالية,0.0
تحطمت طائرة هليكوبتر بالقرب من محطة القطار في لندن,تحطم مروحية في لندن,0.8
العاصمة الإندونيسية تصلي من أجل المترو لتخفيف الفوضى المرورية,جاكرتا تدعو لمترو الأنفاق لتخفيف الفوضى المرورية,0.76
الطائرات اليابانية دخلت في منطقة الدفاع الجديدة للصين,طائرات الجيش اليابانية والكورية الجنوبية تتحدى منطقة الدفاع الجديدة للصين,0.8
ناجون من الإعصار يداهمون متاجر في الفلبين,إعصار بوفا يقتل 15 في جنوب الفلبين,0.24
سيارة مفخخة تؤذي 15 شخصاً في معقل حزب الله في لبنان,سيارة مفخخة تهز معقل حزب الله في لبنان,0.64
وزير الخارجية الروسي يحث المعارضة السورية على المساعدة في الإفراج الفوري عن جميع الأجانب المحتجزين في سوريا,مرشح المعارضة في كوريا الجنوبية يقلل من فجوة الانتخابات,0.12
خمسة قتلى و40 مفقودين في كارثة القطار في كندا,8 قتلى و 11 مفقودين في انهيار أرضي في جنوب غرب الصين,0.12
مجلس الشيوخ الأمريكي يؤكد جانيت ييلين رئيس الاحتياطي الفيدرالي الأمريكي,مجلس الشيوخ يؤكد جانيت ييلين رئيس الاحتياطي الفيدرالي القادم,0.92
(كان سعيد) هو زعيم طالبان الباكستانية الجديد بعد مقتل (حكيم الله محسود) في هجوم طائرة بدون طيار,قائد حركة طالبان الباكستانية حكيم الله محسود قتل في غارة طائرة بدون طيار,0.68
ما لا يقل عن 66 قتيلا في تفجيرات في العراق,ما لا يقل عن 47 قتيلا في انفجارات باكوبا,0.44
روسيا تدمر أكثر من 75% من مخزونها من الأسلحة الكيميائية,بريطانيا ترى أدلة على أن الأسد قد يستخدم أسلحة كيميائية,0.2
ارتفاع عدد القتلى في زلزال إيران,ارتفاع عدد القتلى في الرهائن في الجزائر,0.12
(سواريز) مستعد للعودة إلى الكأس,الفرنسيون مستعدون للقتال البري في مالي,0.16
فريق مالديف في الهند لمراقبة الانتخابات,بدأت الشهادة في محاكمة الوزير السابق ليبرمان,0.12
عدد القتلى يرتفع إلى ستة بينما يضرب العاصفة (زافير) شمال أوروبا,ارتفاع عدد القتلى بسبب العواصف مع هبوب الرياح والأمطار شمالاً,0.64
باكستان تطلق سراح سجين من حركة طالبان الأفغانية,باكستان تطلق سراح سبعة من مقاتلي طالبان الأفغان,0.72
ردود فعل مختلطة على زواج المثليين في نيوزيلندا,نيوزيلندا تُشرّع زواج المثليين,0.44
رجل الأرصاد الجوية (فريد تالبوت) اعتقل بسبب ادعاءات جنسية,"خبير الأرصاد الجوية (فريد تالبوت) تعرض لـ""الاعتداء الجنسي""",0.76
ضربة طائرة بدون طيار أمريكية تقتل 5 في باكستان,غارة الطائرات بدون طيار في باكستان تقتل ستة أشخاص,0.6
انهيار مبنى في الهند؛ تخشى 25 محاصرين,انهيار مبنى في الهند: 14 قتيلاً، وعشرات عالقون,0.6
جماعة الشباب الصومالية تتحمل مسؤولية هجوم مركز نيروبي التجاري,المتمردون السوريون يعلنون مسؤوليتهم عن عمليات القتل في لبنان,0.24
القوات السورية تدخل مدينة استراتيجية تحت سيطرة المتمردين,الجيش السوري يهاجم المدينة التي يسيطر عليها المتمردون,0.8
إسرائيل توافق على الإفراج عن السجناء الفلسطينيين,إسرائيل تطلق سراح 26 سجينا فلسطينيا آخرين,0.56
عشرات القتلى أثناء اندلاع الاشتباكات في مسيرة مرسي في القاهرة,أكثر من 70 قتيلا في اشتباكات في مسيرات مرسي في مصر,0.72
معارضون تايلانديون يبدأون إغلاق بانكوك,"المتظاهرون التايلانديون يطلقون ""إغلاق"" بانكوك",0.96
سيتم استجواب سائق حادث القطار الإسباني,سائق القطار الإسباني جارزون سيتم استجوابه من قبل القاضي,0.76
فرنسا تحيي تقدم الاتفاق الأمريكي الروسي بشأن الأسلحة السورية,فرنسا ترحب بالاتفاق الأمريكي الروسي حول سوريا,0.8
"قُتل جندي من قوة الأمن الدولية في ""هجوم من الداخل"" الأفغاني",قتل جندي بريطاني في هجوم أفغاني,0.8
حوالي 60 قُتلوا تحت وطأة الاضطراب في ساحل العاج,61 قتيلاً في هجوم في ساحل العاج,0.68
نهاية البحث عن تحطم طائرة هليكوبتر في غلاسكو,تحطم طائرة هليكوبتر في غلاسكو: ستة قتلى على الأقل,0.56
ثلاثة قتلى في تفجير الماراثون الأمريكي,طالبان تنفي تورطها في تفجير ماراثون بوسطن,0.24
إغتصاب جماعي لسياحة سويسرية في الهند,إغتصاب جماعي لسياحة سويسرية في الهند,1.0
الهند تتأهب لإعصار هائل,الهند تصدر تحذيرًا أحمرًا من إعصار فايلين,0.56
التأديب ضد طالب مسلح يعتقد أنه أشعل إطلاق نار كولورادو,التأديب ضد الطالب يعتقد أنه مفتاح الدافع,0.68
العديد من القتلى في انهيار نفق الطريق في اليابان,العديد من القتلى في الغارة الجوية السورية,0.24
لا خطة لإغلاق مضخات البنزين في الليل Moily,حكومة الهند ترفض اقتراح إغلاق مصانع البنزين ليلاً,0.76
(كلينتون) ستشهد هذا الشهر على هجوم (بنغازي),(كلينتون) تعود للعمل وتخطط للشهادة بشأن هجوم (بنغازي),0.76
عشرات الآلاف من الأوكرانيين يحتجون في كييف,عشرات الآلاف يصطفون للتصويت في بوتان,0.12
كرزاي سيزور باكستان لإجراء محادثات سلام مع طالبان,الرئيس الأفغاني يواصل زيارته إلى باكستان لإجراء محادثات مع طالبان,0.72
اللصوص يسرقون الكرسي المتحرك المصمم خصيصاً لسباحة القنال الإنجليزي,اللصوص يسرقون الكرسي المتحرك لسباح القناة,0.8
ثلاثة ماتوا بعد حادث سيارة في تيانانمين,ثلاثة قتلى في حادث في ساحة تيانانمن,0.92
أسهم سنغافورة افتتحت بانخفاض يوم الجمعة,أسهم سنغافورة تفتح مرتفعة يوم الخميس,0.44
أوباما يتعهد بإحياء الاقتصاد,أوباما يضغط على الكونغرس للعمل على الاقتصاد,0.52
زلزالين ضربا شمال غرب الصين 11 قتيلا,الزلازل المزدوجة تقتل 89 في الصين,0.48
"""وايتي"" بولجر) حصل على عقوبتين مدى الحياة)",(وايتي بولجر) يحصل على السجن مدى الحياة بتهمة الإبتزاز والقتل,0.64
القوات الكينية تسببت في انهيار مركز التسوق,المسؤول يقول أن القوات الكينية تسببت في انهيار المركز التجاري,1.0
البعثات الباكستانية في الإمارات تستعد للانتخابات,الأحزاب الإسلامية في مصر تتحد من أجل الانتخابات,0.28
عدد القتلى في كارثة بناء في بنغلاديش يزيد عن 500,انهيار مبنى في بنغلاديش: ارتفع عدد القتلى إلى 580,0.6
أزمة الرهائن في الجزائر تنتهي، عدد القتلى غير واضح,أزمة الرهائن في الجزائر تنتهي في حمام دم,0.76
الوزارة المصرية تحث مجدداً على إنهاء الاحتجاجات المؤيدة لمرسي,مصر: طفل قُتل في اشتباكات القاهرة بعد احتجاج مؤيد لمرسي,0.56
مانديلا من جنوب أفريقيا تم نقله إلى المستشفى,جنوب أفريقيا: مانديلا لا يزال في المستشفى,0.64
اليوان الصيني يرتفع إلى 6.2689 مقابل الدولار الأمريكي,يوان الصين يرتفع إلى مستوى جديد مقابل الدولار الأمريكي,0.6
الشرطة تستجوب رجل في حادث ممشى مميت في لوس أنجلوس,الشرطة اعتقلت المشتبه به في هجوم القيادة المميت في لوس أنجلوس,0.44
احتجاج شرطة مكافحة الشغب التركية بالغاز المسيل للدموع في ساحة تقسيم,شرطة مكافحة الشغب التركية تدخل ساحة تقسيم,0.6
إطلاق النار في شيكاغو يظهر فجوة في تعزيز الشرطة,إطلاق النار في شيكاغو يظهر فجوة في تعزيز الشرطة,1.0
الحكومة الفيدرالية تتحرك لتتطلب اتصالات السلامة بين السيارات,غواتيمالا تلغي إدانة الديكتاتور السابق بالإبادة الجماعية,0.0
كوريا الشمالية تتجنب عرض المحادثات,كوريا الشمالية تطلق صاروخين,0.24
"الأمير تشارلز ""يقارن بوتين بهتلر""","الأمير تشارلز ""يقارن فلاديمير بوتين بأدولف هتلر""",1.0
إيران تحذر من التدخل العسكري في العراق,انفجار بالقرب من مطار دمشق العسكري,0.0
رئيس الوزراء الإسرائيلي يتهم الرئيس الإيراني بالنفاق,رئيس الوزراء اليوناني يتهم الائتلاف بالنفاق,0.24
اشتباك الشرطة مع الشباب في القاهرة بعد احتجاج ضد مرسي,مصر: اشتباك الشرطة مع المتظاهرين المؤيدين لمرسي,0.56
اجتمع كبار الدبلوماسيين في ميونيخ في وقت حرج,كبار الدبلوماسيين يناقشون برنامج إيران النووي,0.48
وثيقة لجوء من الإكوادور لسنودن,سنودن مستعد للطيران من موسكو,0.24
رسالة رئيس الجمهورية الأفريقية بمناسبة اليوم العالمي لحرية الصحافة,باكستان تحتفل بيوم حرية الصحافة العالمي,0.44
وزراء خارجية الاتحاد الأوروبي يناقشون حظر الأسلحة على سوريا,وزراء خارجية الاتحاد الأوروبي يبحثون عن حل بشأن الأسلحة السورية,0.72
ارتفع عدد القتلى في زلزال الفلبين إلى 185,ارتفع عدد القتلى في زلزال الفلبين إلى 144,0.72
الأسهم التي يجب مراقبتها عند الإغلاق يوم الإثنين,الأسهم التي يجب مراقبتها يوم الاثنين,0.8
طائرات الجيش قتلت 38 متشدداً في الغارات الجوية في شمال غرب باكستان,طائرة بدون طيار أمريكية تقتل 4 متشددين في باكستان,0.64
الشرطة المصرية تطلق الغاز المسيل للدموع على المتظاهرين في القاهرة,الشرطة تطلق الغاز المسيل للدموع على المتظاهرين في القاهرة,0.8
الفلبين تعتقل السيناتور الثاني بسبب الفساد,الفلبين تتعافى بعد إعصار قوي,0.28
المبعوث الألماني متفائل بشأن محادثات إيران-مجموعة 5+1,"إيران ""متفائلة بحذر"" بشأن المحادثات النووية المستقبلية",0.28
مات عازف الجيتار الإسباني الشهير باكو دي لوسيا,غيتاريست الفلامنكو الإسباني باكو دي لوسيا يموت في 66 من عمره,0.92
كاسحة الجليد الصينية تغير مسارها نحو الأجسام المشبوهة,"طائرة بحث صينية تعثر على ""أشياء مشبوهة""",0.4
سنودن يواجه عقبات في البحث عن اللجوء,سنودن يضرب العقبات في البحث عن اللجوء,1.0
ارتفع عدد القتلى في انهيار مبنى في جنوب الهند إلى 47,4 قتلى في انهيار مبنى في جنوب الهند,0.56
باكستان تفرض حظرا مؤقتا على قنوات تلفزيونية,باكستان تسقط قضية ضد عميل مكتب التحقيقات الفيدرالي,0.28
السجناء الفلسطينيون يصلون إلى المخطة في رام الله,اعتداء على سجين باكستاني في سجن جامو,0.2
عشرة قتلى وخمسة جرحى في حادث طريق جنوب غرب الصين,5 إصابات في حادث سيارة في مدينة غزة,0.2
الحكومة التايلاندية تجمع قوات الأمن لإخماد احتجاجات بانكوك,قوات الأمن التايلاندية تبقى في الثكنات مع تراجع الاحتجاجات,0.36
أسو يرفض الاستقالة بسبب تعليقات النازية,رئيس الوزراء الاسباني يرفض الاستقالة بسبب فضيحة الفساد,0.04
انفجارات تقتل 29 شخصاً خارج مسجدين في طرابلس اللبنانية,انفجاران في مدينة صخرية في شمال لبنان,0.4
طائرات مقاتلة باكستانية تقصف مخابئ طالبان,باكستان تريد إيقاف إمدادات الأسلحة للجانب السوري,0.32
مسلحون يقتلون ثمانية في هجوم كينيا الثاني,مسلحون يقتلون 15 شخصاً في الهجوم الثاني في كينيا,0.6
الولايات المتحدة تستأنف البحث عن البحارة البريطانيين المفقودين,خفر السواحل الأمريكي يعلق البحث عن البحارة البريطانيين المفقودين,0.48
هجمات القنابل العراقية تقتل 13 شخصاً على الأقل,سيارة مفخخة بالقرب من الكنيسة تقتل 14 شخصا على الأقل,0.6
القوات المصرية تعتزم حظر الوصول إلى معسكرات المحتجين,القوات المصرية تتحرك لإخلاء معسكرات المحتجين المؤيدين لمرسي,0.48
الكاتبة نوبل دوريس ليسينغ توفيت في 94,حائزة جائزة نوبل دوريس ليسينغ توفيت في سن 94,1.0
رئيس حزب المعارضة الياباني ينتقد سياسات آبي الاقتصادية,حزب MDC المعارض في زيمبابوي يتحدى انتصار روبرت موغابي في الانتخابات,0.0
ثلاثة مشتبه بهم اعتقلوا في قضية تفجيرات بوسطن,شرطة (بوسطن) تقول أن 3 أشخاص تم اعتقالهم في تفجير (الماراثون),0.96
رئيس المعارضة الأوكرانية يريد المزيد من الاحتجاجات,المحتجون في أوكرانيا يسقطون تمثال لينين,0.48
الملكة تكرم نيلسون مانديلا,جماعة الرجبي في جنوب أفريقيا تعزف على مانديلا,0.2
انخفاض في سوق الأسهم الأمريكية معتدل,بيع التكنولوجيا يرسل أسواق الأسهم الآسيوية أقل,0.08
آخر أعمال عنف ضد المسلمين في بورما: 1 قتيل، 10 جرحى,آسيا: ميانمار: اندلاع العنف المميت ضد المسلمين,0.52
الهجوم المشتبه به من طائرات أمريكية بدون طيار يقتل 5 في باكستان,ضربة طائرة بدون طيار أمريكية تقتل 5 في باكستان,0.76
ضرورة قراءة المذكرة يوم الجمعة 24 مايو 2013,الملاحظة التي يجب قراءتها يوم الثلاثاء 29 أكتوبر 2013,0.4
22 قُتلوا في حادث منجم في جنوب غرب الصين,مقتل شخصين وإصابة العشرات في انفجار في جنوب غرب باكستان,0.12
تواصل شرطة نيويورك على تويتر يعود بالنتيجة السيئة,حملة شرطة نيويورك على تويتر تفشل,0.96
البحث التركي ينتهي مع العثور على آخر عمال المناجم المفقودين,البحث التركي ينتهي بالعثور على آخر عمال المناجم المفقودين,1.0
إيران تتوقع فشل محادثات السلام الإسرائيلية الفلسطينية,التوصل إلى اتفاق مبدئي لاستئناف المحادثات الإسرائيلية الفلسطينية - الولايات المتحدة,0.28
أوليفيا كولمان تفوز بجائزة بافتا الثانية,جائزة بافتاس 2013: أوليفيا كولمان تحصل على جائزتين,0.88
تيتانيك كمان نابسس سجل 1.4 مليون دولار,كمان تيتانيك يباع بمبلغ 1.7 مليون دولار,0.76
(أنكيت شافان) حصلت على كفالة مشروطة للزواج,(انكيت شافان) حصلت على الكفالة للزواج,1.0
أول طلب للخطوط الجوية اليابانية من إيرباص هو ضربة لبوينغ,شركة الخطوط الجوية اليابانية تطلب 31 طائرة إيرباص A350 بقيمة 9.5 مليار دولار,0.6
سيينا ميلر تشهد في محاكمة اختراق الهاتف في المملكة المتحدة,"(سيينا ميلر) تهاجم الصحافة لـ ""إخفاء التقارير"" في محاكمة القرصنة",0.6
إسرائيليون يهاجمون فلسطينيين في منطقة القدس,المستوطنون يضربون الفلسطيني في القدس,0.52
الاتحاد الأوروبي يمدد العقوبات ضد روسيا,نيجيريا تسقط تهم تهريب الأسلحة ضد البحارة الروس,0.08
"كوبا ترى ""دوراً رئيسياً"" للاستثمار الأجنبي",مجلس النواب سيصوت على خطة إعادة فتح الحكومة,0.0
نجم (غلي) (كوري مونتيث) عثر عليه ميتاً في غرفة الفندق,"تم العثور على (كوري مونتيث) ميتاً: نجمة ""جيلي"" الكندية كانت في الـ31 من عمرها",0.68
"رئيس الوزراء اللبناني يشكّل ""حكومة وحدة"" رئيس الوزراء اللبناني يشكّل حكومة بعد أكثر من 10 أشهر من توليه منصبه،",بيروت: رئيس الوزراء اللبناني شكل حكومة بعد أكثر من 10 أشهر من توليه منصبه أمس، بما في ذلك مجموعة واسعة من الجماعات السياسية,0.92
الرئيس الإيراني يظهر لأول مرة على الساحة العالمية,المرشح الرئاسي الإيراني يقول أن العقوبات الغربية يجب أن تُكسر,0.12
"كاميرون ""لا يشعر بالقلق"" بشأن اللحوم الحلال",التحقيق في صحة المحاربين القدامى يؤكد التستر على تأخير الرعاية,0.0
أكبر رجل في العالم يموت في عمر 116,أكبر رجل في العالم يموت في عمر 116 عاما,0.92
"""جنرال موتورز"" بطيئة في الإستدعاءات، وتظهر سجلات الكونغرس",المؤتمر العالمي للهواتف المحمولة,0.0
ارتفع عدد القتلى في تفجيرات لبنان إلى 47,اعتقال مشتبه به بعد تفجير سيارة في لبنان يقتل 45 شخصا,0.56
زعيم اليمين المتطرف اليوناني في السجن بانتظار المحاكمة,زعيم اليمين المتطرف في اليونان في السجن بانتظار المحاكمة,1.0
أصحاب المصانع في بنغلاديش اعتقلوا مع اقتراب عدد القتلى من 350,اعتقال مالكي مصانع بنغلاديشية,0.64
4 جنود مصريين قتلوا في كمين في سيناء,مقتل 3 جنود مصريين في تفجير سيارة في سيناء,0.64
حاملة طائرات بكين تعود من بحر الصين الجنوبي,الصين ترسل حاملة طائرات إلى بحر الصين الجنوبي,0.48
المحاكم المصرية تسمع القضايا ضد مبارك والإسلاميين,المحكمة المصرية تطلق سراح مبارك مؤقتا بسبب مكاسب غير مشروعة,0.36
نجاح موسكو في القرم قد يؤدي إلى إعادة رسم الحدود الشرقية لأوكرانيا,ميركل: تصرفات روسيا قد تؤدي إلى كارثة,0.52
مات نيلسون مانديلا عن عمر يناهز 95,مات نيلسون مانديلا في سن الـ 95,1.0
الملك البلجيكي ألبرت الثاني يستقيل لصالح ابنه,"ملك بلجيكا ألبرت الثاني ""للتنازل عن العرش""",0.84
رئيس الجستابو النازي 'دفن في مقبرة يهودية',رئيس نازي مدفون في مقبرة يهودية,0.96
التصويت السويسري على الحد الأدنى للأجور,السويسريون يصوتون على أعلى الحد الأدنى للأجور في العالم,0.92
أقسم كيفن رود كرئيس وزراء أستراليا,أقسم رود كرئيس وزراء أستراليا الجديد,1.0
المحتجون في منطقة دونيتسك يحتجزون شاحنات تحمل ذخيرة الصواريخ الحكومية,"""تعال وخذني"" يقول زعيم الاحتجاجات التايلاندية مع تزايد أعمال الشغب المناهضة للحكومة",0.16
نجمة فيلم (ايزي رايدر) كارين بلاك توفيت عن عمر 74 عاماً,ممثلة فيلم (ايزي رايدر) كارين بلاك توفيت بسبب السرطان,0.84
(بيل روتش) من شارع (كورونيشن) اعتقل,"نجوم شارع التتويج يشيدون بمجموعة جديدة ""مذهلة""",0.24
(ريد سوكس) هزموا (تايجرز) للوصول إلى البطولة العالمية,(ريد سوكس) هزموا (تايجرز) بنتيجة 5-2 ليتقدموا إلى دوري البطولة العالمي,0.88
ما لا يقل عن 22 قتيلا بعد زلزال الصين,ما لا يقل عن 89 قتيلاً في زلازل الصين,0.56
الأخبار هي عملي,الآيباد الجديد قادم,0.04
عدد القتلى في هليكوبتر غلاسكو يرتفع إلى تسعة,ارتفع عدد قتلى الزلزال إلى 260,0.12
ديفيد بيكهام سيتقاعد في نهاية الموسم,ديفيد بيكهام يتقاعد من كرة القدم,0.88
أفغانستان: انتحاري يقتل ثمانية في تفجير حافلة عسكرية,قنبلة على جانب الطريق تقتل ثمانية جنود أفغان,0.76
كيم من كوريا الشمالية يشيد بإعدام عم قوي,كيم من كوريا الشمالية وراء إقالة عم قوي,0.92
الاتحاد الأوروبي وميانمار يعملان على اتفاقية حماية الاستثمار,الصين لم تعد الوجهة الأولى للاستثمار: استطلاع,0.28
محرر تيهلكا متورط في عملية احتيال جنسي,رئيس تحرير تهيلكا يستقيل بعد مزاعم سوء السلوك الجنسي,0.84
السيدة الحديدية مارجريت تاتشر توفيت في 87 من عمرها,توفيت رئيسة الوزراء البريطانية السابقة مارغريت تاتشر في 87 من عمرها,0.92
أربعة من أنصار مرسي قتلوا في اشتباكات في مصر,آلاف من مؤيدي مرسي تجمعوا في مصر,0.44
الأمم المتحدة تدين عمليات القتل العرقية في مدينة النفط في جنوب السودان,الأمم المتحدة تدين القتل العرقي في جنوب السودان,0.92
"المباحث الفيدرالية تسقط نداء ""حبوب الصباح التالية""",الولايات المتحدة تسمح بتناول حبوب منع الحمل الصباحية للفتيات من أي عمر,0.52
الشرطة تطلق الغاز المسيل للدموع على المتظاهرين في بانكوك,الشرطة تطلق الغاز المسيل للدموع على المتظاهرين,0.6
إطلاق النار، الاحتجاجات والتصويت,المتظاهرون التايلانديون يعطلون التصويت المسبق,0.72
إغلاق مؤشر الأسهم الصيني الآجلة منخفض -- 23 أبريل,إغلاق العقود الآجلة لمؤشر الأسهم الصيني مرتفعة -- 4 ديسمبر,0.44
سبعة فلبينيين قتلوا في هجوم في اليمن,جنود سوريون قتلوا في تفجير,0.16
إسرائيل تنهي قضية الضربات الجوية، الفلسطينيون ينتقدونها,القوارب الإسرائيلية تطلق النار على الصيادين الفلسطينيين,0.28
المتظاهرون يسقطون تمثال لينين في كييف,المتظاهرون الأوكرانيون يسقطون تمثال لينين في كييف,0.88
"إيران ""تحبط محاولات التخريب النووي""",إيران تقول أنها اكتشفت تخريب في منشأة نووية,0.72
اليوان الصيني يرتفع إلى 6.1184 مقابل الدولار يوم الثلاثاء,اليوان الصيني يتعزز إلى 6.168 مقابل الدولار يوم الاثنين,0.64
احتجاجات في البرازيل على الرغم من التنازلات,الاحتجاجات مستمرة في أوكرانيا رغم التنازلات,0.24
الملكة تزور مسرح هجوم جندي في لندن,الملكة إليزابيث الثانية تزور ثكنات الجندي البريطاني الذي قتل الأسبوع الماضي,0.84
القوات الهندية والصينية تتراجع إلى الحدود الفعلية في صفقة مواجهة,تقول الهند أن الصين توافق على التراجع إلى الحدود الفعلية في صفقة مواجهة,0.84
الإغاثة في بوسطن مع القبض على المشتبه به الثاني,الشرطة أكدت كيف تم القبض على المشتبه به,0.48
الجيش السوري يستعيد قلعة الصليبيين من المعارضة,الجيش السوري يستعيد قلعة الصليبيين التاريخية,0.92
السعودية تعطي الجيش اللبناني 3 مليارات دولار,السعودية ستمنح الجيش اللبناني 3 مليارات دولار,1.0
إطلاق سراح عمال الصليب الأحمر في أوكرانيا,إختطاف أعضاء الصليب الأحمر في سوريا,0.16
المبعوث السوري يقول لا محادثات سلام بدون المعارضة,سوريا: كاميرون وأوباما يقتربان من التدخل,0.12
الملكة لتسمية أكبر ناقلة على الإطلاق,الملكة تسمي حاملة الطائرات العملاقة,0.84
المسلحون البنغاليون هربوا من شاحنة السجن في كمين,سيارة سجن بنغلاديش تعرضت للكمين,0.68
عثر على حطام طائرة الخطوط الجوية الجزائرية التي تقل 116 شخصاً في مالي,حطام طائرة الخطوط الجوية الجزائرية رحلة AH5017 وجدت في مالي,0.68
الفلسطينيون المؤثرون يبحثون عن دولة ديمقراطية واحدة,جامعة الدول العربية تدعم الموقف الفلسطيني في محادثات السلام,0.12
عشرات القتلى في تحطم طائرة روسية,عشرة قتلى في حادث تحطم طائرة في ألاسكا,0.28
تجار التجزئة الأمريكيون يوافقون على اتفاق سلامة النباتات في بنغلاديش,70 من تجار التجزئة يوافقون على اتفاقية سلامة مصانع بنغلاديش الجديدة,0.8
إغلاق الحكومة الأمريكية يبدأ - تحديثات حية,إغلاق الحكومة يبدأ بسبب الخلاف في الرعاية الصحية,0.64
انتحاري يقتل 14 في أفغانستان,انفجار انتحاري يقتل 1 في العاصمة الأفغانية,0.6
الصين تطلق مسبار و مركبة إلى القمر,الصين تطلق أول مركبة على سطح القمر,0.8
كل العيون على رحلة خورشيد ...,وزراء مالية الاتحاد الأوروبي يتحدثون مع...,0.36
أستراليا تخفض أسعار الفائدة إلى مستوى قياسي منخفض,أستراليا تخفض سعر الفائدة إلى مستوى قياسي منخفض 2.75%,0.76
وكالة الأنباء الصينية تستهدف التأخير في البحث عن الطائرة,عشرة سفن صينية في حالة تأهب للبحث عن الطائرة,0.64
الكلمات المتقاطعة الكلاسيكية السبت الأول من يونيو,الكلمات المتقاطعة الكلاسيكية - السبت 20 أبريل,0.32
كوريا الشمالية تجربة إطلاق 30 صاروخ قصير المدى,كوريا الشمالية تطلق صواريخ قصيرة المدى,0.68
وفاة دبلوماسي فلسطيني في انفجار براغ,قتل دبلوماسي فلسطيني في انفجار في براغ,1.0
"المبتدئ ""قيادة عبارة كوريا الجنوبية""",القبض على قائد العبارة في كوريا الجنوبية,0.48
الرئيس الصيني يلتقي نائب الرئيس الهندي,الرئيس الصيني يلتقي بوزير الخارجية الأمريكي,0.32
فتاة مراهقة قتلت في شرق لندن شيركا مارش أصيبت بطلق ناري في الرقبة، تقول الشرطة,إطلاق النار في هاكني: المراهقة شيريكا مارش 'نزفت حتى الموت بعد إطلاق النار على رقبتها',0.92
ارتفع عدد القتلى في هجوم نيروبي إلى 59,ارتفع عدد القتلى بسبب العنف في مصر إلى 638,0.32
سفينة السلام الصينية تغادر إلى الفلبين يوم الخميس,الصين ترسل فريق إغاثة إلى الفلبين,0.8
"معارضون إيرانيون ""قتلون في العراق""",فرنسا تفقد نفوذها في أوروبا,0.0
(جيمس غاندولفيني) توفي في سن الـ 51,مات نيلسون مانديلا عن عمر يناهز 95,0.08
ما يقرب من تسعة ملايين شخص في 'ديون خطيرة',قنبلة الديون الموقوتة في بريطانيا: تسعة ملايين في 'ديون خطيرة',0.84
تحديث - انفجارين بالقرب من خط النهاية في ماراثون بوسطن,تقرير عن انفجارين على خط النهاية في ماراثون بوسطن,1.0
اثنا عشر قُتلوا في انفجار قنبلة في قطار باكستاني,خمسة قتلى في انفجار قنبلة في شرق الهند,0.2
الحرب الباردة الجديدة,حرب باردة جديدة؟,0.96
"""سيدات"" كوبا تحصل على جائزة الاتحاد الأوروبي بعد تأخير 8 سنوات","""سيدات"" كوبا يحصلن على جائزة الاتحاد الأوروبي بعد 8 سنوات",1.0
أربعة عشر قُتلوا في حادث حافلة في البرازيل,قتل اثنان في حادث القفز بالمظلات في أريزونا,0.12
الولايات المتحدة: الأسد استخدم الأسلحة الكيميائية ضد المتمردين السوريين,الأسد يوافق على تسليم الأسلحة الكيميائية,0.36
عدد القتلى في بنغلاديش يتراجع إلى 194,ما لا يقل عن 200 قتيل في انهيار مبنى في بنغلاديش,0.68
مراهقون إسرائيليون مفقودون في الضفة الغربية,إسرائيل تعثر على جثث ثلاثة مراهقين في الضفة الغربية,0.56
الرئيس يبكي وفاة مانديلا,العالم يبكي وفاة مانديلا,0.68
انفجاران بالقرب من السفارة الإيرانية في بيروت، 7 قتلى,انفجار قرب السفارة الإيرانية في بيروت,0.64
أسهم سنغافورة تفتح على ارتفاع بنسبة 0.31% يوم الاثنين,أسهم سنغافورة افتتحت في انخفاض يوم الاثنين,0.44
انتحاري يقتل 23 جندياً عراقياً,انتحاري يقتل 13 جندياً عراقياً في بغداد,0.48
الزبائن الصم يقاضون ستاربكس يقولون انهم يسخرون منهم,يقاضون زبائن (ستاربكس) الصم في (نيويورك) ويقولون أنهم سخروا منهم,0.92
تم إجلاء الآلاف في حريق مترو موسكو,تم إجلاء الآلاف بعد اندلاع حريق في مترو موسكو,0.96
38 قُتلوا في الأمطار والفيضانات المفاجئة في باكستان,ثلاثة قتلى في انهيار ملعب في البرازيل,0.08
7 قتلى على يد مقاتلي الحوثيين الشيعة في شمال اليمن,5 قتلى على الأقل في نزاع طائفي في شمال اليمن,0.6
إيران مستبعدة من محادثات السلام السورية: الأمم المتحدة,العديد من القتلى في الغارة الجوية السورية,0.08
كيري يدعو الكونغرس لإنهاء الإغلاق,الكونغرس البرازيلي يوافق على تشريع الإنترنت,0.08
المشتبه بهم في مؤامرة القطار في كندا يرفضون الاتهامات,الكنديون الذين أطلق سراحهم في مصر، لم يعودوا بعد إلى الوطن,0.2
انفصاليون شرق أوكرانيا يطلبون الانضمام إلى روسيا,برلمان القرم يصوت للانضمام إلى روسيا,0.56
أقسم رود كرئيس وزراء أستراليا الجديد,المسلمون يختبئون كطائفيين,0.0
الصخور القمرية تشير إلى كرة الأرض المولودة من الاصطدام,الوزير الهندي قتل في تصادم وجهي,0.0
بلاكبيري تخسر 965 مليون دولار في الربع الثاني,بلاكبيري تخسر 965 مليون دولار في الربع الثاني,1.0
مصر تعارض بشدة العمل العسكري ضد سوريا,ردود الفعل على احتمال العمل العسكري ضد سوريا,0.32
المتمردون الموالون لروسيا أسقطوا طائرة ماليزية: أوكرانيا,روسيا تحضر مقترحات مضادة بشأن أوكرانيا,0.36
لا جدال مع جاكرتا حول القوارب: آبوت,لا اتفاق في محادثات إيران النووية,0.08
الولايات المتحدة تعتقد أن سوريا ربما استخدمت أسلحة كيميائية,الولايات المتحدة تعتقد أن الحكومة السورية استخدمت أسلحة كيميائية,0.92
المعارضة المصرية تنتقد خطاب الرئيس,حزب المعارضة في باكستان يقاطع الانتخابات الرئاسية,0.0
الحرب السورية مستمرة منذ سنوات,النظام السوري يطلق سراح مئات السجناء,0.2
روسيا تقول أن الصواريخ الباليستية أطلقت في البحر المتوسط,إسرائيل تقول أنها أجرت تجربة صاروخية مشتركة مع الولايات المتحدة في البحر المتوسط,0.2
"بركان ينفجر في إندونيسيا - 100,000 تم إجلاؤهم وأغلقت المطارات",ثوران بركان يغلق 3 مطارات,0.6
49 قتيلا و 148 جريحا في هجمات عنيفة في العراق,مقتل 2 وجرح 11 في هجمات في العراق,0.28
الرئيس الأوكراني يانوكوفيتش يقول إنه لا يخطط للاستقالة,المعارضة الأوكرانية تطلب استقالة يانوكوفيتش,0.28
فيضانات مفاجئة تقتل 58 شخصاً في شرق أفغانستان,إصابة 16 في شرق أفغانستان,0.16
المحققون يحققون في دوافع مطلق النار في مطار لوس أنجلوس,المحققون يحققون في دوافع مطلق النار في مطار لوس أنجلوس,1.0
الغضب بعد أن ظهرت تقارير حول فتاة هندية عمرها 6 سنوات تعرضت للاغتصاب في المدرسة,غضب بعد اغتصاب فتاة هندية تبلغ من العمر 6 سنوات في مدرستها,1.0
(جانيت ييلين) ستصبح أول امرأة تقود الاحتياطي الفيدرالي,مجلس الشيوخ الأمريكي يؤكد جانيت ييلين رئيس الاحتياطي الفيدرالي الأمريكي,0.92
القوى العالمية، إيران تحت روحاني تجدد المحادثات النووية,القوى العالمية تسعى لتحقيق تقدم نادر في المحادثات النووية الإيرانية,0.76
الإخوان المسلمون محظورون في مصر,الجيش يسيطر على مصر,0.24
المزيد من الوفيات متوقعة في انفجار قطار النفط في كندا,خمسة قتلى في حادث قطار في كندا,0.56
الفلبين تؤجل التعليق على هجوم صياد تايواني,تأثير بن لادن المتواصل يظهر في هجوم مركز تجاري في كينيا,0.08
حشود، كبار الشخصيات يجتمعون لحفل تذكاري لمانديلا,"أوباما يلتقط ""سيلفي"" في جنازة مانديلا",0.32
أوباما يحث الإسرائيليين والفلسطينيين على ضبط النفس,أوباما يلتقي بالمفاوضين الإسرائيليين والفلسطينيين,0.36
روسيا تطلق سراح طبيب غرينبيس,المحكمة الروسية تطلق سراح طبيب سفينة غرينبيس بكفالة,0.84
حطام طائرة روسية وجد بعد عام,روسيا تخلي سفارتها في ليبيا بعد الهجوم,0.04
17 قتيلاً في هجوم طائرة أمريكية بدون طيار على حفل زفاف في اليمن,طائرة أمريكية بدون طيار تقتل 14 شخصًا عن طريق الخطأ في قافلة زفاف في اليمن,0.8
مؤشر الصناعة الصناعية في الصين عند أدنى مستوى في 11 شهرًا: HSBC,الصناعة الصناعية في الصين تتوسع في سبتمبر,0.2
فرنسا تحظر مسابقات جمال الأطفال,فيسبوك يختبر خدمة الدفع عبر الهاتف المحمول,0.08
اليوم في التاريخ، 2 ديسمبر,اليوم في التاريخ، 23 أبريل,0.36
سفن تنقل الأسلحة الكيميائية السورية,الأمم المتحدة تعتمد قرار الأسلحة الكيميائية السورية,0.36
ارتفع عدد القتلى إلى 29 في انهيار مبنى في مومباي في الهند,ارتفع عدد القتلى إلى 12 في انهيار منجم إندونيسيا,0.12
المتطرفون يعلنون مسؤوليتهم عن هجمات النيجر,المجموعة المسلحة اليونانية أعلنت مسؤوليتها عن جرائم قتل الفجر الذهبي,0.28
القوات الموالية لروسيا تدخل قاعدة بحرية أوكرانية في القرم,القوات القرمية تقتحم مقر البحرية الأوكرانية,0.76
تم العثور على جثة رجل الشحن الكوري الجنوبي المفقود في الميدان,كارثة عبارة سيوول: تم العثور على جثة قطب الشحن الكوري الجنوبي,0.84
لا يوجد تحديث عن حالة نيلسون مانديلا,حالة نيلسون مانديلا تتحسن,0.44
أوكرانيا: تسعة قتلى في اشتباكات في كييف,أوكرانيا تتعرض لضغوط بسبب اشتباكات كييف,0.4
بعثات مراقبة جوية أمريكية للمساعدة في العثور على الفتيات النيجيريات المختطفات,طائرات المراقبة الأمريكية تشارك في البحث عن الفتيات النيجيريات المختطفات,0.84
الأمير جورج يعمد في قصر القديس جيمس,الأمير (جورج) يُعمّد في لندن,0.76
(مونتي بايثون) سيعودون لمسلسل جديد,(مونتي بايثون) سيجتمعون على المسرح,0.8
وزير الخارجية الإيطالي يتحدث مع نائب الرئيس في غانا,رئيس الوزراء البلجيكي يرسل تعازيه للضحايا,0.04
المسلح الذي احتجز رجال إطفاء ضواحي (أتلانتا) كرهائن قد مات الآن، تقول الشرطة,الفيديو: مسلح يحتجز رجال إطفاء رهائن في جورجيا,0.28
قضية برادلي مانينج و ويكيليكس تتحول إلى الحكم,قضية مانينغ ويكيليكس تتحول إلى مرحلة الحكم,1.0
"استطلاع مصر: 98 في المئة يصوتون ""نعم"" على الدستور الجديد",مصر تجري تصويت رئيسي على الدستور,0.48
إيران، ست قوى عالمية توقيع اتفاق نووي تاريخي,إيران والقوى العالمية تتفق على اتفاق نووي,0.92
القوات الإسرائيلية تعتقل 6 فلسطينيين في غارات على الضفة الغربية,إسرائيل تصنف سكان القدس الأصليين كغير مواطنين,0.2
قلق لاهاي من سير الانتخابات في زيمبابوي,"زيمبابوي: ""مخاوف خطيرة"" بشأن الانتخابات",0.56
أسهم هونغ كونغ تنتهي مرتفعة,الأسهم الهندية تفتح أعلى,0.12
كبار الشخصيات يقدمون تحية لبول ديسمارايس,(النجوم تكرم (جيمس غارنر,0.08
رحلات جنوب غربية بسبب خلل كمبيوتر,"تأخرت رحلات ""ساوث ويست"" وألغيت بعد خلل حاسوبي",0.84
سفارة الفاتيكان في سوريا تعرضت لإطلاق قذائف الهاون,سفارة الفاتيكان في سوريا تعرضت للقذائف الهاونية، لا إصابات,0.72
كوريا الشمالية تمنع الوصول إلى المنطقة الصناعية المشتركة,كوريا الشمالية تمنع الوصول إلى المنطقة الصناعية الرئيسية,0.84
المتشددون الإسلاميون قتلوا 9 سياح أجانب وواحد باكستاني,مسلحون يقتلون 11 سائحاً أجنبياً في باكستان,0.56
"قوات ""غربية"" تهاجم قاعدة متشددين إسلاميين في الصومال",القوى الغربية تسعى لصداقة مودي,0.2
(هونغ كونغ) تستعد لحضور مسيرة ديمقراطية ضخمة في الذكرى السنوية لتسليم السلطة,(هونغ كونغ) جاهزة لحملة ديمقراطية ضخمة,0.76
انتحاري يقتل 20 في العراق,انتحاري يهاجم مدرسة ابتدائية في العراق، يقتل 15,0.6
خمسة أطفال دفنوا أحياء في انهيار أرضي,تسعة أطفال يموتون في هجوم في أفغانستان,0.08
6 قتلى بسبب الحمم الساخنة أثناء اندلاع بركان اندونيسيا,خمسة قتلى في ثوران إندونيسيا,0.6
مقتل 11 على الأقل في انهيار مبنى في الهند,ما لا يقل عن 66 قتيلا في تفجيرات في العراق,0.12
بدأت الانتخابات الرئاسية في مصر,مصر تصدر قانون الانتخابات الرئاسية الذي طال انتظاره,0.56
إبن الواعظ الأمريكي انتحر إبن الواعظ الأمريكي الشهير ريك وارن انتحر,ابن الواعظ الشهير الأمريكي (وارين) يقتل نفسه,0.88
البرلمان الإيطالي يدعم رئيس الوزراء الجديد,سقوط القطار يقتل 4 أشخاص في نيويورك,0.0
المشرعون الروس يوافقون على مشروع قانون جديد للحد من الإنترنت,"روسيا تقول أن ""أجسام"" باليستية أطلقت في البحر المتوسط",0.08
إعصار هايان، أقوى إعصار هذا الموسم، يضرب الفلبين,الإعصار الهاييان يقترب من الفلبين,0.68
حلف شمال الأطلسي يدين القمع الأوكراني,السندات التايلاندية أفضل في المنطقة,0.0
الصين ستحقق في صادرات النبيذ من الاتحاد الأوروبي,تحقيق (كريستي) يزداد حرارة,0.24
(كونان أوبراين) في عشاء مراسلي البيت الأبيض,(أوباما) و (أوبراين) ألقوا نسختهم من عشاء مراسلي البيت الأبيض في العاصمة,0.72
متهم بتفجيرات بوسطن متهم بدوافع دينية,المشتبه به في تفجيرات (بوسطن) مُتهم في سرير المستشفى,0.6
الأسواق الآسيوية مختلطة على بيانات تجارة الصين,الأسواق الآسيوية تتراجع بسبب مخاوف البنك المركزي من التحفيز,0.28
أكبر شخص في العالم يموت في اليابان في عمر 116 عاما,جيرومون كيمورا: أكبر شخص في العالم يموت عن عمر يناهز 116 عاما,0.96
أسعار الصرف الأجنبي في الهند,أسعار الصرف الأجنبي في سنغافورة,0.28
حريق كولورادو يدمر أكثر من 90 منزلاً مع تفاقم الرياح,حريق كولورادو قد يكون أكبر مدمر للممتلكات في تاريخ الولاية,0.72
زلزال بقوة 6.3 ضرب جزيرة إندونيسيا,زلزال بقوة 6 ضرب تايلاند,0.4
الولايات المتحدة، الحكومة الأفغانية لإجراء محادثات سلام مع طالبان,باكستان تجري محادثات مباشرة مع طالبان,0.4
أخبار الإرهاب والنزاع الإسرائيلي الفلسطيني (22 يناير  ⁇  28 يناير 2014),أخبار الإرهاب والنزاع الإسرائيلي الفلسطيني (31 يوليو  ⁇  6 أغسطس 2013),0.6
"""إما أن يكون متأخراً جداً أو مبكراً جداً للتدخل في سوريا""",رئيس الأمم المتحدة: المفتشون يحتاجون إلى 4 أيام لإنهاء التحقيق في سوريا,0.32
فريق التفاوض النووي الإيراني يغادر إلى كازاخستان,السعي النووي الإيراني 'كلف طهران أكثر من 100 مليار دولار',0.2
طلبات المصانع الأمريكية تراجعت بنسبة 0.7 في المائة في يناير,طلبات المصانع الألمانية تتعافى في يناير,0.16
مسلحون يحيطون بوزارة الخارجية الليبية لدفع مطالبهم,مسلحون يحاصرون وزارة الخارجية الليبية للضغط على المطالب,1.0
ارتفع عدد القتلى من الإعصار إلى 3633,عدد القتلى في مصر يرتفع إلى 638,0.12
رئيس أوغندا يوقع على مشروع قانون ضد المثليين,رئيس أوغندا يوقع على قانون قاس ضد المثليين,0.84
البرلمان الروسي يسمح لبوتين باستخدام الجيش في أوكرانيا,روسيا ليس لديها نية لدمج جنوب شرق أوكرانيا: وزير الخارجية,0.36
بريدلي مانينج بريء من مساعدة العدو,جندي ويكيليكس برادلي مانينغ بريء من مساعدة العدو,0.88
"مجموعة السبع ""لتعزيز العقوبات على روسيا""",أوكرانيا تخشى الغزو الروسي,0.12
طائرة فرقة موسيقى الروك تقوم بإنزال طارئ في إيل,طائرة فرقة موسيقى الروك تقوم بإنزال طارئ في إيل,1.0
رئيس الوزراء الروسي في اليوم الثاني من زيارة القرم,روسيا تحذر من وضع شروط مسبقة لسوريا,0.16
القاضي يوافق على إطعام سجناء كاليفورنيا بالقوة,القاضي الأمريكي يوافق على إطعام سجناء كاليفورنيا بالإضراب عن الطعام بالقوة,0.92
عنف العصابات يقتل 16 في سجن فنزويلي,ستة عشر قُتلوا في سجن فنزويلا,0.8
الوفيات العسكرية الأمريكية في أفغانستان في 2153,قتلى الجيش الأمريكي في أفغانستان,0.68
إسرائيل والفلسطينيون يبحثون عن اجتماع آخر يوم الاثنين: مسؤول أمريكي,الفلسطينيون: لا نريد فشل مهمة كيري,0.28
العاصفة الاستوائية كارين تستهدف ساحل الخليج الأمريكي,العاصفة الاستوائية (كارين) على وشك الوصول إلى البر,0.76
سيموس هيني، الشاعر الأيرلندي للتربة والصراع، يموت في سن 74,سيموس هيني، الشاعر الأيرلندي والحائز على جائزة نوبل، يموت في سن 74,0.96
المسلمون في بنغلاديش يتظاهرون ضد المدونين الملحدين,إسلاميون بنغلاديشيون يتظاهرون للمطالبة باتخاذ إجراء ضد المدونين الملحدين,0.92
تحطم طائرة الخطوط الجوية الماليزية رحلة MH17 في شرق أوكرانيا,تحطمت طائرة الخطوط الجوية الماليزية على الحدود الأوكرانية الروسية,0.8
انتحاري يقتل 13 شخصاً في مطعم بوسط الصومال,انتحاري يقتل أربعة على الأقل في كابول,0.36
أنتوني وينر ينزلق إلى المركز الرابع في استطلاع جديد,(وينر) سقط إلى المركز الرابع في استطلاع رأي عمدة مدينة نيويورك الجديد,1.0
الهند تتهم الصين بتجاوز الحدود الفعلية,مجلس الشيوخ، البيت على مسار التصادم على الأموال الحدودية,0.12
"امرأة سودانية حامل تزوجت من رجل مسيحي حُكم عليه بالإعدام بتهمة ""الرتداد""",السودان يطلق سراح امرأة مسيحية حُكم عليها بالإعدام بتهمة الردة,0.56
زوجة الدبلوماسي الأمريكي كيري تم نقلها إلى المستشفى,زوجة وزير الخارجية الأمريكي (جون كيري) تم نقلها إلى المستشفى,1.0
"كيري يتابع ""استراتيجية هادئة"" في عملية السلام في الشرق الأوسط",كيري يلتقي بالزعماء الإسرائيليين لدفع السلام في الشرق الأوسط,0.76
كوريا الشمالية تقول إعادة تشغيل المفاعل النووي,كوريا الشمالية تقدم محادثات: قد يعاد فتح المجمع,0.72
محكمة مصرية تدرس إطلاق سراح مبارك,محكمة مصر تأمر بإطلاق سراح مبارك,0.8
تفجير انتحاري يقتل ثمانية ويجرح 13 في العاصمة الأفغانية,انتحاري يقتل 4 أشخاص في المدينة القديمة في العاصمة السورية,0.16
المشتبه به في تفجيرات (بوسطن) مُتهم في سرير المستشفى,بعد أسبوع: بوسطن تكرم ضحايا التفجيرات المشتبه به غير قادر على الكلام,0.24
المزيد من الأمطار تعوق عمليات الإنقاذ الهندية,سياحة أمريكية تعرضت للاغتصاب الجماعي في شمال الهند: الشرطة,0.08
نظرة على الهجمات الإرهابية الكبرى في شرق أفريقيا,مجلس الأمن الدولي ينتقد الهجوم الإرهابي المميت في العاصمة الكينية,0.32
روسيا ترد على وقف إطلاق النار في أوكرانيا,قبرص تحقق في أصول أوكرانيا,0.16
"قام كيم جونغ أون بإعدام عمه ""الأسوأ من الكلب""",كوريا الشمالية تعدم عم كيم جونغ أون,0.7
دعم ملون في كأس العالم في البرازيل,ميركل ستحضر نهائي كأس العالم,0.24
مانديلا لا يزال في المستشفى,"مانديلا لا يزال في ""العناية المركزة""",0.72
أعضاء طاقم العبارة في كوريا الجنوبية يحاكمون,طاقم العبارة سيول يواجه المحاكمة,0.88
مصر تصوت على دستور جديد,المصريون يصوتون على الدستور الجديد,1.0
ضربة طائرة بدون طيار أمريكية تقتل ستة مسؤولين في باكستان,طائرة بدون طيار أمريكية تقتل 4 متشددين في باكستان,0.56
فيتنام تكتشف إشارات من الطائرة المفقودة,الصين توسع منطقة البحث عن الطائرة المفقودة,0.4
لعبة الكريكيت: إنجلترا ضد أستراليا,كريكيت إنجلترا 155-4 ضد أستراليا، الاختبار الرابع - الشاي,0.8
عيد ميلاد جمهورية كوريا الشعبية الديمقراطية سيتم الاحتفال به في بيرو,"مركبة "" كيوريوسيتي "" تحتفل بمرور عام على المريخ",0.08
زلزال قوي قدره 7.6 ضرب جزر سولومون,زلزال قوي قدره 6.9 ضرب قبالة ساحل كاليفورنيا,0.44
الهند: صورة اليوم: 21 مايو,الهند: صورة اليوم: 16 يناير,0.36
زعيم أستراليا طرد في تصويت سريع على القيادة,رئيس الوزراء الأسترالي جيلارد أطيح به في تصويت القيادة,0.8
أوباما يدين العنف في مصر و يلغي التدريبات العسكرية,باكستان تدين العنف في مصر,0.16
الأرجنتين تعلن الحداد على ضحايا الفيضانات,الآباء يطلبون نماذج مشتركة للقبول في الحضانة,0.0
تعميد الأمير مزيج من القديم والجديد,خطة المعمودية، والدين عراب الطفل الملكي وكل التفاصيل,0.44
ما تقوله الصحف، 20 مايو 2013,ماذا تقول الصحف؟ 19 نوفمبر 2013,0.47
جوجل تطلق هاتف نيكسوس 5 مع كيت كات,جوجل تعيد تصميم نتائج البحث على أجهزة الكمبيوتر,0.2
قصف يستهدف حزب الله جنوب بيروت,انفجار ضرب منطقة حزب الله جنوب بيروت,0.84
الولايات المتحدة والحلفاء لإضافة عقوبات ضد روسيا على أوكرانيا,الاتحاد الأوروبي يفرض عقوبات جديدة على روسيا بسبب أوكرانيا,0.6
المصانع التي تعمل بالتعاون الكوري تصبح صامتة,كوريا الشمالية والجنوبية تكسران صمتهما بمحادثات,0.2
رئيس الوزراء الصيني يلتقي نائب الرئيس الهندي,حزب الله يحث على انتخاب رئيس لبناني جديد,0.0
الرئيس الجزائري في فرنسا لإجراء فحوصات طبية,الرئيس الجزائري في فرنسا لإجراء فحوصات طبية بعد سكتة دماغية طفيفة,0.72
لا يزال الإسلاميون يحتجزون حوالي 30 رهينة بينما تستمر المواجهة في مركز التسوق الكيني,عدد القتلى يرتفع مع استمرار حصار مركز التسوق في كينيا,0.64
مانشستر سيتي يفوز بلقب الدوري الممتاز الثاني في ثلاث سنوات,مانشستر سيتي يفوز بلقب الدوري الإنجليزي الممتاز,0.76
جثث ضحايا تحطم طائرة MH17 تم نقلها إلى هولندا,القتلى من رحلة MH17 أعيدوا إلى هولندا,0.96
قتل شرطي مصري في هجوم في سيناء,جنود مصريون قتلوا في هجوم سيناء,0.68
تمديد محتمل للمحادثات النووية الإيرانية,انخفضت أسعار النفط إلى أقل من 108 دولارات قبل محادثات إيران النووية,0.28
الحريق يقتل 38 شخصاً في مستشفى روسي للأمراض النفسية,38 قُتلوا في حريق مستشفى روسي للأمراض النفسية,0.72
روسيا تحذر من أنها قد لا توقع على معاهدة الأسلحة التاريخية للأمم المتحدة,الأمم المتحدة تقترب من معاهدة الأسلحة التاريخية,0.32
ديدييه ريندرز عن سوريا,يوم أوباما: وقت العرض الرئيسي لسوريا,0.32
كوريا الشمالية: الخبراء يطالبون بالحوار ويقولون إن على الصين أن تلعب دوراً,كوريا الشمالية تقطع العلاقات الأخيرة مع الجنوب من خلال حظر المجمع الصناعي المشترك,0.16
الأسهم الصينية تفتح على ارتفاع يوم الاثنين,أسهم الصين تغلق بانخفاض يوم الخميس,0.2
تم الكشف عن سلسلة Sony Xperia Z2 و Nokia X,المحكمة تفرض حظرًا سياسيًا على إيطاليا,0.0
من المحتمل أن ينتقل فيروس كورونا الجديد من شخص إلى آخر - منظمة الصحة العالمية,منظمة الصحة العالمية: الفيروس الجديد يمكن أن ينتقل من شخص لآخر,0.76
"عاد (مانديلا) إلى المستشفى في حالة ""خطيرة ولكن مستقرة""","نيلسون مانديلا يعود إلى المستشفى في حالة ""خطيرة ولكن مستقرة""",1.0
انفجار شرق هارلم يزيد عدد القتلى,عدد القتلى بسبب العاصفة في المكسيك يواصل الارتفاع,0.0
رئيس الوزراء الأوكراني يستقيل وسط الاحتجاجات,رئيس الوزراء البريطاني يدين قتل المراهقين,0.0
رايل هوكس دي جي يتخذ إجراءات ضد المحطة,حركة طالبان تفجّر قاعدة أمريكية في أفغانستان,0.0
ارسنال ضد ستوك سيتي على الهواء مباشرة,(توتنهام) ضد (مانشستر سيتي),0.44
أخبار الأعمال والأسواق: كما حدث، 17 أبريل 2013,أخبار الأعمال والأسواق: كما حدث، 20 يونيو 2013,0.48
إيران والقوى العالمية تبدأ جولة جديدة من المحادثات النووية,إيران والقوى العالمية تتعهدون بمحادثات نووية جديدة,0.84
العاصفة الاستوائية كارين تستهدف ساحل الخليج الأمريكي,العاصفة الاستوائية كارين تضعف بينما تقترب من ساحل الخليج الأمريكي,0.52
عمال قتلوا في انهيار مبنى في الهند,76 قتيلا في انهيار مبنى في بنغلاديش,0.6
كوريا الشمالية تطلق ثلاثة صواريخ قصيرة المدى,كوريا الشمالية تطلق صواريخ قصيرة المدى,0.76
سيارة مفخخة تقتل 37 شخصاً في شمال غرب باكستان,قنبلة تقتل ثلاثة في شمال غرب باكستان,0.52
الخطوط الجوية الماليزية فقدت الاتصال مع الطائرة التي تحمل 239 إلى بكين,طائرة الخطوط الجوية الماليزية تختفي أثناء رحلتها إلى بكين,0.8
مايكروسوفت تقول انها ستخفض 18000 وظيفة,مايكروسوفت ستخفض 18 ألف وظيفة,1.0
صوت الماليزيين في استطلاعات الرأي من أجل الاستقرار أو التغيير,الانتخابات الماليزية: للمرة الأولى يصوت المواطنون بالسلطة على المحك,0.68
حريق يدمر مدينة تبتية قديمة في الصين,حريق يدمر بلدة تبتية في الصين,0.88
ياهو توافق على شراء Tumblr مقابل 1.1 مليار دولار نقدا,ياهو تشتري Tumblr مقابل 1.1 مليار دولار,1.0
الهند تبدأ التصويت في أكبر انتخابات في العالم,الناخبون في الهند يبدأون أكبر انتخابات في العالم,1.0
سيارة مفخخة في شمال سوريا تقتل 12 شخصاً على الأقل,غارات جوية سورية تقتل 18 شخصاً على الأقل في حلب,0.4
ارتفع عدد القتلى في زلزال الفلبين إلى 73,ارتفع عدد القتلى في زلزال الفلبين إلى 85,0.56
انتهى البحث عن طالبي اللجوء المفقودين,البحث عن رجل مفقود,0.28
الرئيس الأوكراني يأمر بوقف إطلاق النار لمدة 7 أيام في الشرق,رئيس أوغندا موسيفيني يوافق على توقيع مشروع قانون ضد المثليين,0.04
كأس أبطال ICC: الهند ضد جنوب أفريقيا,كأس الأبطال: الهند ضد جنوب أفريقيا,0.87
المحكمة العليا تتخذ إجراء إيجابي في قضية حظر ميشيغان,المحكمة العليا للاستماع ميشيغان القضية الإجراء الإيجابي,0.88
العناوين الرئيسية في الصحف الإيرانية الرئيسية في 30 سبتمبر,العناوين الرئيسية في الصحف الإيرانية الرئيسية في 21 نوفمبر,0.6
الإعصار يترك أثراً من الدمار في الهند,الإخلاء من إعصار فايلين أبقى القرويين الهنود على قيد الحياة,0.48
طالبان تقتل 15 شرطياً في غرب أفغانستان,طائرة أمريكية بدون طيار تقتل شخصين في شرق أفغانستان,0.12
آلاف يتظاهرون لدعم الحكومة التونسية المحاصرة,آلاف يتجمعون لدعم الحكومة الإسلامية في تونس,0.92
مانديلا من جنوب أفريقيا تم نقله إلى المستشفى,نيلسون مانديلا تم نقله إلى المستشفى,0.96
تحديث - انفجارين بالقرب من خط النهاية في ماراثون بوسطن,انفجارين على خط النهاية في ماراثون بوسطن,1.0
مقتل شخصين على الأقل في اشتباك في جنوب مصر,مقتل 18 على الأقل في انفجار محطة القطار في شمال القوقاز,0.08
عاصفة الشتاء أيون: الولاية بالولاية...,عاصفة الشتاء جانوس:,0.6
تم العثور على جثث 53 رجلاً جنوب بغداد,المسؤولون العراقيون: 50 جثة تم العثور عليها جنوب بغداد,0.72
هجمات بالقنابل تقتل 20 شخصاً في المناطق المسيحية في بغداد,قنابل تقتل 35 شخصاً في منطقة مسيحية في بغداد,0.6
الصين تحدد موعد محاكمة بو شيلاي,الصين محاكمة بو شيلاي في اليوم الرابع,0.64
المسلمون يستعدون لبدء شهر رمضان,المسلمون يصلون من أجل إنهاء الانقسامات,0.16
اليابان تطلق طائراتها ضد الطائرات العسكرية الروسية,انفصاليون أسقطوا طائرة عسكرية أوكرانية، عدة قتلى,0.16
الآلاف من البريطانيين يطالبون بالدخل في ألمانيا,آلاف من سكان أمستردام يرتدون الملابس البيضاء في مسيرة من أجل رحلة MH17,0.2
الهجوم المشتبه به من طائرات أمريكية بدون طيار يقتل 5 في باكستان,طائرة أمريكية بدون طيار تستهدف كلية إسلامية في باكستان,0.44
أوباما للتوقيع على أوباما كير,أوباما يزور أوكلاهوما,0.08
شركة جنرال إلكتريك تشهد انخفاضاً في الأرباح بنسبة 9% في الربع الثالث,شركة جنرال إلكتريك تسجل انخفاضاً في أرباحها بنسبة 9% في الربع الثالث,1.0
اليوان الصيني يتراجع إلى 6.1535 مقابل الدولار الأمريكي,يوان الصين يرتفع إلى مستوى جديد مقابل الدولار الأمريكي,0.4
روسيا تجد المحامي الميت ماغنيتسكي مذنبا في محاكمة بعد وفاته,روسيا تُدين المحامي الميت ماغنيتسكي في محاكمة بعد وفاته,1.0
'Trayvon يمكن أن يكون لي',(تريفون مارتن) كان يمكن أن يكون ...,0.56
الصين ترسل أكبر أسطول حتى الآن إلى الجزر المتنازع عليها,السفن الصينية تدخل المياه قبالة الجزر المتنازع عليها,0.68
خطة كيري لاستئناف المحادثات تدعو إلى الإفراج عن 103 سجناء فلسطينيين,خطة كيري تتضمن إطلاق سراح السجناء وتجميد المستوطنات,0.68
الشرطة: انفجار في منطقة كاتدرائية بلفاست,انفجار في كابول هجوم انتحاري في المنطقة الدبلوماسية,0.4
سوريون يحتجون ضد أردوغان في باريس، وفنزويلا تؤكد دعمها لسوريا,الرئيس التركي أردوغان في إيران لإصلاح العلاقات بعد الانقسام حول سوريا,0.28
رئيس الوزراء سيسعى للاتفاق النووي، والاستثمارات خلال زيارة اليابان,مانموهان يأمل في إبرام اتفاق نووي مع اليابان,0.6
الولايات المتحدة تؤجل تجربة الصواريخ بسبب التوترات في كوريا الشمالية,السفارات تبقى في كوريا الشمالية رغم التوتر,0.24
أوباما يلتقي على انفراد مع عائلة نيلسون مانديلا,أوباما يلتقي بعائلة مانديلا,0.92
ستة قتلى على الأقل في إطلاق نار أمريكي,20 قتيلاً على الأقل في هجمات في الصومال,0.08
مسلحون يقتلون 10 أشخاص في أعمال عنف في الفلبين,خمسة قتلى في ثوران بركان في الفلبين,0.12
إسرائيل أسقطت طائرة بدون طيار من لبنان,إسرائيل أسقطت طائرة بدون طيار من لبنان,1.0
إسرائيل توافق على الإفراج عن المجموعة الأولى من السجناء الفلسطينيين قبل محادثات السلام,المعارضة السورية تؤكد مشاركتها في محادثات السلام,0.2
اشتباكات مميتة مع احتفال مصر بالذكرى السنوية,اشتباكات عنيفة بمناسبة ذكرى الانتفاضة المصرية,0.92
حلف شمال الأطلسي: 5 أمريكيين قتلوا في جنوب أفغانستان,قنبلة على جانب الطريق تقتل 3 رجال شرطة في جنوب أفغانستان,0.32
المحتالين يرتدون ملابس النساء يسرقون النقود,محتالين في يورك يرتدون ملابس نسائية لخداع المتقاعدين,0.76
مُختطف (كليفلاند) (أرييل كاسترو) عُثر عليه مُشنقاً في زنزانة السجن,مُختطف (كليفلاند) (أرييل كاسترو) عُثر عليه مُعلقاً في زنزانته,1.0
جوجل تكشف النموذج الأولي للسيارة ذاتية القيادة,جوجل تكشف عن سيارة ذاتية القيادة,1.0
حريق في مصنع ملابس بنغلاديش يقتل 8 أشخاص,انهيار مصنع ملابس في بنغلاديش يقتل 149 شخصاً,0.4
الولايات المتحدة تسعى إلى طمأنة حلفائها الخليجيين المقلقين بشأن الاتفاق الإيراني,هايجل يسعى إلى طمأنة حلفاء الخليج المتوترين بعد صفقة إيران,0.8
أوكرانيا تستضيف محادثات الوحدة,البابا يهاجم الحرب لبيع الأسلحة في سوريا,0.0
مشرف باكستاني رهن الاعتقال بتهمة اغتيال بوتو,وصل مشرف الباكستاني إلى المحكمة للمرة الأولى,0.48
تحديد موعد محاكمة زعيم الإخوان المسلمين في مصر,الإخوان المسلمون في سوريا يواجهون معركة صعبة,0.44
هروب الباندا الأحمر من حديقة الحيوان,مسيرة الهند إلى المريخ,0.0
يمكن محاكمة الأطباء الإسرائيليين في الخارج لإجبارهم على إطعام السجناء الفلسطينيين,سيطرة إسرائيل على الضفة الغربية تكلف الاقتصاد الفلسطيني مليارات الدولارات,0.04
متجر (واشنطن) للمخدرات يستعد لعمليات بيع تاريخية,متجر (واشنطن) للماريجوانا يستعد لمبيعات تاريخية,1.0
إضراب عمال مطار ريو عشية كأس العالم لكرة القدم,إضراب عمال مطار ريو دي جانيرو عشية كأس العالم,1.0
قتل ابن رئيس جماعة الإخوان المسلمين,مصر تعتقل زعيم جماعة الإخوان المسلمين بادي,0.28
إيران، ست قوى عالمية توقيع اتفاق نووي تاريخي,إيران والقوى العالمية الست تبرم اتفاقاً نووياً,1.0
بالون الهواء الساخن يحترق في فرجينيا,بالون الهواء الساخن يحترق ويتحطم,0.56
اقتباسات من قادة، عائلة في نصب مانديلا التذكاري,العالم يتحد من أجل نصب تذكاري لمانديلا,0.48
(مومباي إنديانز) تضع (تي آند تي) في مكانها,الإندونيسيون يصوتون للرئيس في سباق ضيق,0.0
أسهم (ك.ل) لا تزال مرتفعة في منتصف فترة ما بعد الظهر,"أسهم "" كيه إل "" تستمر في الاتجاه الصعودي في منتصف فترة ما بعد الظهر",0.88
ماذا تقول الصحف؟ 20 نوفمبر 2013,ماذا تقول الصحف؟ 10 تشرين الاول 2013,0.56
أمازون تطلق جهاز جديد لتدفق الفيديو,أمازون تكشف عن صندوق الفيديو الجديد لتدفق Fire TV,0.84
الرئيس الفلسطيني يستقبل وزير الخارجية الأردني,اعتقال فلسطيني بتهمة التحرش الجنسي بالفتيات,0.0
أوباما يعين وزير النقل الجديد,أوباما يلتقي بوزير المحاربين القدامى,0.04
اليوان الصيني يتراجع إلى 6.1059 مقابل الدولار الأمريكي,اليوان الصيني يرتفع إلى 6.1070 مقابل الدولار يوم الجمعة,0.32
خزنة النبيذ الفرنسية للاستثمار في المزاد,الولايات المتحدة تثني على اتفاق أوكرانيا وتدعو إلى إجراءات ملموسة,0.04
الولايات المتحدة وروسيا تتفقان على الاستيلاء على الأسلحة الكيميائية السورية,المتمردون السوريون متشككون في صفقة الأسلحة الكيميائية,0.28
أعضاء البرلمان الكوري الجنوبي يزورون مجمع كايسونغ,كوريا الجنوبية تطالب بإجراء محادثات مع كوريا الشمالية بشأن إغلاق المصنع,0.28
الكاهن الجزائري يلقي محاضرة عن التراث المسيحي في شمال أفريقيا,تلسترا تقدم بطلب لإدراج موقع الصين في نيويورك,0.0
العناوين الرئيسية في الصحف الإيرانية الرئيسية في 5 أبريل,عناوين الصحف الإيرانية الكبرى في 18 أغسطس,0.6
تداعيات المصالحة الفلسطينية,الملك البلجيكي يُخاطب الأمة وسط تكهنات بالتنازل عن العرش,0.12
المختطف ألقي القبض عليه بعد هبوط الطائرة في مطار جنيف,الطائرة المختطفة تهبط في جنيف,0.6
اللجنة تعين وقار يونس كمدرب رئيسي,وقار يونس يعود مدرب باكستان,1.0
الولايات المتحدة تطالب بالتحرك ضد سوريا,السعودية تحث الأمم المتحدة على اتخاذ إجراء ضد غارات إسرائيل على سوريا,0.48
المتظاهرون في أنقرة يتصادمون مع الشرطة,متظاهرون في بيرو يتصادمون مع الشرطة,0.36
49 قتيلا و 148 جريحا في هجمات عنيفة في العراق,15 قتيلاً و 90 جريحاً في هجمات جديدة في العراق,0.44
اعتقل مواطن من بورتوريكو بتهمة إنتاج أفلام إباحية للأطفال,اعتقل معلم هندي للاشتباه في الاغتصاب,0.08
أوكرانيا توقع اتفاقية تجارية مع الاتحاد الأوروبي بينما تنتهي روسيا من ضم شبه جزيرة القرم,"المحكمة العليا في أوكرانيا ترفض استقلال القرم باعتباره ""غير دستوري""",0.4
"الأسد يحذر تركيا من ""ثمن باهظ"" لدعمها للمتمردين السوريين",الحكومة في حرب على تسليح المتمردين السوريين,0.2
الأسهم الهندية تغلق منخفضة,أسهم هونغ كونغ تغلق مرتفعة 2.33%,0.36
مقتل 19 وجرح 42 في هجمات عنيفة في العراق,43 قتيلا و 86 جريحا في هجمات في العراق,0.56
متهم بالاغتصاب الهندي يواجه أحكام,المتهم بالاغتصاب الهندي أدين,0.76
الاتفاق النووي الإيراني متفق عليه في المحادثات,تم إبرام اتفاق إيران النووي بعد عقود من النزاع,0.72
المتحدث باسم الجيش المصري يندد بالتحريض ضد الجيش,إعلان وزارة العمل يوم الإثنين,0.0
سنودن يرى أنه لا توجد فرصة للحصول على محاكمة عادلة في الولايات المتحدة,"يرى سنودن أنه ""لا فرصة"" للحصول على محاكمة عادلة في الولايات المتحدة.",1.0
العناوين الرئيسية في الصحف الإيرانية الرئيسية في 30 ديسمبر,العناوين الرئيسية في الصحف الإيرانية الرئيسية في 6 يوليو,0.44
عشرات الجرحى في تصادم قطار في كونيتيكت,الوزير الهندي قتل في تصادم وجهي,0.04
الملكة تزور أمير بريطانيا الجديد,الملكة تقابل الأمير الجديد في بريطانيا,1.0
أوكرانيا: ثلاثة قتلى في احتجاجات البرلمان,الرئيس الأوكراني يدعو إلى محادثات لإنهاء الاحتجاجات,0.2
موظف ركوب اتهم في حادث N.C. عادل,عامل جولة في معرض ولاية (ن.ك) اعتقل بعد الحادث,0.88
النص يكشف عن الارتباك حول إخلاء العبارة الكورية الجنوبية,النص يكشف عن الارتباك حول إخلاء العبارة,0.72
رجال إطفاء أمريكيين سقطوا أعيدوا إلى الوطن,وول ستريت ينتهي أقل قليلا,0.04
النظام السوري يوافق على حضور مؤتمر السلام,روسيا: سوريا توافق على المشاركة في المؤتمر,0.96
التصويت البريطاني يرفض العمل العسكري,بريطانيا ترفض العمل العسكري في سوريا,0.68
نيوزيلندا مستعدة لإضفاء الشرعية على زواج المثليين,نيوزيلندا تصوت لتشريع زواج المثليين,0.88
أسهم سنغافورة ترتفع بنسبة 0.37 بالمئة,أسهم سنغافورة تغلق بنسبة 0.41 بالمائة أعلى,0.6
رئيس فنزويلا يزور الصين,الرئيس السنغالي يزور الصين,0.36
المتظاهرون في القاهرة يتحدان تهديد القمع,في معسكرات القاهرة، المتظاهرون يحفرون ويعيشون,0.72
البحث عن الطائرة المفقودة يتحول إلى الجزر الفيتنامية,"طائرة الخطوط الجوية الماليزية المفقودة ""تحطمت في فيتنام""",0.6
مسؤول في الخطوط الجوية الماليزية يطلع أقارب ركاب الطائرة المفقودين على تقدم البحث,شركة الخطوط الجوية الماليزية تحقق مع مساعد الطيار في رحلة مفقودة,0.2
النجوم تكرم كوري مونتيث,النجوم تكرم جيمس غارنر,0.44
موظف في مطار لوس أنجلوس متهم بتوجيه تهديدات في 11 سبتمبر,عامل مطار لوس أنجلوس متهم بتهديدات 11 سبتمبر,1.0
ضرورة قراءة المذكرة يوم الجمعة 24 مايو 2013,ضرورة قراءة المذكرة يوم الجمعة 23 أغسطس 2013,0.44
كريستيانو رونالدو يضرب البرتغال لنهائيات كأس العالم 2014,رونالدو يضرب البرتغال في كأس العالم,0.96
"الأمير فيليب البريطاني مستعد لعملية جراحية ""استكشافية""",الأمير فيليب من المملكة المتحدة في المستشفى,0.6
اليابان تبدأ جلسة استماع بشأن ضريبة المبيعات، نائب البنك السابق يحث على زيادة تدريجية,اليابان تبدأ جلسات استماع بشأن زيادة الضرائب المقترحة,0.72
ثلاثة هجمات قنبلة تقتل ستة جنود، مدني واحد,تفجير مدرسة يقتل اثنين في جنوب تايلاند,0.2
الحجاج الإيطاليين يموتون في حادث تحطم الحافلة,ركاب ماتوا في حادث تحطم حافلة في إيطاليا,0.76
زلزال جديد قوي ضرب منطقة باكستان,زلزال جديد قوي ضرب منطقة باكستان,1.0
المعارضة السورية تعرض على الأسد هدنة في حمص خلال شهر رمضان,المعارضة السورية تعرض على قوات الأسد هدنة خلال شهر رمضان,0.92
20 قتيلاً على الأقل في هجمات في الصومال,ما لا يقل عن 60 قتيلاً في هجوم على سجن في العراق,0.44
"مهاجمو مركز "" ويستجيت "" قضوا أربعة أشهر في التخطيط في نيروبي",المهاجمون قضوا أربعة أشهر في التخطيط في نيروبي، يقول المسؤول,0.92
مجلس الأمن الدولي يدعو لوقف إطلاق النار الإنساني في غزة,مجلس الأمن الدولي يدعو لوقف إطلاق النار غير المشروط في غزة,0.96
زلزال بقوة 6.3 في هونشو، اليابان: CENC,زلزال بقوة 6.7 ضرب تايوان,0.4
أسهم الصين تغلق مرتفعة الثلاثاء,أسهم الصين تغلق بانخفاض يوم الأربعاء,0.44
سيارة مفخخة تقتل 58 شخصاً في العاصمة العراقية,تفجيرات السيارات تقتل 13 مدنياً في العاصمة العراقية,0.48
المتظاهرون الأوكرانيون يعودون إلى الشوارع للتجمع المناهض للحكومة,المتظاهرون الأوكرانيون يسقطون تمثال لينين في كييف,0.52
انفجار قطار شحن كندي يصل عدد القتلى إلى ثلاثة ويزداد,"الحكومة الكندية ""تراقب"" حالة انفجار القطار",0.44
نايجل فاراج يدعو الحكومة للسماح للاجئين السوريين بدخول المملكة المتحدة,"""لا خطط"" لإعادة توطين اللاجئين السوريين في المملكة المتحدة",0.48
بيرس يحث إسرائيل على العودة إلى محادثات السلام,(جونسالفيس) يواصل الضغط على (دوم ريب),0.04
اليوان الصيني يرتفع إلى 6.1184 مقابل الدولار يوم الثلاثاء,اليوان الصيني يتراجع إلى 6.1510 مقابل الدولار الأمريكي,0.36
الإذاعة: إسرائيل مستعدة لزيادة الإفراج عن السجناء الفلسطينيين,الولايات المتحدة: إسرائيل تؤجل إطلاق سراح سجين فلسطيني,0.32
أنصار مرسي يرفضون الخطة,مسيرة مؤيدي مرسي في مصر,0.48
مصادر: محكمة مصر تحكم بالإعدام على 10 من مؤيدي جماعة الإخوان,رئيس الوزراء التركي يطلب من مؤيديه الاستعداد للاحتجاجات,0.04
أوباما يدين قتل ثلاثة مراهقين إسرائيليين,جثث المراهقين الإسرائيليين المفقودين وجدت في الضفة الغربية,0.28
رجال حاولوا قطع رأس جندي في شارع لندن، المحكمة تسمع,أستراليا تجسس على رئيس إندونيسيا: تقارير,0.0
المتظاهرون في أوكرانيا يعيدون بناء الحواجز,بوتين يتحدث عن أوكرانيا والمتظاهرون يعيدون بناء الحواجز,0.68
ميل سميث توفي في الستين من عمره والمملكة المتحدة تحزن على الكوميديا المفضلة,غريف ريس جونز: ميل سميث كان 'قوة للحياة',0.48
ثلاثة قتلى و 63 جريحاً في انهيار مباني نيويورك,اثنان قتلوا وتسعة جرحوا في انهيار مبنى فرنسي,0.32
أسهم الصين تغلق مرتفعة الثلاثاء,الأسهم الصينية تغلق بانخفاض الخميس,0.32
الهند: صورة اليوم: 2 يوليو,الهند: صورة اليوم: 4 مارس,0.6
المسلمون الآسيويون يحتفلون بالعيد بعد مقتل 14 شخصاً في أفغانستان,المسلمون الآسيويون يحتفلون بالعيد بينما يقتل 52 شخصاً في باكستان وأفغانستان,0.72
مناجم الفحم الروسية تبحث عن منافذ جديدة في الصين,وزير الخارجية الروسي يلتقي برئيس الأمم المتحدة,0.08
متظاهرون موالون لروسيا في أوكرانيا يطالبون بمزيد من الحكم الذاتي,المتظاهرون السودانيون يطالبون بالإطاحة بالنظام,0.28
الجيش العراقي يقاتل لاستعادة تكريت,الجيش العراقي يعلن النصر في تكريت,0.64
إيران تدين غارة إسرائيل الجوية المزعومة على سوريا,الديمقراطيون يواجهون الانقسام حول ضربة على سوريا,0.24
إسرائيل توافق على تمديد هدنة غزة بأربع ساعات,إسرائيل وحماس وافقت على هدنة لمدة 12 ساعة,0.52
حريق في محطة الحافلات في كوريا الجنوبية يقتل 5 أشخاص,حريق في محطة الحافلات في كوريا الجنوبية يقتل سبعة أشخاص,0.64
أربعة مدنيين وثلاثة جنود من حلف شمال الأطلسي قتلوا في أفغانستان,ثلاثة جنود من حلف شمال الأطلسي قتلوا في أفغانستان,0.68
المتظاهرون يغمرون الشوارع لإستعادة الثورة,مصر: المحتجون يقتحمون مقر جماعة الإخوان المسلمين,0.32
أسهم طوكيو تفتح بانخفاض 0.24%,أسهم طوكيو تفتح بنسبة 0.52%,0.56
أستراليا ترجع طالبي اللجوء إلى سريلانكا في نقل بحري,أستراليا: أستراليا ترجع طالبي اللجوء إلى سريلانكا,0.92
ضحايا انفجار شانكيل سيتم تذكرهم,تم العثور على جثة ضحية التمساح,0.04
118 شخص قتلوا في انفجارين في نيجيريا,عشرة قتلى في انفجار جديد في روسيا,0.28
نجم فرح كوري مونتيث وجد ميتا في غرفة فندق في كندا,نجم (غلي) (كوري مونتيث) وجد ميتاً,0.88
(يولاندا) ارتفع عدد القتلى إلى 3621,الصليب الأحمر الكيني يقول أن عدد القتلى ارتفع إلى 68,0.08
أسهم طوكيو ترتفع بنسبة 0.13%,"أسهم "" طوكيو "" تغلق 0.75 بالمئة منخفضة",0.36
إيران تقول أنها مستعدة لجولة جديدة من المحادثات النووية,خامنئي يجدد دعمه للمحادثات النووية,0.72
استمرار الاشتباكات بين الشرطة والمتظاهرين في تركيا,الشرطة التركية تقاتل المتظاهرين,0.88
أولئك الذين رفضوا البطاقات الطبية حثوا على الاتصال بـ HSE,مدير إدارة الصحة يدافع عن خطة البطاقات الطبية,0.24
أكبر مبنى في العالم افتتح في غرب الصين,انفصال يسار الوسط في إيطاليا في الانتخابات الرئاسية,0.0
إصابة إسرائيلية بسيطة بالحجارة في الضفة الغربية,القوات الإسرائيلية تقتل فلسطينيًا في غارة الضفة الغربية,0.24
ارتفع عدد القتلى في احتجاجات مصر إلى 49,ارتفع عدد القتلى بسبب العنف في مصر إلى 638,0.64
المعارضة السورية توافق على محادثات السلام,الضغط على المعارضة السورية لحضور المحادثات,0.6
إحصائيات الفقر تشكك في ادعاءات مودي للتنمية,"""جنرال موتورز"" ستبدأ بقبول طلبات التعويضات للاستدعاء في 1 أغسطس",0.0
المتمردون الموالون لروسيا سيجريون التصويت في أوكرانيا,الثوار السوريون: قتلنا رجال حزب الله في لبنان,0.0
الجورجيون يصوتون لرئيس جديد,حليف رئيس وزراء جورجيا الملياردير ليصبح رئيساً - استطلاعات الرأي,0.52
مرض الجهاز التنفسي MERS وجد في الولايات المتحدة، يؤكد المسؤولون,تم الإبلاغ عن أول حالة إصابة بمرس، وهو مرض تنفسي يشبه سارس، في أمريكا الشمالية,0.84
أعلن الاتحاد الأوروبي الجناح العسكري لحزب الله جماعة إرهابية,الاتحاد الأوروبي يضع الجناح العسكري لحزب الله على قائمة الإرهاب,0.96
ألمانيا ترحب بالاتفاق النووي الإيراني,سوريا ترحب بالاتفاق النووي الإيراني,0.36
ما تقوله الصحف، ٢٥ يونيو ٢٠١٣,ما تقوله الصحف، 19 أغسطس 2013,0.44
مسلحون يقتلون تسعة أجانب في باكستان,مسلحون يقتلون تسعة سياح في باكستان,0.96
تم إعادة اثنين من التجار الهنود الذين تقطعت بهم السبل في الصين إلى الوطن,46 ممرضة هندية عالقون في العراق يعودون إلى الوطن,0.36
حاكم كاليفورنيا يعلن حالة الطوارئ الجفاف,حاكم كاليفورنيا يعلن حالة الطوارئ الجفاف كما لا تزال حرائق الغابات تحترق,0.72
مسؤول إسرائيلي: محادثات السلام مع الفلسطينيين ستستغرق أشهر,فتاة فلسطينية في الثالثة من عمرها قتلت في غارة إسرائيلية,0.08
17: 02 مقتل 23 في تفجيرات السيارات في العراق,مقتل 11 طفلاً في تفجيرات سوريا,0.12
اثنان قتلوا، وأكثر عالقون في انهيار مبنى في مومباي,اثنان محاصرين بينما ينهار مبنى في الولايات المتحدة,0.24
غارات جوية تقتل العشرات في شمال سوريا,أوكرانيا لن تتنازل عن القرم,0.0
سياحة صينية اختطفت من ماليزيا,الصين ترجع 10 أطفال تم اختطافهم من فيتنام,0.28
مفتشو الأمم المتحدة يشيدون بالتقدم في قضية الأسلحة الكيميائية السورية,الولايات المتحدة لم تخلص إلى أن سوريا استخدمت أسلحة كيميائية - البيت الأبيض,0.44
اعتقال شخصين بعد احتجاج ضد (نايجل فاراج),كيري يتعهد بالتقدم بعد آخر رحلة مكثفة في الشرق الأوسط,0.0
مسلحون يقتلون 15 جنديا ليبيا,مسلحون يقتلون 3 جنود لبنانيين قرب سوريا,0.48
الصور تظهر عملية كوستا كونكورديا المكتملة,التأخير الزمني لعملية كوستا كونكورديا,0.88
محادثات إيران النووية تدخل اليوم الثالث,محادثات إيران النووية تدخل اليوم الثالث الحاسم,1.0
احتجاجات في البرازيل على الرغم من التنازلات,احتجاجات تجتاح البرازيل رغم التنازلات,1.0
رئيس الوزراء الأسترالي كيفن رود يدعو للانتخابات في 7 سبتمبر,رئيس الوزراء الأسترالي رود يدعو لانتخابات 7 سبتمبر,0.92
من المتوقع أن تستأنف المحادثات النووية الإيرانية هذا الأسبوع,المملكة المتحدة: المحادثات النووية مع إيران في مرحلة خطيرة,0.6
التوتر في بانكوك عشية الانتخابات التايلاندية,بنغلاديش: تصاعد القمع قبل الانتخابات,0.44
الصين ستحمي مصالح الشركات الأجنبية,أوباما في مواجهة مباشرة مع بوتين حول أوكرانيا,0.0
واشنطن تصوت على تجريم الماريجوانا,DC التصويت لإزالة الجريمة من الحشيش,1.0
العديد من القتلى في غرق قارب لجوء قبالة أستراليا,مانديلا يقضي اليوم الثالث في المستشفى,0.0
كيم من كوريا الشمالية يشيد بإعدام عم قوي,مؤامرة كوريا الشمالية: تنفيذ السلطة,0.52
ماتت مارغريت تاتشر بعد سكتة دماغية,ماتت مارغريت تاتشر في 87 من عمرها,0.84
الرئيس الصيني يصل إلى هولندا للقيام بزيارة دولة والقمة النووية,الرئيس الصيني يصل إلى فنزويلا في زيارة رسمية,0.48
إسرائيل تفرض عقوبات على الفلسطينيين في ضربة جديدة لمحادثات السلام,إسرائيل ستطلق السجناء الفلسطينيين كجزء من اتفاق لإحياء محادثات السلام,0.48
مقتل مصور شبكة سكاي نيوز البريطانية في مصر,مصور شبكة سكاي نيوز قتل في مصر,0.96
الأسهم ترتفع في التداول المبكر,الأسهم ارتفعت قليلاً في التداول المبكر,0.88
خبير الصوت في مكتب التحقيقات الفيدرالي يشهد في محاكمة زيمرمان,اختيار هيئة المحلفين يبدأ في محاكمة زيمرمان,0.28
المحادثات النووية الإيرانية تمتد إلى نوفمبر,تم تمديد المحادثات النووية الإيرانية إلى 24 نوفمبر,0.88
المشتبه به في تفجير بوسطن سيظهر في المحكمة,المشتبه به في تفجير بوسطن دفن,0.24
عدد القتلى في انهيار مبنى في الهند يصل إلى 42,عدد الضحايا من الهند بعد انهيار المبنى يصل إلى 25,0.64
أوباما يعلن إنشاء مراكز تصنيع مزدوجة,الأسهم الأمريكية تتراجع على بيانات التصنيع,0.08
خمسة متهمين بجرائم إرهابية,خمسة أشخاص متهمون بجرائم إرهابية,0.96
الرئيس أوباما يكشف عن خطط لسحب القوات من أفغانستان بحلول عام 2016,إغلاق الحكومة الأمريكية: أوباما يطلب من الجمهوريين رفع التهديد على الاقتصاد الأمريكي إذا أرادوا المحادثات,0.16
الولايات المتحدة وحلف شمال الأطلسي يثيرون الشكوك حول انسحاب روسيا من الحدود الأوكرانية,لا علامة على انسحاب روسيا من الحدود الأوكرانية، يقول المسؤول,0.52
FTSE بورصة ماليزيا تحديث: 11.30am,FTSE بورصة ماليزيا تحديث: 3: 00pm,0.68
انتهى البحث عن تحطم طائرة هليكوبتر في غلاسكو,تحطم طائرة هليكوبتر في غلاسكو: ضحية مديرة الشرطة,0.56
الاقتباسات في الأخبار,إقتباسات اليوم,0.64
(فيليب) يغادر المستشفى بعد 11 يوم,مانديلا يغادر المستشفى بعد 10 أيام,0.36
"شظية عظمة ""قد تكون الملك ألفريد""",بقايا في وينشستر يمكن أن يكون الملك ألفريد العظيم,0.92
إسرائيل تحرر المجموعة الثانية من السجناء الفلسطينيين,إسرائيل تطلق سراح 26 سجينا فلسطينيا,0.76
اثنان من القائمين على القفز بالمظلات ماتوا بعد اصطدامهم أثناء القفز الأمريكي,إثنان من القائمين على القفز بالمظلات ماتوا بعد اصطدامهم أثناء القفز في أريزونا,0.76
"حقائب ""الرجل الحديدي"" تثير مخاوف في هاواي","حقائب ""الرجل الحديدي"" تثير مخاوف",0.76
إسرائيل تحرر سجناء فلسطينيين,إسرائيل تطلق سراح 26 سجينا فلسطينيا,0.92
فرنسا تقول إنها لن تتنازل عن مسؤوليتها في سوريا,فرنسا تحث الاتحاد الأوروبي على الوحدة في سوريا,0.52
المشتبه به في تفجيرات (بوسطن) تم التعرف عليه في شريط المراقبة ولم يتم القبض عليه,المشتبه به في تفجيرات (بوسطن) كان تحت مراقبة مكتب التحقيقات الفيدرالي,0.68
غضب الصين من كوريا الشمالية يتغلب على قلقها من الولايات المتحدة,غضب الصين من كوريا الشمالية يتغلب على القلق من رحلات الولايات المتحدة الخفية,0.64
يوان الصين يرتفع إلى مستوى جديد مقابل الدولار الأمريكي,اليوان الصيني يتراجع إلى 6.1705 مقابل الدولار الأمريكي,0.44
تم احتجاز رجل بعد إطلاق النار على مراهق في بلفاست,رجل، 40، اعتقل بعد إطلاق النار,0.64
الشرطة توقف الانتخابات الرئاسية في جزر المالديف,كيتة يفوز في الانتخابات الرئاسية في مالي,0.24
الجيش الهندي يقتل 3 متشددين في كشمير الخاضعة لسيطرة الهند,القوات الهندية تقتل قائد المسلحين في كشمير الخاضعة لسيطرة الهند,0.72
سيارة مفخخة تقتل 20 شخصاً في شمال غرب سوريا,سيارة مفخخة تقتل 40 شخصاً في شمال غرب باكستان,0.24
إيران تعيد تبادل النفط مع جيرانها الشرقيين,إيران تحث على الإفراج عن الدبلوماسي,0.08
رئيس تركيا يطالب بالهدوء,مجلس النواب في تكساس يوافق مؤقتاً على قانون الإجهاض,0.0
كوريا الشمالية تجربة إطلاق 30 صاروخاً إلى البحر,كوريا الشمالية تطلق 100 قذيفة في البحر,0.56
رجل يموت في حريق منزل في مقاطعة دونيغال,ماتت امرأة في حريق منزل في كوك,0.44
انفجار الغاز في الدوحة يقتل 12 و يصيب العشرات,صاروخ سوري يقتل 26 شخصاً بينهم 8 أطفال,0.12
فتح مراكز الاقتراع في الانتخابات الرئاسية الأوكرانية,الترشيحات مفتوحة لجوائز e.TV غانا الأكثر تأثيراً,0.04
الهند: صورة اليوم: 21 أبريل,الهند: صورة اليوم: 2 مايو,0.52
قتل صحفيين فرنسيين في مالي,فرنسا تؤكد مقتل صحفيين فرنسيين في مالي,1.0
مسلحون يقتلون تسعة سياح في باكستان,مسلحون يهاجمون فندق في مقاطعة باكستانية نائية,0.64
إسرائيل وحماس للاحتفاظ هدنة قصيرة في غزة,إسرائيل وحماس تقبلان هدنة مؤقتة,0.92
شينجيانغ الصينية المضطربة تضررت من المزيد من العنف,ارتفاع عدد مستخدمي الإنترنت في الصين إلى 618 مليون شخص,0.08
أقارب يتشاجرون مع الشرطة بعد حريق في الصين يقتل 120,العائلات الغاضبة تطلب إجابات بعد حريق مصنع في الصين يقتل 119,0.76
إيران ترفض الادعاء بشأن قنابل الكلور,إيران ترفض ادعاء منظمة التحرير الإسلامي في الموقع النووي,0.48
توفيت زوجة وزير الهند بعد شائعات عن علاقة غرامية,"وفاة زوجة الوزير ""غير طبيعية""",0.76
ثلاثة قتلى وواحد جريح في إطلاق نار في فندق كارولينا الجنوبية,أربعة قتلى و 30 جريحاً في تصادم قطار بالقرب من موسكو,0.04
دفن المشتبه به في تفجيرات بوسطن يبدو قانونياً,اخر ضحية تفجيرات بوسطن تغادر المستشفى,0.2
خمسة قتلى في انهيار طريق في جنوب الصين,02: 41 156 قُتلوا في زلزال الصين,0.24
رئيس جنوب أفريقيا: مانديلا يتحسن,الرئيس الأفغاني يؤجل توقيع الاتفاق الأمريكي,0.0
تحديث الأخبار العالمية، ما تحتاج إلى معرفته,معدل ضريبة العمال 50 بنس: ما تحتاج إلى معرفته,0.12
الحرب الأهلية السورية في الصور,الحرب الأهلية السورية محادثات السلام مهددة بدعوة إيران,0.24
عبد الله ويدينز يتقدم في استطلاع الرئاسة الأفغانية,تم سماع انفجارات بالقرب من القصر الرئاسي الأفغاني,0.2
إمران يلوم منافسه على قتل زميله,باكستان: عمران يلوم منافسه على قتل أحد أعضاء الحزب,0.84
بنغلاديش تكرم ضحايا المصانع,تجار التجزئة يدعمون اتفاق السلامة في مصانع بنغلاديش,0.56
الرجل الذي أحرق نفسه في المجمع الوطني قد مات,رجل يحرق نفسه في الشارع الوطني ويتم نقله إلى المستشفى,0.6
اليابان تدافع عن صيد الدلافين بعد انتقادات الولايات المتحدة,اليابان تدافع عن صيد الدلافين بعد انتقادات من الولايات المتحدة,1.0
انفجار قنبلة في مركز تجاري في نيجيريا، 12 قتيلا,انفجار قنبلة قبل تجمع المعارضة الهندية يقتل 4,0.28
العاصفة الفلبينية تقتل 4460 شخصًا: الأمم المتحدة,أعداد القتلى بسبب الإعصار في الفلبين تزيد عن 5000,0.68
الشرطة تطلق الغاز المسيل للدموع على المتظاهرين في فنزويلا,فاز مادورو وريث تشافيز برئاسة فنزويلا,0.12
موجة من الهجمات تقتل 95 على الأقل في العراق,هجوم انتحاري يقتل 12 على الأقل في شمال العراق,0.36
كبير المستشارين السياسيين الصينيين يلتقي برئيس الوزراء اليوناني,كبير المستشارين السياسيين الصينيين يلتقي بالرئيس اليمني,0.68
إصابة دبلوماسي فلسطيني في انفجار في براغ,السفير الفلسطيني مصاب في انفجار شقة,0.8
رئيس أوكرانيا يتعهد بمحادثات الأزمة,زعيم أوكرانيا يتعهد بمحادثات الأزمة,1.0
7 قتلى في هجمات في العراق,16 قُتلوا في سلسلة هجمات في العراق,0.6
الوجود العسكري الأمريكي في شرق آسيا,حلف شمال الأطلسي يزيد الوجود العسكري وسط التهديد الروسي,0.24
الولايات المتحدة تعتقد أن الحكومة السورية استخدمت أسلحة كيميائية,الولايات المتحدة تشك بأن سوريا استخدمت أسلحة كيميائية,1.0
القوى العالمية وإيران ستستأنف محادثات الخبراء النووية في 30 ديسمبر,خبراء النووي الإيرانيون والقوى العالمية يستأنفون المحادثات الأسبوع المقبل,0.8
الإخوان المسلمون في مصر يرفضون التراجع,محكمة مصرية تحكم على زعيم الإخوان المسلمين بالسجن مدى الحياة,0.28
ما لا يقل عن 6 قتلى في كندا الحافلة، تحطم القطار,على الأقل 6 قتلى في حادث القطار في باريس,0.44
الرئيس الصيني يلتقي برئيس الوزراء اليوناني، يدعو إلى شراكة أقوى,الرئيس الصيني يلتقي نائب الرئيس الهندي,0.36
"""أسترازينيكا"" تدفع 4.1 مليار دولار لشراء ""بريستول مايرز سكويب"" من تحالف مرض السكري",أسترازينيكا ستشتري بريستول من مشروع مرض السكري بمبلغ يصل إلى 4.1 مليار دولار,1.0
هارب إيطالي اعتقل في جمهورية الدومينيكان,تصل سفينة كاسحة جليد أسترالية إلى شرق القارة القطبية الجنوبية من أجل محاولة إنقاذ جديدة,0.0
الهند والولايات المتحدة ستجري محادثات حول الصين الأسبوع المقبل,مصر ستجري مزيد من المحادثات مع صندوق النقد الدولي بشأن القرض الأسبوع المقبل,0.28
إسرائيل تنفذ هجوماً برياً في غزة,إسرائيل تشن هجوماً برياً على غزة,0.96
إيهود أولمرت، رئيس الوزراء الإسرائيلي السابق، حكم عليه بالسجن ست سنوات بتهمة الفساد,إيهود أولمرت حكم عليه بالسجن ست سنوات في إسرائيل,0.76
الإبراهيمي يعتذر لسوريا لعدم إحراز تقدم في السلام,الوسيط يعتذر للسوريين لعدم إحراز تقدم في السلام,0.76
المتظاهرون المصريون يطالبون مرسي بالاستقالة,المتظاهرون في أوكرانيا يقاتلون الشرطة في اشتباكات جديدة,0.08
5 أشياء يجب معرفتها عن أولمبياد سوتشي,7 أشياء يجب معرفتها عن الإيثانول,0.0
الأسهم الصينية تفتح أسفل يوم الأربعاء,أسهم الصين تغلق بانخفاض يوم الاثنين,0.52
الولايات المتحدة تؤجل اختبار الصواريخ مع تصاعد التوترات,"ويليام هيغ: قرار الولايات المتحدة بوقف اختبار الصواريخ ""معقول""",0.68
حريق في بكين يقتل 10 أشخاص,حريق في بكين يقتل عشرة أشخاص,1.0
الهند، الصين حزمة الحدود؛ 8 اتفاقيات أخرى,اتفاق الهند والصين حول الأنهار العابرة للحدود,0.76
فنزويلا تطرد ثلاثة دبلوماسيين أمريكيين,فنزويلا تطرد 3 دبلوماسيين أمريكيين,1.0
الضباب الدخاني الثقيل يضرب مدينة شمال الصين، تم إلغاء الرحلات الجوية,الضباب الدخاني الثقيل يضرب مدينة شمال الصين، وتلغي الرحلات الجوية,1.0
روسيا تدعي أنها أحبطت عملية إرهابية محتملة,"روسيا تقول أن ""أجسام"" باليستية أطلقت في البحر المتوسط",0.28
ثلاثة سياح صينيين قتلوا في باكستان,قتل سبعة مختطفين في جنوب نيجيريا,0.08
كأس العالم السبعة في متناول كينيا,صراع الأساليب في المحكمة يفتح محاكمة وفاة شاب,0.0
مسلحون يقتلون 10 سياح أجانب في شمال باكستان,المتشددون الإسلاميون قتلوا 9 سياح أجانب وواحد باكستاني,0.52
وجد النمساوي يخزن 56 جمجمة مسروقة في متحف منزلي,جمجمة مسروقة وجدت في متحف المنزل,0.68
مصر تشن هجوماً على متشددي سيناء,مصر تشن هجوماً ضد المتمردين في سيناء,1.0
موجة الحرارة الجنوبية الغربية القياسية تصبح قاتلة,على الأقل 1 ميت، 40 في المستشفى في موجة حرارة جنوب غرب,0.8
ديترويت مؤهلة للحماية من الإفلاس: القاضي الأمريكي,ديترويت مؤهلة للحماية من الإفلاس,0.92
وفاة الكاتبة البريطانية الحائزة على جائزة نوبل دوريس ليسينج,وفاة الكاتبة الحائزة على جائزة نوبل دوريس ليسينج,0.84
الحكومة الإسرائيلية تسمح بإقامة مستوطنات جديدة قبل المحادثات,إسرائيل توافق على بناء مستوطنات جديدة قبل محادثات السلام,0.96
قُتل زعيم حركة طالبان الباكستانية في غارة طائرة أمريكية بدون طيار,جنازة زعيم حركة طالبان في باكستان,0.32
بوتين يوقع معاهدة ضم شبه جزيرة القرم,09:32 بوتين يوقع على ضم القرم,0.72
إدارة الطيران الفيدرالية تواصل حظر الرحلات الجوية الأمريكية إلى تل أبيب,إدارة الطيران الفيدرالية ترفع حظر الرحلات الجوية الأمريكية إلى تل أبيب,0.36
المبعوث الصيني يدحض اتهامات الفيتنام والفلبين بشأن بحر الصين الجنوبي,الرئيس الصيني شي يقول لفيتنام أنها تريد السلام في بحر الصين الجنوبي,0.64
تم القبض على أربعة أشخاص آخرين في أكبر نقابة استيراد التبغ غير القانوني في أستراليا,الشرطة تستهدف نقابة التبغ غير القانونية,0.56
أوباما يتحرك لملء مجلس إدارة الاحتياطي الفيدرالي يضرب فيشر ليكون رقم 2,أوباما يعرب عن رغبته في التحدث مع الحزب الجمهوري حول الميزانية,0.08
الرئيس الإيراني يدين استخدام الأسلحة الكيميائية في سوريا,البحث عن استخدام مزعوم للأسلحة الكيميائية في سوريا,0.32
مجتمع يتحطم على الحواف,محاذاة التلفاز القديمة تتشقق في الحواف,0.08
الأمم المتحدة تدعو إيران إلى مؤتمر السلام السوري,الأمم المتحدة: إيران مدعوة لحضور مؤتمر السلام السوري,1.0
ارتفاع عدد القتلى في حادث الحافلة في إيطاليا,ستاربكس يفتح الطريق لدرجة جامعية للعمال,0.0
محكم كرة القدم ضرب من قبل لاعب يموت,الشرطة: حكم كرة القدم في ولاية يوتا ضرب من قبل لاعب يموت,0.84
أنجيلا ميركل تتجه للفوز الضيق في الانتخابات الألمانية,أدى رئيس مالاوي الجديد اليمين بعد انتخابات مثيرة للجدل,0.08
إسرائيل تعتقل 37 فلسطينياً بينما تستمر عملية الاعتقال,إسرائيل تنتقد موقف الفلسطينيين من المستوطنين,0.24
المتمردون يقتلون 21 مدنياً في قرية العلويين السورية,قنبلة تقتل 18 مدنياً في أفغانستان,0.24
العالم يرسل مساعدات طارئة إلى الفلبين المتضررة,إعصار هايان: العالم يرسل مساعدات إلى الفلبين المتضررة,1.0
المضربون عن الطعام الفلسطينيون والإسرائيليون يتوصلون إلى اتفاق,اعتقال ناشط فلسطيني في غارة إسرائيلية,0.24
يقول الأسد أن سوريا ستلتزم بقرار الأمم المتحدة بشأن الأسلحة,الأسد في سوريا يتعهد بالامتثال لقرار الأمم المتحدة,0.96
الرئيس الكوري الجنوبي يعتذر عن ردة فعل العبارة,رئيس كوريا الجنوبية يعتذر عن كارثة العبارة,0.92
ارتفاع أسعار المواد الغذائية يثير قلق إيران,الأمريكي كريس هورنر يفوز بجولة إسبانيا,0.0
أوباما اتخذ قراراً في اللحظة الأخيرة بشأن الموافقة على سوريا,أوباما يفكر بعمل عسكري محدود في سوريا,0.4
السائق يعود إلى عربة الأطفال مع الطفل ويغادر,السائق يعود إلى الأم، عربة مع الطفل ثم يقود بعيدا,0.8
أميرة إسبانية تشهد في قضية احتيال تاريخية,الأميرة الإسبانية تشهد في تحقيق تاريخي حول الاحتيال,1.0
مجلس الشيوخ يؤكد ترشيح أوباما لمحكمة الاستئناف الرئيسية,مجلس الشيوخ يوافق على ترشيح أوباما لمحكمة الاستئناف الرئيسية,1.0
رئيس حقوق الإنسان في الأمم المتحدة يضغط على مصر بشأن احتجاز مرسي,الأمين العام لحقوق الإنسان يضغط على مصر بشأن اعتقال مرسي,1.0
مجلس الشيوخ الأمريكي يؤكد جانيت ييلين رئيس الاحتياطي الفيدرالي الأمريكي,مجلس الشيوخ يؤكد جانيت ييلين كرئيس الاحتياطي الفيدرالي القادم,1.0
المجموعات المتمردة السورية تتقاتل في الشمال,الجماعات المتمردة السورية تقاتل بعضها البعض في الشمال,1.0
ماياواتي تطالب بحكم الرئيس في كشمير,ماياواتي تطالب بالحكم الرئاسي في جامو وكشمير,0.6
رئيس أوغندا يوقع على مشروع قانون ضد المثليين,رئيس أوغندا يوقع على قانون قاس ضد المثليين,0.8
الصخور والغاز المسيل للدموع يطيرون بينما تتصاعد الاحتجاجات التايلاندية,الصخور والغاز المسيل للدموع يطيرون أثناء احتجاجات تايلاند,1.0
المشتبه به في تفجيرات (بوسطن) دفن في (فيرجينيا),المشتبه به في تفجير بوسطن دفن في مقبرة فيرجينيا,1.0
ستة قتلى في انفجار مطعم في الفلبين,6 قتلى في انفجار مطعم في الفلبين,1.0
صحيفة الجيش الصيني تصيب برنامج PRISM الأمريكي,صحيفة الجيش الصيني تنتقد برنامج PRISM الأمريكي,1.0
سيلفيو برلسكوني طرد من البرلمان الإيطالي,سيلفيو برلسكوني طرد من البرلمان,0.8
مقتل شخصين في انفجار سيارة في البحرين,مقتل اثنين في انفجار سيارة في البحرين,1.0
روسيا تحذر من أنها سترد إذا هاجمت مصالحها في أوكرانيا,"روسيا تحذر من أنها ""سترد"" إذا تعرضت مصالحها في أوكرانيا للهجوم",1.0
إعادة محاكمة حسني مبارك تأجلت حتى 8 يونيو,إعادة محاكمة مبارك تأجلت إلى يونيو,0.8
المتظاهرون في مصر يتحدان تهديد الحكومة بإنهاء الاعتصامات,المتظاهرون في مصر يتحدان تهديد مجلس الوزراء,0.8
الزوجين يتزوجان في أول زفاف في المملكة المتحدة,"الزوجان يتزوجان في أول زفاف لـ""سيانتولوجيا"" في بريطانيا",1.0
أمير قطر يسلّم السلطة لابنه,أمير قطر يسلّم السلطة لابنه تميم,0.8
الخوف من ارتفاع عدد القتلى بسبب الإعصار في الفلبين إلى سبعة آلاف,أعداد القتلى بسبب الإعصار في الفلبين تزيد عن 5000,0.6
"مصر تستعد لـ ""جمعة الغضب"" بعد المذبحة",مصر تتأهب لجمعة الغضب بعد حملة قمع دموية,0.8
(ريد سوكس) هزموا (تايجرز) بنتيجة 5-2 ليتقدموا إلى البطولة العالمية,(ريد سوكس) هزموا (تايجرز) للوصول إلى البطولة العالمية,0.8
"الصين ترسل روبوت ""أرنب اليشم"" إلى القمر",الصين تهبط روبوت على القمر,0.8
البرلمان الأوكراني يطرد الرئيس,البرلمان الأوكراني يصوت على إقالة الرئيس,0.8
تشاجر النواب الفنزويليين وسط التوترات الانتخابية,المشرعون في فنزويلا يتشاجرون على الانتخابات,1.0
كوريا الشمالية تحذر الأجانب في الجنوب، تنصح بالإخلاء,كوريا الشمالية تحذر الأجانب في الجنوب من الإخلاء,1.0
القبض على قائد العبارة الكورية الجنوبية الغارقة,القبض على قائد العبارة الكورية الجنوبية المنقلبة,0.8
السيارات والسائقين يغرقون في النهر بعد واش. I-5 انهيار الجسر,السيارات تغرق في النهر بينما ينهار الجسر الأمريكي,0.6
عدد القتلى في سوريا تجاوز الآن 100000,عدد القتلى في سوريا أكثر من 100000 حتى الآن,1.0
المتمردون الشيوعيون يهاجمون الشرطة الفلبينية ويقتلون 7 أشخاص,المتمردون الشيوعيون يقتلون ثمانية من رجال الشرطة الفلبينيين,0.8
الرئيس المصري مرسي يواجه المحاكمة بتهمة الهروب من السجن والقتل، تقول النيابة,الرئيس المصري مرسي يواجه محاكمة لفراره من السجن,0.6
محادثات إيران النووية تدخل اليوم الثالث,المحادثات النووية الإيرانية تدخل اليوم الثالث الحاسم,1.0
الجيش التايلاندي يعلن الحكم العرفي,الجيش التايلاندي يعلن الحكم العرفي و ينفي الانقلاب,0.6
امرأة توفيت أثناء ركوب الدوارة في تكساس,ماتت امرأة ركوب الدوارة في متنزه تكساس للترفيه,0.8
الكاتبة نوبل دوريس ليسينغ توفيت في 94,وفاة الكاتبة الحائزة على جائزة نوبل دوريس ليسينج,0.8
أكثر من 100 قتيل أثناء ضرب الإعصار وسط الفلبين,100 قتيلاً على الأقل أثناء ضرب الإعصار الفلبين,1.0
أول أجهزة الصراف الآلي لبنك الادخار في مكتب البريد تفتح أبوابها في تشيناي,تم افتتاح أول ماكينة صراف آلي لبنك الادخار في مكتب البريد في الهند في تشيناي,0.8
إسرائيل توافق على وقف إطلاق النار لمدة 12 ساعة,إسرائيل توافق على هدنة غزة لمدة 24 ساعة,0.6
زلزال بقوة 6.2 ضرب إندونيسيا في سومطرة - USGS,زلزال بقوة 6.9 ضرب جزيرة إندونيسيا,0.6
الممثل البريطاني سقط حتى الموت في حادث بدلة الجناح,الممثل البريطاني يموت في حادث في جبال الألبس,0.8
ما الذي يدفع الهند للتصويت؟,ما الذي يجعل الهند تصوت؟ نقاش في مهرجان جيبور للأدب,1.0
الماس الأبيض يحطم الرقم القياسي في مزاد هونغ كونغ,الماس الأبيض يحقق رقما قياسيا بلغ 34 مليون دولار في مزاد هونغ كونغ,0.8
القمر الصناعي الصيني رصد جسم كبير في منطقة البحث,ماليزيا: القمر الصناعي الصيني يجد جسمًا في المحيط,0.6
حماس تحث حزب الله على سحب المقاتلين من سوريا,حماس تطالب حزب الله بسحب قواته من سوريا,1.0
الولايات المتحدة وروسيا تتوصلان إلى اتفاق بشأن الأسلحة الكيميائية السورية,الصين ترحب باتفاق الولايات المتحدة وروسيا بشأن الأسلحة الكيميائية السورية,0.6
ضباط الشرطة الفاشلون قالوا للمحكمة,"13:23 PSNI ""عائلات ضباط RUC الفاشلة""",0.8
أسهم أقل بعد أرباح التجزئة,المخزونات أقل بعد أرباح تجار التجزئة,1.0
طائرة مروحية للشرطة تحطمت في حانة اسكتلندية,طائرة هليكوبتر للشرطة تحطمت فوق حانة في غلاسكو,0.8
الولايات المتحدة تزيد الضغط على إسرائيل بينما تطلب الأمم المتحدة هدنة غزة,الولايات المتحدة والأمم المتحدة تضغط على إسرائيل بشأن غزة,0.8
"رئيس الوزراء الأسترالي يقول إن إشارات ""الثقة الشديدة"" تأتي من الصندوق الأسود",رئيس الوزراء الأسترالي واثق أن الأصوات من الرحلة 370,0.8
"حالة مانديلا ""تحسنت""","حالة مانديلا ""تدهورت خلال الـ 48 ساعة الماضية""",0.2
فيليب يصبح ملك بلجيكا,فيليب يصعد على عرش بلجيكا المنقسمة,0.8
حزب مكافحة الفساد في الهند يتولى المسؤولية في نيودلهي,حزب مكافحة الفساد في الهند يشكل حكومة في دلهي,0.8
إسبانيا توافق على قانون جديد تقييدي للإجهاض,الحكومة الإسبانية توافق على قيود صارمة على الإجهاض,1.0
"أوباما يأمر بالتحقيق في ""هجوم الغاز"" السوري",الأمم المتحدة تحث سوريا على تفتيش الهجوم الغازي,0.4
تم إطلاق النار على منزل السفير الألماني في أثينا,إطلاق نار على مقر سفيرا ألمانيا في أثينا,1.0
أيقونة المعارضة المعتقلة في أوكرانيا تيموشينكو تخرج حرة,رئيس المعارضة الأوكرانية يريد المزيد من الاحتجاجات,0.4
(أوكلاهوما) تفحص ما حدث في الإعدام الفاشل,(أوكلاهوما) ، السجين توفي بنوبة قلبية بعد إعدامه الفاشل,0.6
انتخاب نابوليتانو لولاية ثانية كرئيس لإيطاليا,الرئيس الإيطالي نابوليتانو ينتخب لولاية ثانية,1.0
محكمة الأمم المتحدة تدين ستة كروات من البوسنة بالفظائع,محكمة جرائم الحرب التابعة للأمم المتحدة تدين ستة كروات من البوسنة,0.8
اعتقل رجل سعودي في مطار ديترويت,اعتقال رجل سعودي يسافر بمطبخ تحت الضغط,0.8
كوريا الشمالية تقول أنها ستحاكم المواطن الأمريكي,كوريا الشمالية تقول أن السياحة الأمريكية المحتجزة ستواجه المحاكمة,1.0
احتجاجات تايلاند تتصاعد وسط أعمال عنف,المتظاهرون التايلانديون يدعون إلى إضراب عام,0.6
مصر تفرض حالة الطوارئ بعد مقتل 95 شخصا,مصر تعلن حالة الطوارئ لمدة شهر على مستوى البلاد,0.6
"المظاهرات تطالب بـ""العدالة لـ""ترايفون","في جميع أنحاء الولايات المتحدة، يتجمع الناس من أجل ""العدالة لتريفون""",0.8
الأمم المتحدة تحذر من محنة النساء والأطفال في حمص السورية,اليونيسف تطالب بالوصول الآمن والفوري للنساء والأطفال في حمص,0.6
(هايجل) ، (ديمبسي) يواجهون الكونغرس بشأن ميزانية الدفاع,"هايجل يندب على التغييرات ""السياسية"" في ميزانية الدفاع الأمريكية",0.8
شركة سوني ستبيع وحدة أجهزة الكمبيوتر وتخفيض الوظائف,سوني لتخفيض وحدة الكمبيوتر الشخصي في إصلاح كبير للأعمال التجارية,0.6
رجل يقتل أربعة في كاليفورنيا قبل أن تقتله الشرطة,الشرطة: المسلح قتل 6 في إطلاق نار كاليفورنيا,0.4
كوريا الشمالية ترحل الأمريكيين المسنين,كوريا الشمالية ترسل جندياً أمريكياً محتجزاً,0.4
قائد البحث يحث على توخي الحذر في النتائج المتعلقة بالطائرة الماليزية المفقودة,الباحثون يأملون أن تكون الرسائل من طائرة ماليزيا المفقودة,0.2
تذكّر عائلة مانديلا، حيث تم التخطيط للخدمة التذكارية في الملعب,عائلة مانديلا تشكر الأمة والعالم على الدعم,0.2
الرئيس الأوكراني يقول إنه تم التوصل لاتفاق في محادثات الأزمة,المنافسين في أوكرانيا يوقعون على اتفاق لإنهاء الأزمة,0.8
أوباما يفكر بعمل عسكري محدود في سوريا,أوباما يحث على اتخاذ إجراء عسكري ضد سوريا، لكنه سيسعى للحصول على موافقة الكونغرس,0.4
رئيس الوزراء السوري يفلت من محاولة اغتيال، يقول النظام,رئيس الوزراء السوري ينجو من محاولة اغتيال,0.8
الأردن ينتخب ليحتل مقعد السعودية في مجلس الأمن الدولي,الأردن ينتخب لمجلس الأمن الدولي الذي رفضته السعودية,0.6
مقتل 18 على الأقل في تفجير مسجد في العراق,أكثر من 60 قتيل في جنازة العراق,0.0
الشرطة تحيط بالمتظاهرين في بلفاست قبل اجتماع مجموعة الثمانية,احتجاج سلمي ضد مجموعة الثمانية في بلفاست,0.6
(جورج زيمرمان) لم يُوجد مذنباً بجريمة قتل (تريفون مارتن),حكم (جورج زيمرمان) يدفع أخبار الكابلات إلى وضع الإذاعة,0.2
تم إنقاذ عشرة من سواحل واترفورد ودبلن,تم إنقاذ ستة أشخاص بعد غرق قارب في خليج دبلن,0.6
مانديلا يقضي اليوم الثالث في المستشفى,مانديلا في المستشفى لليوم الثالث,1.0
قتيل في اشتباكات في مكتب جماعة الإخوان المسلمين بالقاهرة,مصر: المحتجون يقتحمون مقر جماعة الإخوان المسلمين,0.4
النساء السعوديات يحتجون على حظر القيادة,النساء السعوديات يقودون في احتجاج مع القليل من المشاكل,0.4
البرلمان الروسي يسمح لبوتين باستخدام الجيش في أوكرانيا,الرئيس أوباما يحذر روسيا أن تبقى خارج أوكرانيا,0.2
"تقارير إطلاق سراح مستشفى نيلسون مانديلا ""غير صحيحة""",نيلسون مانديلا يعود للمنزل بعد الإقامة في المستشفى,0.4
الأسهم العالمية ترتفع على أمل الاحتفاظ بنك الاحتياطي الفيدرالي التحفيز,من المتوقع أن يحافظ بنك الاحتياطي الفيدرالي على التحفيز,0.2
لا يوجد فائز في حرب العقوبات,تأثير العقوبات على روسيا,0.2
كأس العالم تعرض للموت في ملعب جديد,توفي عامل في ملعب كأس العالم,0.6
تاتا نانو وغيرها من السيارات الهندية الصغيرة تفشل في اختبارات التصادم,كيف تسير أرخص سيارة في العالم في اختبار التصادم؟,0.2
اليونان تتوصل إلى اتفاق مع الترويكا، شريحة الإنقاذ المتوقعة في غضون أيام,مفتشي الديون يتوصلون إلى اتفاق مع اليونان,0.6
(موراي) أنهى انتظار 77 عاماً للفوز البريطاني,(موري) يفوز بـ (ويمبلدون) و ينتهي بطولة (بريطانيا) التي استمرت 77 عاماً,1.0
تحطمت طائرة الخطوط الجوية الماليزية على الحدود بين أوكرانيا وروسيا,الولايات المتحدة: روسيا تجمع قواتها على الحدود الأوكرانية,0.0
الولايات المتحدة تحدد مدى استخدام الأسلحة الكيميائية من قبل سوريا,ما نعرفه حتى الآن عن الأسلحة الكيميائية في الحرب الأهلية السورية,0.4
الحرب السرية في باكستان,زلزال كبير جديد في جنوب غرب باكستان,0.0
بوتين الروسي يدعي السلطة لغزو أوكرانيا,الكرملين: بوتين لم يقرر بعد استخدام القوات الروسية في أوكرانيا,0.4
كبار مسؤولي الحزب الشيوعي الصيني يلتقون مع المبعوث الخاص لزعيم جمهورية كوريا الديمقراطية الشعبية,"رئيس كوريا الشمالية يرسل ""مبعوثاً خاصاً"" إلى الصين",0.6
لا تزال الاضطرابات في تركيا مستمرة على الرغم من انتهاء احتجاجات الحديقة,"رئيس الوزراء التركي أردوغان يقول ""من واجبه"" أن يأمر بقمع احتجاجات حديقة اسطنبول",0.2
البابا يدعو للعمل على تغير المناخ في مشروع الرسالة العامة,البابا يحث على اتخاذ إجراءات بشأن تغير المناخ في مشروع رسالة موسعية,1.0
أسهم سنغافورة افتتحت 0.28% أقل يوم الخميس,أسهم سنغافورة تفتح 0.19% أعلى يوم الخميس,0.4
من هو (جون الجهادي) ؟,"من كان ""جون الجهادي""؟",1.0
العناوين الرئيسية في الصحف الإيرانية الرئيسية في 4 أكتوبر,العناوين الرئيسية في العديد من الصحف الإيرانية في 19 أكتوبر,0.4
وزير العدل الأمريكي هولدر يستقيل,وزير العدل الأمريكي إريك هولدر يستقيل,0.8
الولايات المتحدة والاتحاد الأوروبي يوسعان العقوبات على روسيا,الولايات المتحدة والاتحاد الأوروبي يعززان العقوبات على روسيا,1.0
أهم الأخبار الآسيوية في الساعة 2: 30 مساءً بتوقيت جرينتش,أهم الأخبار الآسيوية 1: 25 مساءً بتوقيت جرينتش,0.2
كيف كان متوسط داو جونز الصناعي يوم الأربعاء,كيف سارت مؤشر داو جونز الصناعي يوم الاثنين,0.4
المسؤولون يتعهدون بالقيام بالحج على الرغم من انهيار الرافعة,الحج سيستمر بالرغم من انهيار الرافعة,0.8
الجمهوريون في مجلس النواب الأمريكي يختارون بول رايان كمتحدث,الجمهوريون في مجلس النواب الأمريكي ينظرون إلى ريان المتردد كمتحدث,0.6
أهم الأخبار الآسيوية في الرابعة مساءً بتوقيت جرينتش,أهم الأخبار الآسيوية الساعة 8: 39 صباحاً بتوقيت جرينتش,0.6
أسهم سنغافورة مفتوحة 0.83% أعلى يوم الأربعاء,أسهم سنغافورة انخفضت 0.06 في المئة يوم الثلاثاء,0.2
العقود الآجلة لسندات الخزانة الصينية تفتح أعلى يوم الثلاثاء,العقود الآجلة لسندات الخزانة الصينية مغلقة متباينة الأربعاء,0.2
وزير العدل الأمريكي هولدر يستقيل,المدعي العام إريك هولدر يستقيل,1.0
العناوين الرئيسية في الصحف الإيرانية الرئيسية في 27 سبتمبر,العناوين الرئيسية في العديد من الصحف الإيرانية في 19 أكتوبر,0.6
الصين في حالة تأهب قصوى بسبب إعصار كالمايجي,الصين تصدر تحذير أصفر من إعصار كالماغي,0.8
ضربات جوية بقيادة السعودية العاصمة اليمنية,غارات جوية سعودية في العاصمة اليمنية تقتل 29 شخصاً,0.6
مالي تطارد الجهاديين القتلة في الملاهي الليلية,المسلحون يهاجمون الأمم المتحدة بينما تلاحق مالي القتلة الجهاديين في الملاهي الليلية,0.6
زلزال بقوة 7.3 ضرب نيبال,زلزال بقوة 6.6 ضرب إندونيسيا,0.2
أسهم طوكيو تفتح أعلى من سوق الولايات المتحدة المزدهرة,أسهم طوكيو تفتح على ارتفاع تتبع مكاسب الولايات المتحدة,0.8
البرلمان الإيراني يدعم الاتفاق النووي,المتشددون في إيران يهاجمون الاتفاق النووي,0.2
هاواي تستعد لأول إعصار منذ 22 عاماً,هاواي تستعد لأول إعصار منذ 22 عاماً,1.0
التفجيرات في العراق تقتل 26 على الأقل,انتحاري في العراق يقتل 12 شخصاً على الأقل,0.4
سيراليون في إغلاق إيبولا,سييرا ليون تصل إلى اليوم الأخير من إغلاق إيبولا,0.6
أسهم طوكيو تفتح أعلى في سوق الولايات المتحدة المزدهرة,أسهم طوكيو تفتح أعلى بعد الأداء القوي للولايات المتحدة,0.8
أربعة قتلى والعديد من الجرحى في حادث سيارة في جنوب غرب الصين,اثنان قتلوا، سبعة عشر أصيبوا في حادث طرق رايفيند,0.0
أكثر من 3400 مهاجر تم إنقاذهم في البحر المتوسط,إنقاذ أكثر من 2000 مهاجر من قوارب خشبية في البحر الأبيض المتوسط,0.6
لويس هاميلتون يحصل على المركز الأول في سباق الجائزة الروسية,لويس هاميلتون يفوز بجائزة روسيا الكبرى الأولى,0.8
مجلس الأمن الدولي يستمع إلى المبعوث اليمني الأخير,مجلس الأمن الدولي يحث الحوثيين في اليمن على إنهاء...,0.4
القوات الإسرائيلية اعتقلت 21 فلسطينياً خلال الليل، اشتبكت مع السكان المحليين,قوات الأمن الإسرائيلية تعتقل 8 فلسطينيين في عمليات تفتيش في الضفة الغربية,0.2
أربعة قتلى وثلاثة جرحى في حادث طرق شرق الصين,مقتل شخصين وإصابة ثمانية في حادث مرور وسط إسرائيل,0.0
الأسواق على الهواء: تنتظر بيانات الصين,الأسواق حية: الصين تسحب,0.4
اشتباك بين الشرطة الإسرائيلية والفلسطينيين في المسجد الأقصى في القدس,فلسطيني أطلقت عليه الشرطة الإسرائيلية النار في القدس الشرقية توفي,0.4
الانتحاريون المشتبه بهم من بوكو حرام في نيجيريا يقتلون 24 شخصاً,"هجمات ""بوكو حرام"" تقتل العشرات في نيجيريا",0.8
نهاية احتجاجات هونغ كونغ؟,"""قلق"" المملكة المتحدة من احتجاجات هونغ كونغ",0.4
طائرات حربية روسية تضرب داخل سوريا,الروليت الروسي في سوريا,0.4
كاميرات المراقبة التلفزيونية لمسلحين في تونس يهاجمون متحف,19 قُتلوا في هجوم على متحف تونس,0.2
مدونة حية: أوكرانيا في أزمة,مدونة حية: العراق في فوضى,0.0
نيجيريا تصوت في الانتخابات الرئاسية,غينيون يذهبون إلى صناديق الاقتراع في انتخابات الرئاسة,0.4
الأمير ويليام يرتدي ملابس الساموراي في جولة في اليابان,الأمير ويليام من بريطانيا يصل إلى بكين,0.4
نائب رئيس ميكرونيزيا يزور الصين,نائب رئيس بوليفيا يزور الصين,0.4
تنظيم الدولة الإسلامية يصدر شريط فيديو لقطع رأس رهينة أمريكي,الدولة الإسلامية تنشر فيديو الدعاية الثاني لرهينة بريطانية,0.6
إيران تنهي اتفاقية التعاون مع باكستان,توقيع اتفاقية التعاون بين إيران وطاجيكستان,0.4
اختبارات المراهق سلبية للإيبولا,عامل مستشفى في تكساس إيجابي لفيروس إيبولا,0.2
تكساس تطالب باللاجئين السوريين,تركيا تستغل اللاجئين السوريين,0.2
العقوبات الأمريكية الجديدة تستهدف المهاجمين الإلكترونيين في الخارج,الصين تختلف مع برنامج العقوبات الأمريكي على المهاجمين الإلكترونيين في الخارج,0.4
5 قتلى في غارات جوية إسرائيلية على غزة,38 من مقاتلي داعش قتلوا في اشتباكات و غارات جوية في العراق,0.0
انفجار فادح في منجم الفحم في شرق أوكرانيا,12 قتيلا على الرغم من وقف إطلاق النار في شرق أوكرانيا,0.4
عدم اليقين بشأن خطة إنقاذ اليونان يؤثر على الأسواق العالمية,اليونان قلقة من الضغط على أسواق آسيا,0.6
ساعد روني مان يونايتد على هزيمة إيفرتون 3-0 في الدوري الإنجليزي الممتاز,ويست هام يضرب نيوكاسل 2-0 في الدوري الإنجليزي الممتاز,0.2
قُتل زعيم يهودي متشدد في القدس,زعيم إسرائيلي يحث على الهدوء في القدس,0.2
تحركات خلف الكواليس تتكثف مع توسيع نطاق القتال ضد الدولة الإسلامية,تقدم مختلط في الحرب ضد الدولة الإسلامية,0.4
مصر: المعهد الدولي للصحافة يحث على إطلاق سراح صحفي الجزيرة المعتقل في برلين,مصر تحكم على صحفيي الجزيرة بالسجن,0.2
الأراضي الفلسطينية المحتلة: القوات الإسرائيلية تواصل إراقة دماء الفلسطينيين في الأراضي الفلسطينية المحتلة,الأراضي الفلسطينية المحتلة: إسرائيل تحذر من الأمن مع استئناف محادثات الهدنة في غزة,0.2
ليبيا: الأمم المتحدة تأمر بالتحقيق في انتهاكات حقوق الإنسان في ليبيا,المحكمة العليا في الهند تأمر بالتحقيق في عملية احتيال الوظائف والوفيات,0.0
خفر السواحل التايواني يطلق سفن جديدة مع تصاعد التوترات في بحر الصين الجنوبي,الجيش الصيني يصل وسط التوترات في بحر الصين الجنوبي,0.4
شرطة بوروندي تطلق الغاز المسيل للدموع على المتظاهرين,شرطة الجبل الأسود تطلق الغاز المسيل للدموع لتفريق المعارضة,0.2
عدد القتلى في زلزال نيبال يتجاوز 7000,ارتفع عدد القتلى في زلزال نيبال إلى 8000,0.6
والدا (آشيا) يصلان إلى جلسة الاستماع,أبوى أشيا كينج أطلق سراحهم من السجن في إسبانيا,0.2
نيجيريا تعترف بتباطؤ الاستجابة لحالة الإيبولا,الولايات المتحدة تزيد من استجابتها لأزمة الإيبولا,0.2
الآلاف يعبرون الحدود النمساوية المجرية,آلاف الروس عالقون في الخارج,0.2
كرانجكار يترك في وقت متأخر لإنقاذ QPR ضد موسى مستوحاة ستوك,هاري كين يترك في وقت متأخر لإنقاذ نقطة لتوتنهام هوتسبير,0.0
أوسكار بيستوريوس حكم عليه بالسجن 5 سنوات,'مسؤول حسابات أوشفيتز' حكم عليه بالسجن أربع سنوات,0.0
ناشطون مؤيدون للفلسطينيين يسيرون إلى مقر الأمم المتحدة,نشطاء مؤيدون للفلسطينيين يستعدون لسفينة لكسر حصار غزة,0.4
بنزيما يواجه اتهامات محتملة في قضية شريط الجنس,(ميننديز) يواجه اتهامات فساد محتملة,0.2
جميع القتلى 224 في تحطم طائرة روسية غامضة,تم الكشف عن موجة حرارية في وقت تحطم الطائرة الروسية,0.4
الحكومة ستجري محادثات مع طلاب FTII,كاميرون سيجري محادثات مع ستيرجن حول مستقبل المملكة المتحدة,0.0
(لي نا) ستعلن تقاعدها,سيناتور الولايات المتحدة (تيد كروز) سيعلن عن ترشحه للرئاسة,0.0
أطلق المدفعيون النار لكنهم فشلوا في التقدم في دوري الأبطال,أندية الـ (إي.بي.إل) خرجت لتجنب مصائب دوري الأبطال,0.2
الرئيس الإيراني يشيد بالاتفاق النووي,إيران تعتقل عدة جواسيس بالقرب من المحطة النووية,0.2
بوكو حرام تعطل الانتخابات النيجيرية,الصحافة تغمر الانتخابات العامة في نيجيريا,0.2
كوريا الجنوبية تأسف لرفض الشمال للمحادثات,كوريا الجنوبية تبلغ عن 14 حالة وفاة بمرس و 12 حالة إصابة جديدة,0.2
تم إلغاء البحث في موقع تحطم الطائرة لليلة,جولة فرنسا بدأت للمرحلة الخامسة عشر,0.0
أوباما يسأل ترنبول حول صفقة الميناء الصينية,الثيران الإسبانية قتلت سبعة,0.0
عرض الصين السخي على 1MDB يحصد عائدات كبيرة في ماليزيا,الصين تراقب النمر الذي أطلق سراحه الرئيس الروسي,0.0
حزب الله يستهدف تنظيم القاعدة على طول الحدود مع سوريا,بيلاروس تشدد الأمن على طول الحدود مع أوكرانيا,0.0
كوريا الجنوبية تبلغ عن سبعة حالات إصابة جديدة بمرس,امرأة من كوريا الجنوبية كانت على اتصال بمرضى (ميرس) توفيت,0.2
أوباما يدعو إلى الجبهة الدولية ضد داعش,أوباما يتعهد بإنقاذ العراقيين المحاصرين على الجبال,0.0
الجيش الأمريكي يقول أنه يقوم بضربات جوية ضد داعش في سوريا والعراق,يقول المرصد إن الغارات الجوية الروسية قتلت 45 شخصاً في سوريا,0.2
من ترك ثلاث طائرات بوينغ في المطار؟,الشرطة تترك مراكزها في ليسوتو وتخشى على الأرواح,0.0
كوريا الشمالية ستحاكم مواطن أمريكي,كوريا الشمالية تعرضت لعقوبات أمريكية جديدة,0.4
مسؤولو هونغ كونغ يستأنفون العمل مع تراجع الاحتجاجات,قادة الطلاب في هونغ كونغ يبحثون في الاحتجاجات,0.4
الإيبولا في المملكة المتحدة: موظفو الخدمة الصحية الوطنية في حالة من الذعر بعد حالات الإيبولا المشتبه بها,المملكة المتحدة تقول إنها تحقق في حالة إصابة إثنين مشتبه بهم بمرس,0.0
قائد المملكة المتحدة يدعم الضربات الجوية على داعش في سوريا,لماذا تدعم قبرص حملة كاميرون الهجومية البريطانية في سوريا؟,0.2
كوريا الشمالية توافق على المحادثات مع كوريا الجنوبية,جوهور تتوج سلطانها الخامس,0.0
إيران شريك كبير ومهم لروسيا: نوفاك,إيران تؤكد دعمها للعراق وسوريا,0.0
رئيس تايوان يستأجر طائرة لإظهار الاحترام للي,الرئيس البولندي يخسر أمام منافسه,0.0
فلسطينيان يقتلان في هجمات على إسرائيليين قبل زيارة كيري,مسؤول فلسطيني ينتقد مشروع قانون إسرائيل لإلقاء الحجارة,0.0
توماس كوك متهمة بوضع التكاليف قبل العملاء,جامعة فلوريدا متهمة بالبصق على قدامى المحاربين الجرحى,0.0
"صورة ""فوتوشوب"" لرؤية نريندرا مودي لفيضانات تشيناي تنتشر على الإنترنت",رئيس الوزراء ناريندرا مودي يتحدث عن عدم التمييز والمساواة,0.0
رئيس الأمم المتحدة يرحب بالانتخابات الرئاسية السلمية في غينيا,الأمين العام للأمم المتحدة يدين الهجوم على قوات حفظ السلام في مالي,0.2
إعدامات باكستان تثير غضباً دولياً,باكستان تعترض على انتهاكات الهند لوقف إطلاق النار,0.0
اثنان من الأستراليين قتلوا في كينيا بعد تحطم الحافلة في النهر,إثنان قتلوا في حادث قطار في ألمانيا,0.0
فرنسا تغلق مسجدًا وتعتقل رجلًا في حملة قمع بعد الهجمات,تم تشديد الأمن في كنائس نيودلهي بعد الهجمات,0.4
الطائرة الروسية تحطمت في مصر,قُتل طيار طائرة أمريكية في إنجلترا,0.4
عاصفة كلوداغ تضرب بريطانيا,ميركل تتعهد بتضامن حلف شمال الأطلسي مع لاتفيا,0.0
عشرات المصريين رهائن من قبل الإرهابيين الليبيين انتقامًا من الغارات الجوية,عدد القتلى في حادث القارب المصري يرتفع مع العثور على المزيد من الجثث في النيل,0.0
الرئيس يتجه إلى البحرين,الرئيس شي: الصين ستواصل المساعدة في مكافحة الإيبولا,0.0
الصين والهند تتعهدان بتعزيز العلاقات الثنائية,الصين تحاول طمأنة تجار الأسهم القلقين,0.0
المتحدث باسم بوتين: اتهامات المنشطات لا أساس لها,آخر الأخبار عن الطقس القاسي: 1 ميت في تكساس بعد إعصار,0.0
